created_at,words
2022-01-20 13:00:00,"['木曜', '赤江', 'さん', '後輩', '冬', 'いっぱい', '滝行', 'し', '阪神', 'v', '逸', '外商', '顧客', '方', 'さすが', 'スーさん', '金', 'あっ', 'ころ', 'スー', '家', '外商', '営業', '来', 'い', '小金', 'ある', 'ウチ', '実家', '羽振り', '良い', '時', '西武百貨店', '外商', '入っ', '厚切りジェイソン', 'さん', '出で立ち', 'レオレオ', '0', '個年', '下', 'w', 'そ', 'いえ', 'レオレオ', '等身大パネル', 'どう', 'し', '厚切りジェイソン', 'さん', 'お金', '話', '面白', 'そう', '誰', '比べ', 'w']"
2022-01-20 13:01:00,"['カミさん', 'お母さん', '実家', '酒屋', '外商', '部', '着物', '買っ', 'い', 'はなし', '聞い', 'こと', 'もう', '実家', '酒屋', '他人', '渡っ', 'しまっ', '去年', '時間', '変わっ', 'なかなか', '見', 'られ', '自分', '中', '厚切りジェイソン', 'イメージ', 'えいごであそぼ', 'dr', 'ジェイソン', '親戚', 'ウチ', '初めて', '角砂糖', '見', 'ガリガリ', '齧っ', '昭和', 'スーさん', '家', 'デパート', '外商', '来', 'い', 'とんでも', 'カネ', '損し', '方法', '金融', 'リテラシー', 'ほざい', 'てる', '奴', 'ビタ一文', 'カネ', '回ら', 'よう', 'する', 'こと', '土産', '泥棒', '珠緒', 'っ', 'ち', '赤江', 'さん', 'お正月', '共演', 'し', 'ジャニーズwest', '中間', 'さん', '外商', 'カード', '持ち', 'はず', 'memo', '大丈夫', '土屋礼央', 'さん', '何', '気付い', '赤江', '珠緒', 'さん', '放送', '直前', 'ギリギリ', 'なる', '赤江', 'さん', 'ww', '愛', '一番', 'アイフル', '企業努力', '鉄', 'レオ', 'レオ', '赤江', '工場長', '木曜', '始まっ', 'もう', '最近', 'p', '瀧', '復帰', 'する', 'パートナー', 'なし', 'いい', '思う', 'よう', 'なっ', 'き', '赤江', 'さん', 'レオレオ', 'もう', '木曜日', '焦る']"
2022-01-20 13:02:00,"['tbs', '時報', 'ぷっぷっぷっ', 'ぽーん', 'ない', 'ポンコツ', 'タイマー', '今', 'い', 'こ', '厚切りジェイソン', 'さん', '朝', '見', '後戻り', '出来', '0秒', '前', '真裏', 'コロナ', '陽性', 'みたい', '流行っ', 'てる', '気', 'つけ', '結局', 'タイマー', 'まだ', '置い', 'ある', 'の', '是非', 'みんな', 'さん', '赤江', 'さん', '本音', 'ダダ漏れ', '草', 'レオ', 'レオ', '合いの手', '生意気', 'w', 'みどりくじ', 'ら', 'ー', '原稿', '連載', 'し', 'まして', 'oo', '生意気', 'っ', '生意気', 'www', '話', '腰', '折る', 'ツッコミ', '生意気', 'なっ']"
2022-01-20 13:03:00,"['生意気', 'ばあちゃん', 'リアリティー', '岡田克也', 'カモーン', 'щщ', 'カモーン', '礼央', 'さん', '大丈夫', '時報', '鳴る', '0秒', '前', 'あっ', '言い', '赤江', 'さん', '離れ', 'ベンチ', 'カバン', '中', 'ウルトラレモンジュース', '持っ', 'き', 'ちゃっ', '笑', '有楽町', '土屋', 'さん', 'たち', '休み', 'みたい', 'こちら', '元気', '何より', '生意気', 'w', '相変わらず', '一言', 'パートナー', '緊張感', '与え', 'しまう', 'パーソナリティ', '赤江珠緒', 'oa', '0秒', '前', 'by', '赤江珠緒', 'れ', 'おれ', '昨日', '紹介', 'し', 'い', 'おぼろ', 'タオル', '家族', '分', '持ち帰っ', 'もらい', 'psvr', 'psvr', '我が家', 'ある', '赤江', 'さん', 'ひど', 'ばかうけ', '笑', 'vr', '今', 'どう', 'なっ', 'てる', 'の', '0才', 'なる', '友人', '祖父', 'vr', '飛行', '操縦', '楽しん', 'でる', 'みたい', 'モノクロ', 'kindle', 'アンリミ', '読ん', 'でる']"
2022-01-20 13:04:00,"['生意気', 'w', '悪口', 'w', 'quest', '0', '話', 'いい', 'スタンドアローン', '楽しめる', 'pc', '繋い', '楽しめる', 'vr', '玉', 'さん', '好き', '言葉', 'w', 'vr', 'いえ', '山ちゃん', '笑', 'memo', '最近', 'vr', 'オキュラスクエスト', '0円', '礼央', 'さん', '原稿', '連載', 'みっ', '赤江', 'さん', '生意気', '餅つき', 'みたい', '合の手', '笑', '合いの手', '生意気', '赤江', 'さん', '男性', '喜び', 'そう', 'w', 'バーチャル', 'ー', 'ザ下', '心', '草', 'quest', '0', '出来る', 'こと', '必要', 'もの', '使い方', 'おすすめ', 'アプリ', '紹介', 'mogura', 'vr', 'vr', '実況', 'し', 'いけ', '途中', '目', '閉じ', '無言', 'なっ', 'アレ', 'クスクス', 'w', 'ザ下', '心', '男性', '喜び', 'そう', '使い方', 'レオ', 'レオ', '体験', 'w']"
2022-01-20 13:05:00,"['技術', 'エロ', '発展', 'する', 'wvr', 'av', '聞い', 'こと', 'ある', 'vr', '最前線', 'av', '馬鹿力', 'w', 'ソウイウコト', 'リスナー', 'たまちゃん', '目', '瞑っ', '馴染み', 'vr', 'meta', 'vr', '肩', '叩か', 'れる', '人', 'vrゴーグル', '酔う', '苦手', 'レオ', 'レオ', '読み', '概ね', '合っ', 'てる', '思う', 'スーパパ', '三越', 'あたり', '銀座', '近い', '大魔神', '佐木', '橫高', '外商', 'はず', '今日', '玄関', '置いてきぼり', 'せ', '無事', '赤坂', '着い', '赤江', 'さんそ', '物体', '本来', '贈呈', '主', 'レオ', 'さん', '皆さん', '物事', '化', 'する', 'の', 'いつ', 'エロ', '存在', 'し', 'レオ', 'レオ', 'パートナー', 'ハマる', '気', 'なる']"
2022-01-20 13:06:00,"['葉っぱ', '舐める', 'よう', '奇行', '誘っ', 'しまう', 'vr', 'fanza', 'vr', 'そう', 'w', '金曜日', 'w', '赤江', 'さん', 'vr', 'すっ', 'げ', 'ー', '楽しみ', 'ない', 'ん', 'アダルトvr', 'w', 'あっという間に', '染まっ', 'w', '舞台', '無人島', '奥さん', 'ふー', 'いっ', 'いっ', '怒り', '買わ', 'ー', '土屋', 'さん', 'バンダイナムコ', '出し', 'てる', 'サマーレッスン', 'やれ', 'いい', 'w', 'そろそろ', 'facebookアカウント', '無し', '使える', 'よう', 'なっ', '土屋', '妻', 'これ', '薦めよ', 'ぉぃ', '地球', 'アスファルト', '全て', '剥がれ', 'しまえ', 'ハァーッ', 'w', 'vr', 'フィットネス', 'ビートセイバー', '的', 'アスファルト', '剥がれれ', 'かね', '初期', '北の国から', 'みたい', '生活', 'すれ', 'よかろ', 'うに', '思っ', 'しまう', 'レオ', 'レオ', '奥さん', 'ちょっと', 'ヤバイ', 'w', '放送中', 'やら', 'せ', '笑お', 'w', 'vr', '珠緒', 'だー', '奥さま', 'デジタル', '染まっ', 'ひとりご', 'vr', 'フィットネス', '部屋', 'グチャグチャ']"
2022-01-20 13:07:00,"['お気楽', '何とか', '言っ', 'て', '珠', 'ちゃん', '用', '雷', '鳴る', '叫ぶ', '妻', 'いつ', '聞い', 'ステキ', 'フレーズ', '今日', 'vr', 'ラジオ', '鶴光', '師匠', '名言', 'エロ', '地球', '救う', '息子', 'switch', 'フィットボクシング', 'やっ', 'て', 'vr', 'フィットネス', '出来る', 'の', '男性', '喜び', 'そう', 'もの', '下心', 'エロ', 'オブラート', '包ん', '結局', '言っ', 'ちゃっ', 'これ', 'マイナス', '0キロ', 'ダイエット', '成功', 'し', '人', 'い', 'れ', 'おれ', '本人', 'どうか', 'し', 'てる', 'トコ', 'ある', 'パートナー', 'ある', '部分', 'ハードコア', '思想', '持ち', 'ところ', '聞く', '似', 'もの', '同士', '感じ', 'する', 'エロ', '見', 'てる', '風評被害', '草', 'playstationvr', '全然', '使わ', 'まま', '床', '転がっ', 'てる', '放送中', 'エロ']"
2022-01-20 13:08:00,"['vr', '中', '無防備', 'よね', 'w', 'quest', '0', 'psvr', 'もし', '手', '入れる', 'こと', '出来', 'ソッコー', 'dmm', '加入', 'する', 'れ', 'おれ', '赤江', 'さん', 'うち', '妻', 'タイプ', '似', 'てる', '無人島', '話', '思い出す', 'エロ', '見', 'てる', 'vr', '実況', '赤江', 'さん', 'アナウンサー', 'ちから', '試さ', 'れる', 'w', '放送中', 'エロ', '見', 'てる', '疑惑', 'グレタ', '土屋', '嫁', '聞い', '見え', 'こ', 'ラジオ', 'vr', '経営方針', 'エロ', '手', '動き', 'ツチヤレオ', '放送', '中', 'エロ', 'vr', '視聴', '疑惑', '例え', '妙', '人', '描写', '説明', 'レオ', 'レオ', 'ナニ', '見える', '違', 'w', '放送中', 'vr', 'エロ', 'w', 'ダースベイダー', '子分', 'vr', '使っ', 'メタバース', '世界', '公', '録', '夢じゃない', 'vrゴーグル', '試す', '礼央', 'さん', '赤江', 'さん', '放送', '中', 'エロ', '見', 'てる', '手', '動き', '中坊', '笑', 'vr', '下心', '堂', '言う', 'ところ', 'ちょっと', 'kr', '土屋', 'さん', '通常運行', 'lf', '土屋', 'さん', '運転見合わせ', 'スタッフ', 'vr', 'ヘッドセット', '付け', '赤江', 'さん', 'アホ', 'っぽく', '撮影', 'できる', 'よう', '待機', 'し', 'そう', 'よし', 'なさい', '放送中', 'エロ', '見る', '動き', '放送中', 'エロ', 'w', '聞け', 'vr', '体験', '見え', 'くる', '画面', '前', '見れる', 'の', '凄い', 'アイアンマン', 'みたい', '放送中', 'エロ', '見', 'いる', 'www', '赤江', 'キャスター', 'vr', '初体験', '中', 'w', '怪しい', '手', '動き', 'www', 'vr', 'エロ', '感じ', '興味', 'ある', 'ゴクリ', '我', '女', 'you', 'tube', 'たまむすび', 'チャンネル', '作っ', 'memovr', '聞け', '見え', 'くる', '実験', 'マイゲームマイライフ', '実験', '済', 'レオ', 'レオ', 'たまちゃん', 'おかず', 'しよう', 'ない', '本番前', 'たまちゃん', '体験', 'し', 'もらえ', 'よかっ', 'では', '赤江', '鉢', 'デカ', 'い前', '木曜日', '顔', 'デカイ']"
2022-01-20 13:09:00,"['ストームトルーパー', 'こと', '赤江', 'さん', 'レオ', 'レオ', '頭', 'サイズ', '差', '調節', '必須', 'レオ', 'デカ', '頭', 'w', '赤江', 'さん', '初めて', 'だいぶ', '前', 'サンジャポ', 'vr', 'やっ', 'て', 'vr', '説明', 'そ', 'ー', 'ゆ', 'ー', 'こと', '思う', 'の', 'w', '見える', 'vr', '金曜', '玉', 'さん', '最も', '必要', 'し', 'てる', 'もの', 'ソース', '年末', 'ロフトプラスワン', 'イベント', 'vrav', 'アングル', '0本', '見', '飽きる', '聞き', '放送', '革新', '的', 'ラジオ', '目指す', 'tbsラジオ', '聞い', '見え', 'こ', 'それ', 'たまむすび', 'www', 'コレ', 'ラジオ', 'やる', '企画', '手', '動き', 'エロ', '見', 'い', 'の', 'バレ', 'レオ', 'レオ', '赤江', 'さん', '頭', '小さい', 'の', 'ある', 'レオ', '氏', 'お鉢', '大き', '過ぎる', 'ん', 'やっぱり', 'oculus', '体験', 'htc', 'vive', 'ハワイ', '体験', 'し', '閉所恐怖症', '人', '無理', '実況', 'アナ', 'たまちゃん', 'エロ', '見', 'てる', '聞い', '見え', 'こ', 'いま', 'ところ', 'w', '語彙力', 'w', 'psvr', '有線', '接続', '重たい', 'スティック', '0本', '使わ', 'まとも', '遊べ', '初期', 'セット', '0本', '付い', 'て', 'の', '酷', 'すぎる']"
2022-01-20 13:10:00,"['ダースベーダー', '子分', 'w', '生活', '踊る', 'vr', 'ゲーム', '運動', 'ダイエット', 'し', 'てる', '言う', '主婦', '方い', 'エロ', '見', 'いる', '赤江', 'さん', 'w', 'えな', 'おば', 'ちゃん', 'しから', 'れる', 'w', 'ここ', 'vrゴーグル', '装着', 'し', '人', '反応', '延', 'オンエア', 'する', 'の', 'tbsラジオ', 'スタジオ', '大ウケ', 'うち', 'vrゴーグル', 'ほぼ', '映画鑑賞', '専用', 'マシーン', '化し', 'いる', 'これ', 'エロ', '見', 'いる', '手', '動き', '言う', 'w', '聞け', '見え', 'くる', 'ダースベーダー', '子分', '的', 'なっ', 'ストームトルーパー', 'ことね', 'w', 'ダースベイダー', '子分', '的', '人達', 'w', 'たまに', '起こる', '聴い', '見え', 'こ', '状況', '赤江', 'さん', '器', 'デカ', 'い', '笑', 'レオ', 'レオ', 'ラジオ', '合わ', 'コンテンツ', '好き', '放送室', '第二弾', 'ザマシン', 'www', 'いや', 'そう', 'wwwww', 'マイク', 'たたく', 'w', 'レオ', 'レオ', '赤江', 'さん', 'ハチ', '違い', '聴い', '見え', 'こ', 'たまむすび', 'www', 'ひとりご', '刺せ', '良い', 'の', '寛平', '師匠', '聴け', 'みえ', 'くる', 'よね', 'w', '鎖骨', '赤江珠緒', 'マイゲームマイライフ', 'なら', '伊集院', 'さん', 'vrav', '話', 'めっちゃ', '面白かっ', 'vr', '言え', '勝間', 'すごい', 'シャッター', '音', '聞こえる', 'なに', '聞かさ', 'れ', 'いる', 'の', 'vr', '実況', 'する', 'ジャーナ', '赤江', 'さん', '最近', '出', 'バイオ', 'ビートセイバー', '知識', 'ない', '何', '起き', 'いる', 'ん', 'さっぱり', 'ん', 'www', 'なんの', 'ラジオ', 'w']"
2022-01-20 13:11:00,"['windows', '0', 'ie', 'vr', 'よう', '機能', 'ついて', 'vr', '何', '見', 'いる', 'の', 'ねつ造', 'し', '実況', 'する', 'たまちゃん', 'すき', '白黒', 'だし', '服', '透視', 'できる', '訳', 'なし', 'どうせ', '数カ月', '後', '価格', 'もっと', '凄い', 'の', '出る', 'ん', '金持ち', '道楽', 'グッズ', 'ん', 'どう', 'いい', '聴い', 'てる', 'の', '見え', 'こ', '聞け', '見え', 'くる', '鎖骨', '久', '風紀委員', 'お願い', 'し', '笑', 'vrゴーグル', '装着', 'し', 'パーソナリティ', '放送', 'し', 'いる', 'こと', '想像', 'し', '笑える', 'めんどくさい', 'わり', '聞い', 'て', 'おもしろく', 'デジタル', '無縁', '者', '教える', 'こと', '難し', 'さ', '実感', 'できる', 'ラジオ', '何', '行わ', 'れ', 'いる', 'の', '妄想', '何', '差す', '刺す', '挿す', 'の', 'もう', '何', '何やら', 'すごい', '置いてきぼり', '感', 'なん', '放送', '赤江', 'さん', 'vr', '体験', 'タイマー', '使いこなせ', 'い', 'スタジオ', 'vr', '稼働', 'し', 'いる', 'ww', '聞い', '見え', 'こ', 'ラジオ', 'w', 'お前', 'ら', 'マイク', '前', 'しゃべれ', 'w', '久しぶり', '聴い', '見え', 'こ', '放送', 'スタッフ', 'さま', 'お手数', '動画', 'ください', 'キイテナイ', 'サイン', '笑', 'ここ', '差せ', 'いい', 'の', '以前', '聞い', 'よう', '赤江', 'さん', '言葉', 'だだっ広い', '宇宙', 'みたい', '闇', '初期', 'ころ', '比べる', '画像', '処理', '能力', '格段', '向上', 'し', 'てる', 'vr酔い', '画像', '体感', '時差', 'ある', '出る', 'もん', 'だしね']"
2022-01-20 13:12:00,"['ゴム', 'バンド', '留める', 'ところ', 'つまずか', 'くれ', 'w', 'とりあえず', 'チュートリアル', '辿り', '着く', '音楽', '流し', 'とけ', 'www', '動き回り', 'すぎ', 'wwww', '子分', '何', 'やっ', 'てる', 'ー', 'わかん', 'おお笑', '宇宙', 'みたい', '闇', '中', 'いる', '赤江', 'さん', 'vrw', 'vr', '体験', 'レオレオ', '放送中', 'エロ', '観', 'い', '赤江', 'さん', '試す', 'の', '案の定', '手こずる', '相変わらず', '聞い', '見え', '来', 'ラジオ', '向き', '事', 'ww', '何', '見え', 'こ', 'ラジオ', '闇', 'vr', '空間', '絵', '描け', 'それ', 'nft', '赤江', 'さん', '実況', '次第', '昼間', '生放送中', '礼央', 'さん', 'vr', '何', '再生', 'しよ', 'し', '決まる', '世間', '的', '昨日', '大吉', '先生', 'オープニング', 'めちゃめちゃ', '楽しく', '先生', '話し', 'いる', '情景', '目', '浮かん', '今日', '何', '見え', 'こ', 'グダグダ', '感', 'ラジオ', 'マイク', '離れる', '声', '届か', 'w', 'なんで', 'アナログ人間', 'デジタル', 'アイテム', '薦める', '設定', '段階', 'うろうろ', 'し', 'らっしゃる', 'ひとりご', 'ヨット', '0', '艘', '寛平', '師匠', '赤江', 'さん', 'もう', 'めんどくさ', 'そう', 'w', '赤', '絵', '氏', 'おばあちゃん', '感', '面白い', '聴く', '視', 'え', 'くる', 'vr', 'ラジオ', 'これ', 'テレビ番組', '始まる', '前', 'リハーサル', 'し', 'おこ', '思う', 'ラジオ番組', 'ちゃわ', 'ちゃ', '感', '楽しい', '実験', '過ぎる', '木曜', 'op', '手', '沈ん', '消え', 'w', '闇', 'ww', '暗闇', '赤江', 'さん', 'コンクリート', '全て', '剥がれ', '世界', 'いらっしゃる', '鎖骨', 'かい', 'てる', 'リスナー', '増殖', 'し', 'てる', 'コレ', 'ww', '我', '何', '聞かさ', 'れ', 'てる', 'の', '聴け', 'シチュエーションコメディ', '見え', 'くる', 'ふつう', 'ここ', '放送', '前', '準備', 'する', 'ん', 'これ', 'たまむすび', '気球', 'ヨット', '視力検査', '何', 'ラジオ', 'vr', '体験', 'する', 'の', 'やめ', 'ぃ', 'wby', 'さんま', 'ちゃん', '初めて', '歩いた', '赤ちゃん', 'みたい', 'こと', 'なっ', 'とる', 'w']"
2022-01-20 13:13:00,"['自由', 'w', '赤江', 'さん', '最新', '機器', 'どうして', '無理', 'さ', 'せる', 'こないだ', 'タイマー', '持て余し', 'て', 'もともと', '説明', '必要', 'vr', '中身', '説明', 'する', 'の', 'もっと', '至難', 'w', 'vr', '迷子', 'だだっ広い', '宇宙', 'みたい', '闇', '仕込ん', 'き', 'てる', 'つもり', 'ん', 'いかんせん', 'ラジオ', '自身', '番組', '持っ', 'てる', 'そこ', '所', '考え', 'こ', 'リスナー', '置いてきぼり', 'エロ', '闇', '聴い', '見え', 'こ', 'なん', '声', '聴き', 'とり', 'づらく', 'なる', 'ラジ', 'オ笑', '朝', 'タイム', 'フリー', '聴こ', '赤江', 'さん', '渾身', 'vr', 'レポ', 'あな', 'これ', 'ww', '0', '月', 'あたり', 'ピー', 'さん', '戻っ', '来', 'マイク', '離れ', 'いく', '様子', '伝わっ', 'くる', 'の', '好き', '見え', '仕組ま', 'れ', 'ハプニング', '寒い', 'スマホ', '連携', 'すれ', '何', '見', 'てる', '少し', 'わかる', 'w', 'おもろ', 'すぎる', '番組', 'ww', '聴け', '見え', 'くる', '反する', 'こと', 'し', 'い', 'もう', 'わけ', 'わからん', 'www', 'ひとり', '闇', '中', 'いる', '赤江', 'さん', 'vr', 'ポケモン', '出来', 'いい', 'プレイヤー', '本当に', '走ら', '移動', 'でき', '仕様', 'すれ', '運動', 'なり', 'そう', '手', '沈ん', '消え', 'wwww', 'おば', 'ー', 'ちゃーん', 'ばー', 'ちゃーん', 'ー', '何', 'やっ', 'てる', '説明', 'し', 'ー', 'し', 'てる', '笑', '手', '沈ん', '消え', 'w', 'アメリカ', 'グランドキャニオン', '結論', '生放送', 'ラジオ', 'vr', '体験', 'する', 'ぼちぼち', '放送事故', 'なる', '闇', '飲み込ま', 'れ', 'く', '草', 'やっと', 'たまむすび', 'これ', '何', 'やっ', 'て', 'w', 'コレ', '一旦', 'やめ', '準備', 'し', 'やっ', '方', 'いい', 'ん']"
2022-01-20 13:14:00,"['自分', '手', '消え', '笑', 'レオ', 'レオ', '実験', '型', 'ラジオ', '事前', 'リハ', 'し', 'おい', 'もらえ', '毎回', '毎回', 'おもしろい', '収拾', 'つか', 'こうれ', 'おれ', 'がた', 'まむすび', '持っ', 'くる', 'もの', '悉く', 'ズレ', 'いる', 'よう', '私', 'oculus', '欲しい', '悩ん', 'い', '放送', '決定', '打', '何', 'ない', 'グランドキャニオン', 'アメリカ', 'いや目', '疲れる', '何', '見え', 'こ', '赤江', 'さん', 'vr', '被せよ', 'する', 'やっぱり', '面白い', 'こと', 'なる', 'の', 'よく', 'わかっ', 'これ', '全体', '的', 'おばあちゃん', '案件', '聴い', '見え', 'こ', '今日', 'たまむすび', 'ww', '見え', 'こ', 'www', 'はいはい', '曲', 'バーチャル', '世界', '鎖骨', '掻く', '鎖骨', 'ぽりぽり', 'しながら', 'レオ', 'レオ', 'ところ', 'あきれ', 'いる', 'リスナー', 'さん', '多数', 'w', '裏', 'キラキラ', '人', 'こっち', '来', 'やっぱり', '木曜', '人', 'つまんない', '面白く', 'しよ', '必死', '分', '痛し', 'い', 'スタッフ', 'カッター', '発動', 'よし', 'めちゃくちゃ', '興味', '出て', 'きた', 'メガネ', '族', '邪魔', 'なら', 'の', 'そこ', 'ネック', 'it', '話題', 'たまむすび', 'メンバー', 'レオ', 'レオ', '一番', '畳', '0', '畳', '不思議', '感覚', 'サブ', '早く', '曲', '行け']"
2022-01-20 13:15:00,"['オミクロン', '感染', '爆発', 'し', '蔓延', '防止', '法', '稼働', 'し', 'てる', '最中', '目', '粘膜', '近い', '部分', '接触', 'する', '物', '共有', 'する', 'ダメ', '特に', '今', 'ラジオ', 'ブース', '内', 'マスク', 'し', 'てる', '環境', '赤江', 'さん', '小さい', 'お子さん', '居る', '言う', 'レオレオ', '危機意識', 'すぎ', 'いったい', '何', 'レオ', 'レオ', '曲', '紹介', '新鮮', '珠', 'アメリカ', 'アメリカ', 'グランドキャニオンレアメリカ', '息子', 'さん', 'そんなに', 'ハマっ', '視力', '影響', 'ない', 'の', '大丈夫', 'マトリックス', '0', '月', '執行猶予', '明け', '何とか', '伊豆', '土産', 'ぜひ', '木曜', 'チーム', '皆さん', 'つもり', '持っ', 'き', '赤江', '家', '皆さん', '思っ', '全て', '持っ', '帰っ', 'メインパーソナリティ', 'w', 'これ', 'w', '土屋', '家', '状況', '狼狽える', '珠緒', 'w', '老眼', '人', '良さ', 'そう', '映画館', '大き', 'さ', '見れる', 'vrゴーグル', '体験', 'ラジオ', '聞かさ', 'れ', '何', '見え', 'こ', 'w', '使い方', 'できる', '鎖骨', '礼央', '僕', '原稿', '連載', '0', 'やっ', 'まして', '珠緒', '生意気', '心', '声', 'ダダ', '洩れ', 'する', '珠緒', 'w', '安子', 'kamishiraishi', 'ill', 'be', 'there', '発見', 'し', 'いちいち', '赤', '絵', 'さん', '反応', '面白い', '先週', '礼央', 'さん', '爆弾発言', '人', 'ご飯', '食べ', 'られ', '食べ', '味覚', 'えて', 'ない', 'コロナ禍', '前', '一', '度', 'あっ', 'たまむすび', '食事', '会', '帰宅', '後', '改めて', 'ご飯', '食べ', '膨らま', 'せ', 'くれ', '方', '聞き', '例え', 'グランドキャニオン', '持っ', 'くる', 'たまちゃん', '行っ', 'こと', 'ある', 'の', '赤江', 'さん', '原稿', '読め', '状態', 'www', 'vr', '系', '0', 'd', '系', '視覚', '発達', '途中', '子供', '気', 'つけ', 'ほう', 'いい', 'マジレス']"
2022-01-20 13:16:00,"['マトリックス', 'あと', 'ちょっと', 'レオ', 'レオ', '息子', 'vr', '表示', '解像度', '上がっ', 'ちゃっ', 'てる', '脳', 'だます', '技術', '進化', 'vr', '興奮', 'し', '曲', '紹介', '怠る', 'メーン', 'パーソナリティー', 'www', 'ピン', '来', 'オープニング', '結局', '息子', '話', '聞け', '見え', 'こね', '大河', '撮影', 'し', 'てる', '紹介', 'さ', 'れ', 'なかっ', '鎖骨', '散見', 'さ', 'れる', 'tl', '笑', 'vr', 'すごーい', 'みたい', 'イメージ', '赤江', 'さん', 'いぶかし', 'ん', 'quest', '0', 'めっちゃ', 'くちゃ', 'vr', 'テレビ', 'ゴーグル', 'つけ', '人', '手探り', 'する', '画', 'なり', 'ラジオ', '体験', 'する', '人', '描写', '力任せ', 'なる', '様子', '聴く', '側', '想像', 'する', '準備', 'でき', 'いる', '分', '向い', 'いる', '段取り', '大事', '曲', '紹介', 'レオ', 'レオ', '方', '確実', 'しれ', '赤江', 'さん', '楽し', 'そう', '何', 'いい', 'レオ', 'レオ', '今日', 'op', 'トーク', '赤点', 'とりあえず', '冒頭', '0分', '間', '得', 'こと', '最近', 'vr', 'すごい', 'ポンコツ', 'すぎ', '曲', '紹介', '出来', 'memo', 'レオ', 'ぽん', '曲', '紹介', 'am', 'レオ', 'なる', '以来', '物', '全然', '分から', 'ただただ', '赤江', 'さん', 'おもしろい', 'ホント', 'キャスター', 'の', '改めて', '思う', '萌音', 'ちゃん', 'ラジオ局', '社長', '室', '映っ', '勝手', '番組', '番組', '終わら', 'せ', 'がっ', '部屋', '暴れ', '良い', 'vr', '持っ', 'き', 'レオ', 'レオ', 'vrゴーグル', '重く', '四半世紀', '前', 'ゴーグル', 'ゲーム', 'やっ', 'て', '目', '負担', '多', 'すぎ', '諦め', '思ひで']"
2022-01-20 13:17:00,"['コロ', '流行り', 'まくっ', 'てる', 'vr', '共有', '念', 'ため', '気', 'つけ', 'ー', 'ちょうど', 'たまむすび', 'かかっ', '良い', '曲', '突如', 'tl', '出没', '店頭', 'vr', '機器', '手軽', '体験', 'でき', 'ご時世', 'もん', '放送局', 'パーソナリティ', '次', 'コロナ感染', 'し', 'てる', '昨今', '今', 'やる', '企画', 'なかっ', 'レオ', 'レオ', '私', '毎日', 'バーチャル', '世界', '海外', '人', '話し', '遊ん', 'し', 'てる', '楽しい', 'ロシア', 'タイ', '中国', '時差', '国', '超え', 'リアルタイム', '遊べる', 'の', 'バーチャル', 'バーチャル', 'モニター', '欲しい', 'vr', '世界', '赤江', 'さん', '原稿', '噛ま', 'ポンコツ', 'なら', '毎週', 'やっ', 'て', 'いい', 'w', 'ドン引き', 'エピソード', 'ラジオ', '楽しめる', 'こと', 'ある', 'ん', '珠', 'ちゃん', 'どうこう', 'しよう', 'じゃなくて', '他愛', 'ない', '会話', 'スタート', 'し', 'ほしい', '拝啓', '土屋礼央', '様', 'リスナー', '意見', '参考', 'なさっ', '下さい', 'さっき', 'オープニング', 'トーク', '赤', '絵', '氏', '普通', 'アイマスク', 'し', '方', '面白く', 'なっ', 'て', '思う', 'ドラえもん', 'ひみつ道具', '例え', 'ようやく', '凄さ', '解っ', 'w', 'あれ', '現実', 'そりゃ', 'すごい', '聴い', 'て', '何', '聴こえ', 'こ', 'op']"
2022-01-20 13:18:00,"['ピー', '瀧', 'サバイバル', '知識', '思い出し', '今', '使っ', 'て', 'やつ', '商品', '知り', 'レオレオ', '教え', '昨日', 'op', '比べ', 'いけ', 'の', 'わかっ', 'てる', '聴い', '見え', 'こ', 'リスナー', '置い', 'けぼり', 'op', '聴い', '見え', 'こ', '並ぶ', 'tl', 'レオ', 'レオ', 'あと', 'エゴサ', 'する', '自由', '世界', '見える', 'そこ', 'ザッカーバーグ', 'ビルゲイツ', '所有', '空間', '奴ら', 'お釈迦様', 'なり', '礼央', 'さん', '赤江', 'さん', '一緒', '縁側', '座っ', '欲しい', 'ピー', 'さん', '戻っ', '来', 'おさん', '捨て', 'がたい', '隔週', 'レオピーレオピー', '良い', '頭', '激', '大きい', 'れ', 'おれ', 'おの', '後', '頭', '小さい', '赤江', 'さん', 'vrゴーグル', '使う', 'ブッカブカ', 'タイマー', '導入', '話', 'ギリギリ', '興味', 'ない', 'の', '見え', 'こ', 'おき', 'ゅくえ']"
2022-01-20 13:19:00,"['vr', 'やっ', 'み', 'お気楽', 'クエスト', 'の', '赤江', 'さん', 'きちんと', '言語', '化', 'し', '伝え', 'てる', 'とこ', 'すごい', '私', 'ずれ', '感じ', 'なに', '見え', 'こ', '放送', '好き', '親近感', 'わく', '一', '回', '覚え', 'られ', 'それ', 'あんた', 'ドリフ', '電車', 'コント', '車窓', 'vr', '化', 'しよ', 'レオ', 'レオ', '今日', 'オープニング', 'おおいに', '反省', 'し', 'いただき', '0分', '無駄遣い', '確か', '商品名', '覚え', 'づらい', '昔', 'ナイターオフ', 'シーズン', '放送', 'し', 'い', 'トップ', '0', '番組', '今', 'の', '負け', '劣ら', '無茶', 'こと', 'やっ', 'い', '記憶', '強い', 'の', '段取り', '一応', '決め', 'い', 'の', 'お気楽', 'クエスト', '覚える', 'いい', '赤江', 'さん', '未来', 'めがね', 'w', '明日', '赤江', 'さん', '笑', '珠', '結論', '商品名', '難し', 'すぎる', '未来', 'めがね', '変更', '着地', '決まっ']"
2022-01-20 13:20:00,"['基本', 'カタカナ', '苦手', '赤江', 'さん', '私', '今日', 'op', 'みたい', 'ワクワク', 'する', '話題', '好き', 'もっと', '準備', 'し', 'vr', '世界', '言葉', '説明', 'できる', 'よう', 'なれ', 'ラジオ', '相性', '良', 'さ', 'そう', 'ドリーム', 'サマー', 'アクセント', 'プリキュア', 'なっ', 'ちゃう', 'ゾ', '商品', '企画', '担当者', '様', '商品名', '珠', 'ちゃん', '覚え', 'られる', 'もの', 'お願い', 'し', 'ェン', 'oculus', 'quest', '予測', '変換', '出', 'き', '結構', 'メジャー', 'はず', 'みらい', 'メガネ', 'o', 'oo', '曲', '紹介', 'レオレオ', '厚', '切り', '氏', '未だ', '厚木', '住ん', 'でる', 'の', 'それ', '聴い', 'いる', '人', 'ラジオ', 'どれ', '見え', 'くる', 'よう', '伝え', 'られる', 'かさん', '呼ん', '実験', 'し', 'ほしい', '連続', 'お金', '話', '0', '木', 'メッセージ', 'テーマ', '知ら', 'うち', '進化', 'し', 'て', '未来', 'メガネ', '今日', 'テーマ', '知ら', 'うち', '進化', 'し', 'て', 'パトカー', '難しい', 'ジャンボ', '抽せん', '会', '参加者', 'い', 'そう', '珠', 'oculus', '商品名', '難し', '過ぎる', '商品名', '覚え', 'られ', 'w', 'これ', 'ar', 'れ', 'おれ', '番組', '終了', '後', 'エゴサ', 'し', 'ガッカリ', 'し', 'マジ', '反省', 'する', '今日', 'tl', '笑', '一番', 'ハードル', '商品名', '難しい', 'こと', 'ww', 'やっぱり', '土屋', '商店', '方', 'イイ', 'みらい', 'めがね', '荻上チキ', 'さん', 'エッセイ', '本', 'タイトル', 'たまちゃん', '一', '回', '覚え', 'られ', 'oculus', 'quest']"
2022-01-20 13:21:00,"['たまむすび', '見え', 'くる', '期待', 'し', 'て', 'ところ', 'ある', '昨日', '0分', '近く', '引っ張ら', 'れ', '問題', '今日', '定時', 'スタッフ', '引き取り', 'ゲーム', '類', 'vr', 'もの', '増え', 'き', '普通', 'モニター', 'デフォ', '表示', 'でき', '画角', '調整', 'どっか', '最近', 'もの', '試し', 'み', 'いい', '考え', '中', '問題', '他人', '見', 'られる', 'こと', '間抜け', 'そう', 'いえ', 'vr', '一', '度', '覗い', 'こと', 'ない', '曲', '間', 'エゴサ', 'し', '鎖骨', '多', 'さ', '反省', '最新', 'vr', '良さ', '追加', '解説', 'し', 'ww', 'トータルリコール', '世界', '来', '通販', 'コーナー', '爪切り', 'やら', 'こと', '祈る', 'ない', '今日', 'たまむすび', '0時', 'ゲスト', 'aj', 'レオレオエゴサ', 'し', '落ち込む', '今日', 'オープニング', '0円', '爪切り', '結局', 'oculusquest', '0', '買う', 'オプション', '買っ', 'ほう', 'いい', 'の', 'よく', 'わからん', 'の', '買っ', 'い', '決め手', 'ん', '未来', 'メガネ', 'ドラえもん', '道具', 'よう', 'oculus', 'quest', 'オキュラスクエスト', '赤江', 'さん', '商品名', '難しい', 'もっと', '簡単', 'たまむすび', 'たまむすび', '未来', '眼鏡', '呼ぶ', '事', '笑', '赤江', 'さん', 'vr', '関係', '商品名', '0度', '覚え', 'られ', '分かり', 'やすい', 'いい', '礼央', 'さん', '小林製薬', 'みたい', '結果', 'みらい', 'めがね', 'みらい', 'めがね', 'チキ', 'さん', '今日', 'メッセージ', 'テーマ', '知ら', 'うち', '進化', 'し', 'て', 'vr', 'バーチャル', '世界', 'リアル', 'なっ', 'い', '驚い', '工場長', 'レオ', 'レオ', '0円', '爪切り', '感動', '未来', 'メガネ', '荻上チキ', '本', '土屋', '夫人', 'デジタル', '系', '企業', '社員', 'デジタル', '自然派', 'tbsラジオ', 'たまむすび', '追っかけ再生', '中', 'そこ', '電脳', 'メガネ', 'ひとりご', '0円', '超える', '爪切り', '爪', '削り', '無く', '藁', '斬る', '日本刀', 'ちゃん', 'たま', 'ピン', 'くる', 'もん', 'oculus', 'quest', 'ネーミング', 'ダメ出し', 'する', '赤江珠緒', 'さん', 'やっぱ', '素晴らしい', '本格', '的', '瀧', '行', 'イメージ', '笑', '切る', '日本刀']"
2022-01-20 13:22:00,"['eテレ', 'テレビ欄', 'あり', 'そう', '未来', 'めがね', '須和田', '爪切り', 'いい', '今日', 'テーマ', '鎖骨', 'ぽりぽり', 'さ', 'せ', '話', 'w', 'テーマ', '知ら', 'うちに', '進化', 'し', 'て', 'コンクリート', '全て', 'め', 'くれればいいのに', '思う', '自然', '愛する', '礼央', '妻', '初めて', 'vr', '体験', '何', 'コレスゴ', 'い', 'これ', '新感覚', 'これから', 'これ', 'とど', 'ハマり', 'w', '地球', '上', 'コンクリート', '剝', 'れる', 'vr', '動画', 'あっ', 'スゲ', '喜び', 'そう', 'w', 'くそぅ', '急ぎ', '対応', '赤江', 'さん', 'vr', '初体験', '聞け', 'tf', '聞く', 'しよ', '後', '商品', 'つめきり', 'で', 'こと', '願う', 'tv', '全然', '見', '情報', '接', 'しない', 'ラジオ', 'やっ', 'くれ', '面白い', 'たまむすび', 'ならでは', '緩', 'さ', '出来る', 'ピータキパータキ', '大丈夫だよ', '今日', 'ラジオショッピング', '電動', '爪', '削り', '南斗水鳥拳', '切れ味', '誰', '永遠に', '攻略', 'でき', 'タマオクエスト', '笑']"
2022-01-20 13:23:00,"['滝行', '初代', '金曜', 'mc', 'メール', '来', 'suwada', '爪切り', '見た目', 'ちょっと', '怖い', '礼央', 'さん', '話し', 'て', 'meta', '社', 'オキュラスクエスト', '最新版', 'project', 'cambria', 'やつ', 'ハイエンドモデル', '高', 'そう', '試し', 'みたい', '家', '狭', 'すぎ', 'vr', '向', 'かな', 'そう', '赤江', 'ひとり', 'だだっ広い', '空間', '闇', '中', 'い', '唯一', '見える', 'の', '気球', '年配', 'リスナー', 'vr', '話題', '鎖骨', 'かい', 'てる', 'みたい', '0才', '以下', 'it', '強い', '人', '刺さる', '話題', '思う', 'いつまでも', '新しい', '技術', '柔軟', 'もの', '0円', '爪切り', '爪', '切る', '人', '人', '本当に', 'いる', 'ん', 'い', 'あっ', 'いけ', '方', '笑']"
2022-01-20 13:24:00,"['親方', 'ニュース', '物騒', 'vr', 'やつ', 'レンタル', 'し', 'み', '暴行', 'なんとも', '言え', 'いい', '表情', 'w', 'ラジオ', '生放送中', 'vr', 'フィットネス', '体験', 'する', 'フリ', 'し', 'エロ', '観る', '礼央', '違', 'w', '案の定', 'ちょっと', '面白い', '絵', '面', 'なっ', 'てる', '諏訪', 'なんとか', 'さん', '爪切り', '諏訪田', 'ニッパー', '私', '巻き爪', '困っ', '当時', '大学生', '時', 'バイト代', '頑張っ', '0円', 'の', '買っ', '0', '年', '愛用', 'し', '切れ味', '悪く', 'なっ', 'き', '郵送', 'メンテナンス', 'し', 'くれ', '逸品', '長峰由紀', 'アナウンサー', '0', '木', '大寒', 'メッセージ', 'テーマ', 'メッセージ', '寄せ', 'ください']"
2022-01-20 13:25:00,"['いい', '顔', 'あざ', '作っ', '死ん', 'じゃっ', '中学生', '家庭', '環境', 'テレビ', '紹介', 'さ', 'れ', 'て', 'ニュース', '読ま', 'なら', '親方', '胸の内', 'vr', 'ジェットコースター', '体験', 'し', '視覚', 'こんなに', '臨場感', 'ある', 'の', 'びっくり', 'し', 'それ', '0', '年', '以上', '前', 'こと', '今', 'もっと', '進化', 'し', 'てる', 'ん', '時点', 'どうにか', '手', '打っ', 'てれ', '子供', '助かっ']"
2022-01-20 13:26:00,"['ー', 'ー', 'もー', 'ー', 'ー', 'もー', '事', 'あっ', '助け', 'られ', 'の', 'ー', 'ー', 'もー', 'ー', 'ー', 'もー', 'ー', 'ー', 'もー', 'ー', 'ー', 'もー', '楽しさ', '優し', 'さ', '明る', 'さ', '一日', '爆笑', 'これから', '値上げ', 'アヘノミクス', '格差', '広がる', '事件', '親', '子殺し', '増える', 'ん', 'これ', '赤江', 'さん', '口', 'なんとなく', '哀愁', '感じ', '刑事責任能力', '有無', '基地', '外', '人', 'の', 'そこ', '計画', '的', '責任能力', 'ある', 'ー', 'ー', 'ー', 'ー', 'シモジマ', 'さん', 'ー', 'ー', 'もー', 'ー', 'ー', 'もー', 'ー', 'ー', 'もー', 'ー', 'ー', 'もー', 'さっき', '健康診断', '行き', 'バージョン', 'いたたまれなく', 'なる', 'よう', 'ニュース', 'ー', 'ー', 'もー', 'ー', 'ー', 'もー', 'ヤバい', 'bba', '辛い', 'ニュース', 'シモジマ', 'さん', '包ま', 'れ', 'これ', '年の瀬', '事件', 'ん', '色', '事情', 'あっ', 'の', '切ない', '映画', 'な', 'さ', 'そう', '怖い', '現実', 'ー', 'ー', 'もー', 'ー', 'ー', 'もー', 'vr', 'もー', 'なんで', '口', '開い', 'ちゃう', 'ん', 'ー', 'ー', 'もー', 'ー', 'ー', 'もー', '寒い', '寒い']"
2022-01-20 13:27:00,"['ー', 'ー', 'もー', 'ー', 'ー', 'もー', '笹子', 'つらら', '下南畑', 'もー', 'ひとりご', 'し', 'ー', 'ー', 'かし', 'ー', 'ー', '包装', '進化', 'し', 'シモジマ', 'さん', 'ツララ', '撤去', '作業', '途中', 'チャンバラ', 'なっ', 'する', 'ん', '酷い', '母親', 'ー', 'ー', 'もー', 'ー', 'ー', 'もー', 'ぶ', 'い', 'あーる', 'ー', 'ー', 'ー', 'もー', 'つつも', 'つつも', 'あたらし', 'もん', '遊び', '始める', '時間', '忘れる', 'タイマー', '時', '違い', '笑', 'ー', 'ー', 'もー', 'ー', 'ー', 'もー', '殺す', '捨て', 'あげれ', 'いい', 'クルマ', '熱中症', '死ぬ', '地獄', 'よう', '環境', '死ぬ', 'ん', '人', '子供', '殺す', 'の', '選ぶ', 'やり方', '一体', '何', 'ー', 'ー', 'もー', 'ー', 'ー', 'もー', 'エーゴサー', 'ー', 'ー', 'もー', '落ち', 'こ', 'られ', '困る', 'つらら', '松本清張', '鬼畜', '最近', 'テレビ', 'やん', '前', 'よく', 'やっ', '急', '思う', '母親', '雌', 'なっ', '子', '始末', 'し', 'ん', 'タイム', '時間', '交通情報', '警視庁', '桜井', '園子', 'さん', '本日', '包装', '完了', '見事', 'ー', 'ー', 'もー', 'ー', 'ー', 'もー', '氷柱', '撤去', 'ー', 'ー', 'もー', 'ー', 'ー', 'もー', 'ー', 'ー', 'もー', 'ー', 'ー', 'もー', '張り切り', '礼央', 'さん', 'マッタリモード', 'ー', 'ー', 'もー', 'ー', 'ー', 'もー', '東京都', '警戒レベル', '最高', '位', 'すん', '明日', '会社', '休み', 'し', 'くれ']"
2022-01-20 13:28:00,"['れ', '氏', 'もう', '頑張ら', 'ていいん', '頑張り', '空回り', 'し', 'てる', '気', 'する', 'ラジオ', '良さ', '喋り', '手', 'さん', 'ありのまま', '出', 'いる', 'ところ', '思う', 'し', 'れ', '氏', '無理', '前面', '出', 'こ', '赤江', 'さん', '普通', '話し', 'いる', '充分', '楽しい', 'ー', 'ー', 'もー', 'ー', 'ー', 'もー', 'シモジマ', 'さん', '空気', '浄化', 'ー', 'ー', 'もー', 'radiko', '組', 'もつ', 'ー', 'ー', 'もー', 'サブスク', 'ある', 'ん', 'オキュラスクエスト', '試し', 'みよ', 'オキュラス', '広告', 'っぽい', 'w', 'フェラ', '福袋', 'リメイク', '版', 'あり', 'ー', 'ー', 'もー', 'vr', 'ー', 'ぐー', 'ぐ', 'だー', 'たまむすび', 'ー', 'oculus', 'quest', 'クリード', 'ある', '笹子トンネル', '中', 'つらら', '撤去', '作業', 'の', '聞い', 'こと', 'ない', '昨夜', 'アトロク', '話題', 'なっ', '福袋']"
2022-01-20 13:29:00,"['あんどう', 'さん', 'かわいい', 'マイク', '握っ', 'お口', 'お仕事', '笑', 'ー', 'ー', 'もー', 'memo', '今日', 'ライフサポート', 'コート', '入り', '婦人', '福袋', '電動', '爪', '削り']"
2022-01-20 13:30:00,"['オキュラス', 'お気楽', 'コーディネート', 'こー', 'ぅ', 'ぅ', 'ぉつぅつぅもぉ', 'vr', '迷走', 'する', '午後', 'ほっこり', '包', '木曜日', '遅れ', '包ま', 'れ', '忙しく', '通知', '見逃し', '本人', '様', 'ざいますそうなんですねあのの', '裏話', '回', '原稿', '来る', 'の', 'ギリギリ', '時', 'あっ', 'の', '聞い', '母子', '歩ん', '一年', 'の', '思っ', 'おり', '桃屋', 'コーナー', '引き続き', '楽しみ', 'し', 'おり', 'フフィラ', '聞き', '間違い', '欲しい']"
2022-01-20 13:31:00,"['母', '熱中', '症', '時', '長男', '自力', '脱出', 'し', '失敗', 'し', '次', '失敗', 'し', 'よう', '結局', '長男', 'くん', '気持ち', 'の', '息苦しく', 'なる', 'vr', '珠緒', 'w', '大寒', '日', '包み', '頂き', '夜', '寒く', 'なり', '風邪', 'ひか', '様', '土屋礼央', 'さん曲', '紹介', 'スムーズ', 'tbsラジオ', 'たまむすび', '追っかけ再生', '中']"
2022-01-20 13:32:00,"['vrゴーグル', 'つけ', '珠', 'ちゃん', 'スナメリ', 'みたい', '顔', 'これ', '先日', 'アトロク', '紹介', 'し', 'い', 'アイテム']"
2022-01-20 13:33:00,"['vrav', '人', '気配', '感じ', 'られ', '危険', '聞い', 'こと', 'ある', 'ネイビー', 'コート', '先週', '礼央', 'さん', '必要', '笑雪', 'tbs', '車', '置い', '電車', '帰る', '軽装', '為', '寒かっ', '0', 'オフ', 'fila', '婦人', 'アパレル', '福袋', '0', 'ヘビロテ', '必至', '使い', 'やすい', '0点', 'セット', '快適', '生活', 'ライフサポート']"
2022-01-20 13:34:00,"['0', 'l', '少ないっ', 'ことは', '注文', 'し', 'てる', '廃人', 'ども', '0', '体型', 'なん', 'lll', '需要', 'ある', 'の', '詳しい', '中味', '分かり', 'fila', '福袋', '過ぎ', '中肉', 'チュニック']"
2022-01-20 13:35:00,"['紳士', '用', 'ある', 'みたい', '動き', 'やす', 'さ', 'デザイン性', '取り入れ', 'fila', '紳士', 'アパレル', '福袋', '0', '快適', '生活', 'ライフサポート', 'チュニック', 'チュニック', '車検', 'チュニック', '違', 'cm', '入ら', 'ん', 'フィラー', '詰め合わせ', '名前', '吹く', '出', 'w', '喉ちんこ', 'さん', 'ww', '今日', '間違え', '色白', 'のどちんこ', '魔', 'ドチンコ', 'さん']"
2022-01-20 13:36:00,"['届い', 'モノ', 'fila', 'hila', 'やめ', 'とけ', 'ちんこ', 'さん', 'トラップ', '回避', '色白', 'のどちんこ', '益', 'ちんこ', 'さん', 'ひさ', 'イログロ', '過去', 'やらかし', 'w', '猛烈', '吹雪', '中', '身動き', '取れ', '今すぐ', 'コート', '手', '入れ', '命', 'かかわる', '人', '欲しい', 'しれ', '色白', 'のどちんこ', 'さん', 'w', 'いろじろ', 'さん', '若い', '方', 'の', '色白', 'のどちんこ', 'さん', 'w', '色白', 'のどちんこ', 'さん', '赤江', 'さん', 'rn', '色白', 'のどちんこ', 'さん', 'あっ', '原因', '赤江', 'さん', '笑', 'ひとりご', 'のどちんこ', 'トラップ', 'クリアー', '図書館', '自動', '貸し出し', '機械', '進化', 'し', '色白', 'のどちんこ', 'さん', '再来', 'w', 'ドチンコ', '沸く', 'tl', '0', '頭', '身', 'ウエスト', '0センチ', '笑']"
2022-01-20 13:37:00,"['ひっそり', '告知', '0', '日', '日曜サンデー', '都道府県対抗駅伝', '穴埋め', '番組', '放送', '土屋礼央', '氏', '大事', '俺', 'メイン', '番組', '語る', 'カメレオンパーティー', 'nack', '0', '0', '放送', 'そちら', 'いかが', 'あと', '今日', '深夜', '半蔵門', 'tokyospeakeasy', 'コサキン', '二人', '生放送', '色白', 'のどちんこ', 'さん', 'フェラ', '色白', 'のどちんこ', '近所', '図書館', 'たしか', 'それ', 'まだ', '手', '芝居', 'cm', '流す', 'の', '事務所', 'のどちんこ', 'ドチンコ', 'さん', '違う', 'w', '色白', 'のどちんこ', 'さん', 'rn', 'さらり', '読む', '赤江', 'さん', '昨日', 'でき', '時間', 'メッセージ', '紹介', '色白', 'のどちんこ', 'さん', '別に', 'vr', '鎖骨', 'かい', 'たわけ', 'タイマー', 'いい', 'どうせ', '仕込ん', 'くる', '本人', 'もっと', 'ちゃんと', '扱える', 'よう', 'なっ', 'し', 'ほしい', '上', '赤江', 'さん', '起きる', 'ハプニング', '面白い', '色白', 'のどちんこ', 'さん', 'ww', '色白', 'のどちんこ', 'さん', '相変わらず', '素敵', 'ラジオネーム', '色白', 'のどちんこ', 'さん', 'ノック', 'しろ', 'ババァ', 'し', 'よっ', 'ラッパー', '的', '会話']"
2022-01-20 13:38:00,"['竹山', 'さん', 'これ', 'ヤバい', '空耳', 'ドチンコ', 'さん', '形', '読み取っ', '料金', '表示', 'する', 'パン屋', 'ある', '色白', 'それ', 'うらやましい', '体型', '笑']"
2022-01-20 13:39:00,"['色白', 'のどちんこ', '色白', 'のどちんこ', 'さん', 'キタ', '今日', 'ちゃんと', '言え', '色白', 'のどちんこ', 'さん', '色白', 'のどちんこ', 'さん', '物販', '情報', '番組', '史', '燦然', '輝く', 'ラジオネーム', '笑', 'ttre', 'ttre', 'さん', 'なんで', 'そう', 'なる', 'ラジオネーム', '急', '伯山', 'ラジオ', '化', 'ヌード', '最後の砦', 'いくら', '出せ', 'ok', 'memo', 'ニュース', 'たま', 'むす', 'bttreoooo', 'ボク', 'ソロプロジェクト']"
2022-01-20 13:40:00,"['人柱', '的', '豆', '柱', '的', '草', 'やっぱり', 'そこ', '緒形拳', 'さん', 'バージョン', '岩下', 'シーマ', 'コワイ', 'レオ', 'さん', '特に', '今日', 'めんどくさい', '一', '粒', '爆裂', 'さ', 'せ', '全部', '入れる', 'いい', 'の', 'それ', '有益', 'ttre', '告知', '入れ', 'くれ', 'それ', 'なんだか', 'わから', '工場長', '今日', 'たまむすび', 'オープニング', 'トーク', '聴い', 'ツイッター実況', '民', '感想', '聴い', 'みえ', 'こ', 'ほぼ', '意味', '感想', '多数', '家', '0', '年', '寝かせ', '在庫', '土屋', '家', '生活臭', 'つい', 'しまっ', 'そう', '今夜', 'すぐ', '買う', 'ポップコーン', '臭', 'プチ', '情報', '過ぎる', 'w', 'パーラ', '弾け', '終わっ', 'いく', '人', '豆', 'ww', '礼央', 'さん', '今日', '朝ごはん', 'ポップコーン', '先', 'ひと粒', 'コーン', '入れ', 'ポン', 'なっ', 'あと', '入れる', '焦げ', '以上', '礼央', 'さん', '生活', '情報', '笑']"
2022-01-20 13:41:00,"['ひとりご', '月の満ち欠け', 'サメ', '凶暴', '化', 'メガテン', 'ベイビーシャーク', '記事', 'いま', 'バック', 'かかっ', 'て', '曲', 'なに', 'トリニク', '使わ', 'れ', 'て', 'やつ', 'ジョーズ', 'オープニング', '月夜', 'ー', 'やってみよう', '森友哉', '登場曲', 'ベイビーシャーク', '珍しく', '本当に', '有益', '情報', 'レオレオ', '出', 'ポップコーン', '焦げ', 'させ', '方法', 'fila', 'モデル', 'なる', '方', '笑', '食事', 'ポップコーン', '健康的', 'どう', '一定量', '弾け', '終わる', 'もの', 'それら', '弾け', 'させよ', 'がんばる', '焦げ']"
2022-01-20 13:42:00,"['月', '満ちる', 'デブ', 'よね', '0', '豆', '仰い', '弾け', '終わっ', '行く', '人', 'いる', 'いる', 'ポップコーン', '話', '赤江', 'さん', '満月', '過剰反応', 'ﾞ', '満月', '興奮', 'する', 'の', '珠', 'ちゃん', '満月', '見る', 'あっ', 'なる', '相関関係', 'ある', '因果関係', 'ある', '言っ', 'て', 'なら', 'www', 'ポップコーン', '全部', '破裂', 'さ', 'せる', 'ナイトスクープ', 'やっ', 'て', '明るい', '浅瀬', '来', '人間', '出会す', '回数', 'やっぱり', '増える', 'ん', 'サメ', 'ニュース', 'slashdot', '扱い', 'そう', '話題', 'っぽい', '赤江', 'さん', '満月', '見る', 'あっ', 'なる', 'うち', '変身', 'する', '珠緒', 'サイヤ人', '満月', '吠える', '珠緒']"
2022-01-20 13:43:00,"['月', '満ちる', '人間', '海', '出', 'がる', 'ん', 'a', '赤江', 'さん', '言わ', 'b', '訳無い', 'スケベ', 'なんで', '視覚', '情報', '成因', '説', '否定', 'さ', 'れ', 'ん', 'そりゃ', '満月', 'なれ', '助平', 'なる', 'レオ', 'レオ', 'そう', 'ひとりご', 'たま', '満月', '狼', 'なる', '赤江', 'さん', '満月', '見る', 'とわ', 'あっ', 'なる', 'もん', '昨日', '満月', 'なる', '赤江', 'さん', '送り狼', 'なる', '笑', 'たまちゃん', 'どっか', '行っ', 'ちゃう', 'グミ', 'チーズおかき', '炙り', 'まくっ', 'い', '蓮見', 'さん', '何', '分の', '一', '情報', 'w', '引力', 'こと', '太陽', '方', '明るい', '珠緒', '満月', '見る', 'あっ', 'なる', '礼央', 'そこ', '満月', '昨日', '夫', 'おっとっと', '変', 'こと', '言う', 'の', '思っ', '月', '見', 'オーバー', 'リアクション', 'なる', '赤江', 'さん', '満月', '興奮', 'する', '珠緒', 'w', '珠', '満月', '見る', 'ハァー', 'なる', 'もん', 'レ', 'マジすか', '土屋礼央', 'ソロプロジェクト', 'ttrettretoday', 'tsuchiya', 're', 'invent', 'entertainment', 'tmrevolutiontakanori', 'makes', 'revolution', '教', '革命', '起こす', '赤江珠緒', '満月', '見', '驚く', 'レオ', 'レオ', '色恋', '方向', '満月', '見る', '興奮', 'する', '赤江', 'さん', 'w', '満月', 'なる', 'サメ', '人', '襲う', '件数', '増える', '月の満ち欠け', '生物', '影響', '及ぼす', 'ルナエフェクト', '赤江珠緒', '月に吠える', '満月', '日', '集団', '産卵', 'する', '魚', 'か放', '卵', 'する', 'サンゴ', 'ある', 'サメ', '引力', '何', '感じ', 'てる', 'の', '昼ごはん', 'ポップコーン', 'の', 'さておき', '有益', '情報', 'ありがたい']"
2022-01-20 13:44:00,"['フルムーン', '悪魔', '強く', 'なるし', '月の満ち欠け', '株価', '影響', 'する', '映画', '狼男', '満月', '見る', 'かぐや姫', '満月', '月', '帰る', '満月', '天気', '赤江', 'さん', '満月', 'コーフン', 'する', '人', 'の', '赤江', 'さん', '満月の夜', '色', 'お気', 'つけ', '赤江', 'さん', '年中', 'お気', 'つけ', '笑', 'あり', 'そう', 'ー', 'rag', 'fair', 'オラオラ', '系', '擬音語', '多い', 'キャスター', '赤江珠緒', 'w', 'ttre', '人', '有益', 'ん', 'w', '地味', 'やる', '黙っ', 'かに', 'ゃいとねぇ', 'ww', 'ハードル', '高い', '笑', '赤江', 'さん', '狼', '女', 'なのかな', '笑', '雨', '野音', 'いい', '満月', '日', '出生', '数', '増える', 'ん', 'お気', 'つけ', '沖', 'レオ', 'レオ', 'オラオラ', 'そうだ', 'w', '確か', '満月', '見る', 'ちょっと', 'ドキドキしちゃう', '後', 'むちむち', 'タイム', '岩下', 'シーマ', '車', '浮かび', '笑', '満月', 'みると', 'ぁぁっってなる', '赤江珠緒', 'さん', '素敵', '感じ', '歌', 'w']"
2022-01-20 13:45:00,"['レオ', 'レオ', '今日', 'テンション', '高い', '大丈夫', 'まさか', 'レオレオ', 'やめ', 'とけ', 'むっちん', 'オメーラ', 'w', 'ttre', 'アカウント', '告知', 'さ', 'れ', 'い', 'こと', '今', '気づき', 'レオ', 'さー', '雨', 'なる', '見', 'られる', 'オラ', 'g', 'fair', '笑', 'ひとりご', '悪天候', 'フッ', 'きれる', 'レオ', 'ぽん', 'それ', 'ヤケッパチ', 'ベイビーシャーク', 'いえ', '0', '年', '退団', 'し', '巨人', 'パーラ', 'の', '影響', 'さ', 'れ', 'い人', '引っかから', 'ん', '満月の夜', 'ナンパ', 'オラ', 'いる', 'レオ', 'レオ', '似合わ', '笑', 'レオ', 'レオ', 'punk', '系', 'シンガー', '満月の夜', '無人島', 'ヤバい', 'ペロペロ', '系', 'むちむち', 'ハウス', 'そっち', '比べ', '笑', '満月', 'ないし', '雨', '降っ', 'て', 'レオレオ', '興奮', 'しとる', 'オラオラ', '系', 'レオレオ', '嫌', '満月', '見る', 'ワァァァッ', 'なる', '珠緒', '雷', '鳴る', '叫ぶ', '礼央', '妻', 'w', 'ヶラヶラ']"
2022-01-20 13:46:00,"['満月', '大潮', 'いい', '波', '入っ', 'くる', 'の', 'むちむち', 'むちむち', 'むちむち', 'レオ', 'レオ', '壊れ', 'かけ', 'おり', 'お気', 'なさら', '桑田佳祐', 'さん', '雨', 'ライブ', '燃える', '言っ', 'て', '雨', 'ライブ', 'テンション', '悪い', 'レオ', 'さん', 'w', '宇多', 'さん', 'ぇ', 'い', 'きっと', '腰', '高さ', '高い', '笑', '何', '言い', 'こと', 'むしろ', '社会', '言う', '社長', 'よう', '満月', '日', '事故', '多い', '言う', 'やはり', '何', 'ある', 'の', '満月', 'いえ', 'ブルーツ', '派', 'サイヤ人', 'オラオラレオレオ', 'そのうち', 'せ', 'いっせい', '言い', 'そう', 'さすが', 'bgm', 'これ', '流さ', 'むちむち', 'むちむち', 'グループ', '各社', 'むちむち', 'むちむち', 'つい', 'むちむち', '官九郎', 'さん']"
2022-01-20 13:47:00,"['満月の夜', 'オラオラ', '叫ん', 'でる', 'レオ', 'レオ', '足元', '大量', 'カニ', '集まっ', '来', '面白い', 'w', '未来へ', '贈り', 'みち', '笑', 'さ', '宮藤', 'さん', '宮藤', 'さん', '先週', '鬼滅の刃', '名言集', '落差', '恍惚', '雨', '降る', 'オラオラ', '目覚める', '夫', '礼央', '雷', '鳴る', '叫ぶ', '礼央', '妻', 'w', '劇団', 'ワキ', '舐め', '計画', 'むちむ', 'チーズ', '満月', 'なる', 'サメ', '人', '襲う', '件数', '増える', '月の満ち欠け', '生物', '影響', '及ぼす', 'ルナエフェクト', '避ける', 'チーズ', 'さける', 'む', 'ー', 'ち', 'memo', '馬場典子', 'gift', 'し', 'しょうが', 'ない', 'ん', '宮藤官九郎', 'さん', '0', '日', '目', 'スーパー', '言葉']"
2022-01-20 13:48:00,"['夫婦', 'の', 'カップル', 'の', 'まめぶ', 'の', 'ケバブ', 'なのか', '違', 'あれ', 'むちむち', 'ゃった', 'すごーいっ', 'なる', 'そこ', 'リアクション', '怒り', '正当', '池袋', 'むちむち', 'パーク', 'ババ', '漏れ', '子', '変態', 'さん', '言っ', 'しょうが', 'ない', 'ん', '池袋', '物語', 'むちむち', '食お', 'イキ', 'っ', 'た人', '真似', '芝居', '人', '過ごし', '時代', '感じる', 'まだ', '残っ', 'て', 'あれ', '全部', '食べ', 'ちゃっ', 'では', '第三者', '印象', '違う', 'w']"
2022-01-20 13:49:00,"['ばーばー', 'ばー', '馬場', 'のりこ', 'しんしんしん', '深夜', '違っ', 'うち', '食事', 'いつも', 'そう', 'やっ', 'てる', 'ん', 'むちむち', 'いつも', '思う', 'vrゴーグル', 'し', 'プレイ', 'し', 'いる', '人', '見', 'てる', '芸者', '遊び', 'し', 'いる', '人', 'みたい', '見える', '連動', '宮藤', 'さん', '好き', 'アンテナ', '伸ばし', '方', '宮藤', '官九郎', 'さん', 'むちねむちむち', 'クドカン', 'さん', 'ドラマ', '頻繁', '出', 'そう', '台詞', 'www']"
2022-01-20 13:50:00,"['iwgp', '観', '警察', '親方', '的', '馬場', 'ですです', 'ゆとり', 'おもしろかっ', '月', '満ちる', 'サメ', '人間', '襲う', 'イメージ', '確か', '体重', '増える', 'ん', '先週', 'tl', '空気', '差', 'むぢぇぢぇ', 'あっ', 'op', 'トーク', '使わ', 'れ', 'そう', 'クドカン', 'エピソード', 'netflix', '0', '人', 'いる', '見つけ', '0度', '目', 'ハマっ', '吾輩は主婦である', '入れ', '欲しい', 'jj', 'ぇじぇっじぇじぇじぇっ', '満月', '合わせ', '盛り上げ', '出す', '実際', '満月', '効果', 'かん', 'ない', '月見', '先生', '聞い', 'み', 'やっぱり', '宮藤', 'さん', 'みたい', '人', '日', '人間', '観察', 'し', 'てる', 'ん', '一杯', 'たのん', 'ちょっと', '食お', '覚え', 'てる']"
2022-01-20 13:51:00,"['むちむち', '発祥', '地', '潮', '満ち', '干', '関係', 'ない', 'じぇじぇじぇ', '発祥', '地', '草', '先手', '0', '三歩', '成', 'やら', '言っ', 'て', '前言撤回', '今日', '宮藤', 'さん', 'お話', '南部', 'さん', '聞い', 'てる', 'ファミレス', '見かけ', 'ひと', '言っ', 'て', 'こと', 'セリフ', '採用', 'し', 'の', 'サメ', 'サーファー', '美味しい', '関係', 'ジュルッ', 'パクっ', 'ムシャ', 'プレハブ', '無くなっ', '碑', '吾輩は主婦である', '斎藤', 'ワキ', 'クドカン', '菊地成孔', '共通点', 'ある', 'の', '夜', '電波', '聴き', 'チリ', 'チリ', '発祥', 'むち', 'ばば', 'ちゃん', 'じぇじぇじぇ', 'むちむち', 'ラジオ', 'むちむち', '読本', 'いっぱい', 'ペロ', 'みんな', '少し', 'づつ', 'ペロペロ', 'しよう']"
2022-01-20 13:52:00,"['いま', 'ん', 'つっ', '連載', 'やっ', 'て', '長峰', 'チリ', 'ジェジェジェ', '発祥', '地', '笑', 'やっぱり', '宮藤', 'さん', 'おもしろい', 'ん', '笑', 'ゲスト', '呼ん', '色', '聞き出す', '番組', 'そりゃ', 'そう', 'ん', 'ゲスト', '良し', '悪し', 'そのまま', '番組', '良し', '悪し', 'なっ', 'てる', 'わたし', 'ペロっ', 'みたい', '言わ', 'むちむち', 'むちむち', 'むちむち', 'むちむち', 'むちむち', 'むちむち', 'むちむち', 'むちむち', 'むちむち', 'むちむち', 'むちむち', 'むちむち', 'むちむち', 'むちむち', 'むちむち', 'むちむち', 'むちむち', 'むちむち', 'むちむち', 'むちむち', 'むちむち', 'むちむち', 'むちむち', 'むちむち', 'むちむち', 'むちむち', 'むちむち', 'むちむち', 'むちむち', 'むちむち', 'むちむち', 'むちむち', 'むちむち', 'むち', 'ぇ', '増え', 'いく', 'の', 'w', 'もう', 'むちむち', 'おわっ', 'ん', 'じぇじぇじぇ', '話', '聞い', 'こと', 'なかっ', 'いつ', '頃', '岩下志麻', 'さん', '岩下', 'シーマ', '呼ぶ', 'よう', 'なり', '汗', 'memo', '久慈', '海女', 'さん', 'ジェジェジェ', '発祥', '地', '正確', 'じぇじぇじぇ', '邂逅', '碑', 'ですです', '省略', 'する', 'の', '腹立つ', '前', '宮藤', 'さん', '言っ', 'たな', '砂鉄', 'さん', '話し', 'て', '時', 'むちむち', 'むちむち', 'グループ', '各社', 'むちむち', 'お送り', 'し', 'むちむち', '顔', 'し', 'てる', '今', 'コロナ', '取り込ま', 'れ', 'て', 'の', '震災', '無し', 'バージョン', '平和', 'モード', '見', 'み', 'じぇじぇじぇ', '発祥', '地', '石碑', 'みた', 'み', 'あれ', '思っ', 'w', 'じぇじぇじぇ', '発祥', '地', 'w']"
2022-01-20 13:53:00,"['黄色い', 'ジャケット', '運動', 'クドカン', 'さん', '好き', '顔', 'クドカン', 'さん', '似', 'てる', '言わ', 'れる', 'の', '複雑', '気分', 'じぇじぇじぇ', '発祥', '地', '岩手県久慈市宇部町', '0', '地割', '0', '0', 'らこ', 'さん', 'ご飯', 'いつも', '美味し', 'そう', 'つい', '食べ', '過ぎ', 'うとか', '奇跡', '的', 'つまらな', 'さ', '誇る', '箱番組', '楽しく', '聞か', 'せ', 'くれる', 'クドカン', '流石', 'q', '型', '変態', 'ウィルス', 'チリ', 'クロン', '株', '気', 'つけ', '大喜利', '参加', 'し', '久しぶり', '時間', '帯', 'tl', 'み', 'てる', 'なんの', '大喜利', 'なんだか', 'わから', 'なっ', 'てる', 'ち', 'ペロ', 'さま', 'くせ', 'なん', '我慢', 'しろ', 'ペロペロ']"
2022-01-20 13:54:00,"['こちら', 'tl', 'むちむち', 'ちりちり', '発祥', '地', '干物', '買取', 'ギフト', '初めて', '声', '出し', '笑っ', 'むちむち', '落とし', '作業', '短い', '時間', 'ちゃんと', '面白く', 'する', '宮藤', 'さん', 'すごい', 'つらら', '落とし', '作業', 'の', 'あり', 'パッと', '例え', '出', 'の', '笑', 'もう', 'この辺', 'し', 'とき', 'じぇじぇじぇ', '発祥', '地', 'ひとりご', '暴走', 'する', '前', '深呼吸', '午後', 'どうぞ', '安全', 'm', 'm']"
2022-01-20 13:55:00,"['南部', 'さん', '聴い', 'て', 'ちょっと', '話し', 'ほしい', '馬場典子', '今週', '楽し', 'そうだ', 'なぜ', '宮藤官九郎', 'さん', '時', '半笑い', '紹介', 'する', 'ババ', 'ノリ', 'ちゃん', 'あと', '0時', 'ゲスト', '厚', '切り', 'じぇじぇじぇ', 'さん']"
2022-01-20 13:56:00,"['ラジオ', '基本', '面白い', 'ひと', '呼ぶ', '改めて', '感じる', 'の']"
2022-01-20 13:57:00,"['クドカン', 'もう', '一週', 'やっ', '欲しい', '鬼', '滅', 'づくし', 'ツラカッタヨ', 'suwada', '諏訪田', '製作所', 'つらら', '落とし', 'もろに', '氷', '属性', '敵', 'キャラ', '結構', '厄介', '技', '感', 'ある', 'ほとんど', '防御', 'でき', 'タイミング', '理不尽', '攻撃', 'さ', 'れる', 'つぶ', 'グミ', '開封', '方法', '表示', '退化', 'し', 'て']"
2022-01-20 13:58:00,"['赤江', 'さん', 'vr', '堪能', '中', '企業努力', '鉄', '土屋', '礼央', 'さん', '企業努力', '興味', '津', '紙', 'パック', '進化', '容量', '減', '宇宙船', '0', 'fw', 'つみ', 'うどん', 'さん', 'お昼', 'vr', 'ハマり', 'すぎ', 'w', 'ひとりご', 'ストロー', '穴', '真ん中', '0円', 'ガチャガチャ', 'レオ', 'レオ', '知ら', '間', '進化', 'し', 'てる', 'モヤさま', 'ds', '当て', 'てる', 'もん', '0円', 'ガチャ']"
2022-01-20 13:59:00,"['木曜', 'たまむすび', '基本', 'のっとっ', 'い', '0時', '台', 'おもしろい', '大人', 'コーナー', '穴', '位置', '角度とか', '差し込み', 'やすかっ', 'ツイッター', 'トレンド', '開く', 'n', '党', '人', 'アップ', '出', 'くる', 'の', 'むかつく', '気持ち', '悪い', '0円', 'ガチャガチャ', '価格', '帯', 'ソシャゲガチャ', '0', '連', '近づい', 'てる', 'w', 'インフレ', '高級', 'ガチャガチャ', '0円', 'どう', 'いう', 'もん', '出', '来る', 'ん', '0円', '高い', '0円', 'ガチャガチャ', 'もう', '未知', '世界', 'せ', 'ひゃく', 'えん', '諏訪田', '爪切り', '良い', '足', '爪', '巻き', 'ぎみ', '何時かは', '買い', 'vr', '怖く', '目', '閉じ', 'い', '時', '成長', 'し', 'いる', '大人', '向け', 'フィギュア', '最近', 'モヤさま', '0円', 'ガチャ', '見', '紙', 'パック', '0', '角形', 'なっ', '力', '入り', 'すぎ', '中身', '飛び出し', 'にくい', 'よう', 'なっ', '言っ', 'て']"
2022-01-20 14:00:00,"['進化', 'し', 'すぎ', '高い', 'ガチャ', 'プレミアムガシャポン', '未来', 'カー', 'むちむち', 'むちむち', 'むちむち', 'むちー', 'らじお', '聴こ', '思っ', '終わっ', 'て', 'ビックリ', '0', '月', '以降', '最近', 'ゲーセン', 'suica', 'nanaco', '払える', 'ん', 'まあ', '確か', '現代', '小銭', '入れ', 'ある', 'オートチャージ', '永久', 'やれる', '恐ろしい', 'しつこい', 'ガチャガチャ', '回さ', 'ガチャガチャ', 'ある', '紙', 'パック', '穴', '場所', '変化', '前', '不変', '見る', 'そう', 'いえ', '真ん中', 'なっ', 'てる', '高い', 'ガチャガチャ', 'これ', 'バック', 'カメラ', 'あっ', 'w', 'ゲーセン', '0円', 'ガチャガチャ', '見', 'こと', 'ある', '0円', 'どこ', 'ゲーセン', '多分', '専用', 'コイン', '買っ', 'マシン', '投入', 'し', 'スタート']"
2022-01-20 14:01:00,"['原', 'ニ', '最近', 'イモビライザー', 'pcx', '車', 'ボタン', '式', 'エンジン', '始動', '本当', 'びっくり', 'し', '冷蔵庫', '壊れ', '慌て', '買い換え', '時', '設置', '後', 'すぐ', 'コンセント', '差し', 'て', 'ビックリ', 'し', '居る', 'ん', '未来', '車', 'みたい', 'じゃなくて', '現実', '未来', '車', '今', 'あなた', '乗っ', 'てる', 'ん', '電子決済', '対応', 'し', 'ガチャガチャ', 'あり', 'モーリーファンタジー', '限定', 'オリジナル', '人', '朝', 'ラジオ', '豚', 'シモジマ', 'さん', 'ブロック', 'さ', 'れ', 'てる', '自称', 'ミュージシャン', 'ふっ', 'w', '君', 'たち', '競馬場', '競馬場', 'ない', '重賞', '勝利', '馬', 'ガチャ', 'ある', 'ん', '滝行', 'やっ', '人', '出', 'くれる']"
2022-01-20 14:02:00,"['偶に', '借りる', 'レンタカー', '解', 'ない', 'レンタカー', '屋', '当然', '思っ', 'て', '説明', 'し', 'くれ', 'っ', 'する', 'memo', 'レオ', 'コーナー', '滝', '業', 'し', '人', 'ホント', 'いる', 'ん', '宝くじ', '会場', '受験', '送迎', '滝行', 'デパート', '外商', '顧客', 'スーさん', '呼ん', 'ほしい', 'もう', 'そろそろ', '執行猶予', '明ける', '確か', 'ナタリー', '都内', '小さい', '瀧', '打た', 'れ', 'なかっ', '山伏', '今回', 'テーマ', '滝行', 'ij', '氏', 'yq', '氏', '車', 'キー', '回し', 'エンジン', 'かけ', '派', 'そのうち', 'なくなる', 'ん']"
2022-01-20 14:03:00,"['瀧', '行', '雑念', '塊', 'みたい', 'おれ', 'おも', '滝行', 'やっ', 'みる', 'の', '良い', 'ん', '滝行', '瀧', '行', '大寒', '滝行', '狙っ', 'き', 'たまむすび', 'イヤホン', '聞き', '浅草橋', '歩い', 'い', 'ちょうど', 'シモジマ', 'さん', '提供', '交通情報', '始まっ', 'ところ', '店', '差し掛かっ', 'つい', '入っ', 'しまっ', 'ピアノ', '音', '聞き', 'シール', '類', '眺め', 'ニヤニヤ', 'し', 'しまっ', 'ひとりご', '山岳', '修行', '山', '踏み', '固める', 'ため', '説', '滝行', 'した', '人', '大寒', '日', 'レオ', 'レオ', '間違い', '珠緒', '訂正', 'さすが', '山伏', '孫', '修験道', '読める', 'きとう', '中', '二', '瀧', '行', 'くり', 'びつてんぎょ', 'ー', '滝行', '時期', '限っ', 'こと', 'ん', 'だいぶ', '前', '連休', '甥っ子', '付き合っ', 'テレビ', 'み', 'て', '0', '万', '円', '分', 'ゲーセン', 'ガチャ', 'つっこん', '元', '取れる', 'の', 'みたい', 'の', 'やっ', 'た元', '取れん', 'かっ', 'よう', '気', 'する', '山の神', '様', 'チンコ', '滝行', 'ひと', 'ついに', '登場', '楽しみ', 'ついで', '高尾山', '滝行', 'し', 'いる', 'なお', 'いい', 'の']"
2022-01-20 14:04:00,"['修験道', 'しゅげん', 'どう山', '伏', '血筋', '手', '読み', '間違え', '厳しい', 'w', '滝行', '人キ', 'ターバラエティ', 'やっ', '人', '前', '試験', '時', '天候', 'トラブル', 'タクシー', '移動', 'なっ', 'ニュース', 'やっ', 'て', '日本', 'パトカー', '瀧', '行', 'そう', 'いえ', '今週', '全然', 'ー', 'ー', 'もー', '斉唱', '出来', 'て', '寒中', '禊', '違う', 'の', '瀧', '行', '宗派', 'ない', 'はず', 'ぴ', 'えーる', '瀧', '行', 'ふー', 'ー', 'さー', '瀧', '行', 'ピエール', '瀧', '人', '本当に', 'いる', 'ん', '修験道', '厳しい', '赤江', 'キャスター', '祖父', '山伏', '罰ゲーム', '滝行', 'し', 'い', 'ソシャゲ', '関係者', '放送', '見', 'こと', 'ある']"
2022-01-20 14:05:00,"['瀧', 'さん', '明け', '帰っ', '来', '瀧', 'さん', '愛さ', 'れ', 'てる', 'tl', '聞い', 'てる', '寒い', '瀧', '行', 'あふれる', 'タイムライン', '執行猶予', '期間中', '薬', '手', '出さ', '瀧', '行', '木曜日', '滝行', '滝', '瀧', 'p', '瀧', 'bgm', '落ち', 'き', 'そう', '怖い', '瀧', 'バブル', '真っ盛り', '冬', '文学座']"
2022-01-20 14:06:00,"['みんな', '瀧', '行', '連想', 'し', 'て', '草', '爆笑', '姪っ子', '入っ', 'て', 'とこ', 'bgm', '意味', 'ある', '滝', '落ち', 'てる', 'よう', '場所', '川', '水', '夏', '結構', '冷たい', 'memo', 'リスナー', 'さん', '電話', '0', '年', '前', '滝', '業', '滝', 'ボロン', '言っ', 'て', 'こと', '瀧', 'さん', 'tlwww', '日曜天国', 'おでかけ', 'リサーチ', '滝', '打た', 'れ', 'て', 'キャスター', 'さん', 'い', 'よう', '気', 'する', '楠葉', 'さん', 'ンコ', '通り', '滝行', 'ある', '護摩', '業', 'やっ', 'こと', 'ある', '人', '呼ぼ', '渡辺徹', '文学座', 'あと', '0', 'ヶ月', '位', '執行', '猶予', '開ける', 'ん', '渡辺えり', 'さん', '高畑淳子', 'さん', 'みたい', 'イメージ', '声', 'トーン', '話し方', '素人', '感', '女優', '夢', '瀧', '行']"
2022-01-20 14:07:00,"['御岳山', 'きた', '次', '中継', '企画', '御岳山', 'ぜひ', '思っ', 'たより', '大分', 'ガチ', '滝行', '草', 'やたら', '鎮魂', '行事', 'ある', '日本', '神様', 'そんなに', '怒りっぽい', 'ん', '喫茶店', 'ナジャ', '毎年', '神主', 'さん', '滝行', '風邪', '体調', '大丈夫', '滝行', '御嶽山', 'やっ', 'こと', 'ある', 'パチンコ', '負け', 'っぱなし', '運', '向く', 'やっ', 'み', 'その後', 'さらに', '負け', '滝行', 'いえ', 'ノブ', 'ナカ', 'なん', 'ん', '出て', 'ガルちゃん', '思い', '浮かぶ', 'ひとりご', '御嶽山', '0', '日間', '修行', 'イベント', '滝行', '急', 'ブランコ', '通り', '出', 'き', 'その昔', 'ハロプロ', 'アイドル', '子', 'プライベート', 'ガチ', '滝行', 'しよう', 'し', '体調', '崩し', 'ライブ', '影響', '出る', '言う', '理由', '禁止', 'さ', 'れ', '言う']"
2022-01-20 14:08:00,"['水着', '着', 'の', '情報', '多い', 'の', '遠回り', 'し', 'てる', 'の', '滝', '到達', 'する', '長い', '文学座', 'さすが', '滑舌', 'よい', 'ファラオ', 'すがる', '思い', '御嶽山', '滝行', '唱え', 'られ', 'なる', '唱える', '怖い', '怖い', '怖い', '瀧', '打た', 'れ', '教', '唱え', '続ける', '厳しい', '修行', '瀧', '行', 'き違', '寒さ', '関係', 'ない', 'ん', '唱え', 'られ', 'なる', '気', '失っ', 'てる', '事', 'д', '劇団', '所属', 'さ', 'れ', 'て', 'あっ', '話し方', 'しっかり', 'さ', 'れ', 'てる', 'www', '唱え', 'られ', 'なる', '唱え', '死ぬ', '寝る', 'やる', '滝行', 'よう', '気', 'する', 'イベント', 'なっ', 'て', 'やつ', '滝', '打た', 'れ', '神様', '名前', '唱え', 'られ', '唱える']"
2022-01-20 14:09:00,"['cbc', '若狭', 'アナ', '出', 'こ', '0', '年', '前', '文学座', '希望', '入っ', 'て', '渡辺徹', 'さん', '同期', '唱え', 'られ', 'なる', 'w', '言葉', '出せ', 'なる', '滝行', 'ひ', 'ぇ', '御嶽山', 'みたけ', 'さん', 'ん', '昨日', '水曜日のダウンタウン', 'そこ', '住ん', 'でる', '小学生', '通学', '朝', '0時', '起き', 'どう', '検証', 'し', 'て', 'ひとりご', '滝', '頭', '痛い', 'xx', 'つみ', 'うどん', 'さん', 'お昼', '読ま', 'れ', 'びっくり', 'し', 'ちゃっ', 'w', '文字数', '多い']"
2022-01-20 14:10:00,"['ガチ', '滝行', '聴い', 'て', '疲れる', 'ひと', '冷た', 'さ', '痛', 'さ', 'の', 'まだ', '劇団', '入っ', '言っ', 'て', '思う', 'コネクションフル', '動員', 'わし', 'うた', 'れる', '心筋梗塞', 'おこし', 'そう', 'それ', '意識', '遠のく', '事', '青春', '一枚', '0', '月', 'もん', 'そりゃ', '冷たい', '通り越し', '痛い', '脳内', '渡辺えり', '唱え', 'られ', 'なる', '唱える', '自分', '意思', '決める', '拷問', '修業', '境目', '自己', '判断', 'なん', '文学座', '話', '滝行', 'なっ', '願', '達成', 'さ', 'れ', 'の']"
2022-01-20 14:11:00,"['僕', 'cm', '暗唱', 'でき', 'なる', '滝', '打た', 'れ', 'cmbot', 'しない', 'ダメ', 'の', 'やり', '滝行', '言え', 'バガボンド', '滝', '打た', 'れ', 'ところ', '得', 'られる', '物', 'そんなに', 'ない', 'みたい', '発言', 'すべて', '吐き出そ', 'し', 'いる', '0歳', '頃', '滝行', '経験', 'やたら', 'ディテール', '詳しく', '説明', 'し', 'いる', '0歳', '女性', 'リスナー', 'しゃべり', '巧', 'いが', '職業', 'いったい', '何', '競馬場', 'ガチャ', 'いい加減', '整頓', 'し', '冷たい', '痛い', '勢い', '滝', '打た', 'れる', 'テレビ', '見', 'いい', 'の', '人', '滝行', 'カウント', '入る', 'ん', 'ドラゴンズ', '必勝祈願', '滝', 'うた', 'れ', '天然', '池', '落ち', 'し', 'てる', 'アナウンサー', 'さん', 'w', '色', '知り合い', '多い', 'リスナー', 'さん', '荒行', 'ん', '面白い', 'お話', 'オチ', 'なく', 'ただただ', '話', '長い', '心筋梗塞', '起こす', '人', '体調不良', 'ない', '0', '日間', '喋る', 'なっ', '言わ', 'れ', 'て', '今', 'すごい', '喋る', 'よう', 'なら', 'れ', 'ん', '人', '遮ら', 'れ', 'ちゃっ', '珠', 'ちゃん', '常連', '人', 'の', '感想', '全て', '小悪魔', 'やり返さ', 'れる', '瀧', 'さん', '笑']"
2022-01-20 14:12:00,"['それだけ', 'やっ', 'てれ', '女優', 'なっ', 'て', '欲しい', 'ところ', 'やっぱ', 'キツ', 'い', 'やら', '二度と', 'やり', '力強く', '断言', 'ひとりご', '文学座', '青年座', '受かっ', 'ツララ', '温泉', '大浴場', '打たせ湯', '滝', 'あっ', '頭', '上', 'ボコボコ', '殴ら', 'れる', '感じ', '笑', 'そんなに', '高さ', 'なく', '水圧', 'それ', '電話', '話し声', '今', 'リスナー', 'さん', '中', '一番', '聞き', 'やすい', 'www', '髪の毛', 'つらら', 'なる', 'ひ', 'ぇ', '願', '叶っ', '役者', '続け', '風呂', '沸かし', 'もらっ', 'の', 'どっち', '入っ', 'ん', 'なぜ', '辞め', 'ん', '昨日', 'たまむすび', '昼間', '聴き', '始め', 'どんどん', 'かぶせ', 'くる', '祓戸大神', 'ん', '小説', '見', '覚え', 'ある', '女優', 'なっ', '聞い', 'てる', '具合', '悪く', 'なる', 'お客さん', '神主', '嫁', 'よく', '滝行', '勧め', 'wwwww', '誘う', 'ノリ', '軽', 'すぎ', 'www', 'ハードコア', '滝行', '経験', '者', '未成年', '女子', 'いま', '0', '月', '朝', '0時', '滝行', 'やる', '言っ', '虐待', 'なる', '止め', 'られる', 'の', '圧', '強い', '人', '初めて', '聴い', '寒中', '稽古', '大寒', '今日', '多い', 'なん', '朝ドラ', '出', 'き', 'そう', '客', '同士', '仲良', 'すぎる', '喫茶店']"
2022-01-20 14:13:00,"['0', '日間', '黙っ', 'た分', 'いま', '喋っ', 'てる', '神主', 'かん', 'むし', 'ひとりご', 'もしかして', 'クジラ', 'さん', '今', '何', '活躍', 'さ', 'れ', 'てる', '人', '滝行', '文学座', '青年座', '合格', '滝行', 'サウナ', '祓戸', '大神宮', '崎', 'イザナギ', '禊', 'し', 'とこ', 'ガチ勢', 'pltk', '法螺貝', '人', '若い', '頃', 'なかなか', '体験', 'なる', '加', '齢', 'し', 'ここ', '本家', 'ピー', '瀧', 'p', '瀧', '名前', '出', 'ー', '時', 'ほら貝', '山伏', '方', '山伏', 'さん', 'キタ', 'や', '文学座', '研修', 'やつ', '入っ', 'まんま', '文学座', '面倒', '見', 'くれる', 'わけ', '木村', 'みどり', 'こ', '系', '滝', '瀧', '瀧', 'さん', '聞い', 'てる', '内臓', '悪く', 'し', 'そう', 'みんな', '話題', 'する', 'p', '瀧', '関連', '人', '執行猶予中', '人名', '瀧', '行', '頃', '声', '聴く', '岩井志麻子', 'さん', '0時', '夢中', '木曜', 'コメンテーター', '似', 'てる', '滝行', '過酷', 'すぎる', '方', '語り口', 'とても', '好き', '馬場', 'さん', '違']"
2022-01-20 14:14:00,"['法螺貝', '文学座', '青年座', '両方', '合格', 'それ', '立派', '冬', '滝行', '帰っ', '後', '風呂', '極楽', 'サウナ', '冷水', '浴', '裏返し', 'よう', 'もん', '法螺貝', '方', '法螺貝', '山伏', 'さん', '再び', '来', 'キムラ緑子', 'さん', 'memo', '法螺貝', '入っ', 'リスナー', 'さん', 'タキ', '縁', 'ある', 'みたい', '法螺貝', 'では', 'よこちゃん', 'エア', '法螺貝', 'w', '馬場典子', 'さん', 'ありません', '多分', '事', 'ある', '毎', '滝', '打た', 'れ', 'てる', 'イメージ', '電気', 'わし', '寒さ', '多分', '痔', '飛び出す', 'キター', '山伏', 'いつか', '0', '年', '前', 'まじ', 'つらい', 'これ', '命', 'かかわり', 'そう', '瀧', '滝行', 'ピエール瀧', '滝行', 'w', '法螺貝', 'なぜだか', 'こう', '笑っ', 'ちゃう', 'ん', 'ドリフ', '別', '意味', '瀧', '行', '法螺貝', 'なつい', 'p', '瀧', 'なつい', '瀧', '行', 'し', '人', '来', 'ピエール瀧', 'さん', '時', 'スタジオ', '来', 'くれ', '山伏', 'さん', '電話', 'つながる', 'ホラ貝', '寒', '修行', '時期', '講', 'さすが', '赤江', 'さん', '詳しい']"
2022-01-20 14:15:00,"['法螺貝', '吹い', '本業', '方', '電話', '登場', 'たまむすび', '通算', '0回目', '瀧', '行', 'ラジオ番組', 'ほら貝', '定期的', 'ブーム', 'なる', 'レオ', 'レオ', 'ほら貝', 'あっち', '局', 'ゲスト', '来', 'もらい', '滝行', '凄さ', '0歳', '滑舌', '良さ', 'びっくり', 'し', '一人', '目', '一般人', '喋り', '二人', '目', '方位', '普通', '本物', '法螺貝', 'そうそう', '正式', '団', '員', 'なれる', 'の', '年', '数人', '0', '人', '目', 'リスナー', 'さん', '終始', '高畑淳子', 'さん', '顔', '脳内再生', 'し', 'て', 'www', '滝', '瀧', '縁', 'ある', 'し', 'なさい', '馬場典子', '笑', '馬場典子', 'ハマる', '法螺貝', '赤江', '瀧', '吹い', 'み', '0', '年', '0', '月', '0', '日', 'エキサイトニュース', 'ほら貝', '山伏', 'さん', '極限', '滝行', '滝行', '亡くなっ', '方', '居る', 'の', 'みんな大好き', 'p', '瀧', 'ひとりご', 'もはや', '滝', '壺', '方', '温かい', '痛い', 'ん', '瀧', '氏', '謝罪', 'ちょっと', '瀧', '打た', 'れ', 'もらっ', '復帰', 'し', '貰お', 'w']"
2022-01-20 14:16:00,"['講', 'こと', '0時', '参加', 'さ', 'せ', '頂い', 'い', '赤江珠緒', 'さん', '土屋礼央', 'さん', 'よろしく', 'お願い', 'いたし', '法螺貝', '聞い', 'それ', '法螺貝', '言っ', '礼央', 'さん', '脳裏', '絶対', 'ちゃん', 'エア', '法螺貝', 'よぎっ', 'い', 'はず', 'よこちゃん', 'やつ', 'もう', '一つ', '独立', 'し', 'た芸', '本物', '法螺貝', '切り離し', '考え', 'w', 'よこちゃん', '回復', 'し', '講', '言っ', 'コミュニティ', '般若心経', '全文', '短い', '国立', 'あっ', '純喫茶', 'ナジャ', 'たまむすび', 'ホラ貝', '山伏', '検索', 'する', '馬場典子', 'さん', '出', '来る', '笑', 'いつも', '佐木', 'よこちゃん', 'エア', 'ホラ貝', '聞い', 'て', 'おれ', '本物', 'ホラ貝', '聞く', 'ピー', '瀧', 'らじお', '終わる', '前', '出れ', '良い', 'の', '要は', '水', '呼吸', '修行', '栃木市出流町', 'ある', 'パワースポット', '坂東', '三', '十', '三観音第十七番札所真言宗智山派出流山満願寺滝行']"
2022-01-20 14:17:00,"['聞き', 'やすい', '話し方', '人', 'ホッ', 'し', 'いる', '凍傷', '大丈夫', '滝', '中', '外', '気温', '低い', '状態', '足', '浸かっ', 'て', '待っ', 'てる', '方', 'キツイ', '0', '年', 'もう', '聴い', 'てる', '時期', 'なぜ', '水', '入り', '方', '気', 'なる', '赤江', 'さん', '私', '一生', '滝行', '縁', 'なく', 'いい', '寒中水泳', '滝行', 'スカイダイビング', 'どちら', '選べ', '言わ', 'れ', 'スカイダイビング', '選ぶ', '個人的', 'むしろ', 'スカイダイビング', 'やれる', 'もん', 'やっ', 'み', '思っ', 'はいる', 'レオ', 'レオ', '言う', '時間', '客観', '的', '時間', '修行', '者', '時間', '主観', '的', 'もの', '滝行', '山伏', '救急搬送', 'さ', 'れる', 'こと', 'ある', '心臓', '止まる', 'ん', 'ちゃう', 'かって', '冷た', 'さ']"
2022-01-20 14:18:00,"['やっぱり', '救急搬送', 'さ', 'れる', '人', 'いる', 'ん', '軽い', '気持ち', 'やる', '救急', '沙汰', 'なる', 'やっぱり', 'やめ', 'おき', 'ぇじぇじえならぬ', '役行者', '生誕', '伝承', '地', 'ひとりご', 'やっぱり', '危険', '夏', 'オススメ', '初心者', '向け', '滝', 'ワード', '中', 'よね', '風呂', '入っ', '気持ちいい', 'はまちゃん', '配慮', 'さ', 'れ', 'て', 'ん', '本当に', '凍傷', '寸前', '行く', '神経', '悲鳴', '上げる', '風呂', '辛い', '夏', '滝行', 'ある', 'ん', '夏', 'むしろ', '浴び', '法螺貝', 'かわり', 'w', '気持ちよかっ', '修行', 'なら', 'みなさ', 'れる', '思う', '素人', '夏', '初心者', '向け', '滝', 'やれ', 'カッコイイ', '法螺貝', '方', '電話', '口', 'ほら貝', '吹く', 'ほら貝', 'w', '山伏', '副業', 'の', '冬場', '風呂', '場', '寒さ', 'ヒィヒィ', '言っ', 'てる', 'いい', '滝行', '無縁', '生き', 'いき', '初心者', '向け', '滝', 'p', '瀧', '行', '山伏', '兼業', 'できる', 'の']"
2022-01-20 14:19:00,"['山伏', '何', 'する', '人', '本物', 'やはり', 'いい', '音', 'w', '法螺貝', 'かわり', '整う', 'こと', '違う', '優しい', '声', '凍傷', 'じゃなくて', '低体温症', 'なる', '方', 'ヤバい', '冬', '滝行', '凍傷', '氷点下', '環境', 'なる', '水中', 'むしろ', 'なり', 'にくい', 'れ', 'おさん', 'ホラ貝', 'アンコール', 'お願い', 'し', 'て', 'ナイス', 'やっぱり', '御嶽山', '御岳山', '二人', '目', '滝行', '一生', 'やら', '良い', 'スーさん', '美香', 'さん', '般若心経', '滝行', 'しながら', '唱え', 'ほ', '法螺貝', '良い', '音', '笑', 'memo', '0', '年', '前', '滝', '業', 'し', 'リスナー', 'さん', '御嶽山', '戻っ', 'こーい', '瀧', 'さん', '指示', '滝行', 'やらさ', 'れ', '人', '動画', 'あっ', 'w', '滝', 'w', '行っ', '滝', '行っ', '滝', '草']"
2022-01-20 14:20:00,"['ほら貝', '言え', '年末', '流れる', '祈り', 'お山', '高尾山', 'cm', 'cm', 'やら', 'なっちゃった', '救急搬送', 'さ', 'れ', '人', 'いる', 'やはり', '声音', '厳しい', '感じ', '山伏', '個人事業主', 'とりあえず', '海', '水垢離', '始めよ', '夏場', '海水浴', 'w', '行っ', '先', '滝', 'w', 'なぜ', '他人', 'vr', '顔', 'こう', '無防備', 'なのか', 'w', '雪', '見', '入る', 'の', '温泉', 'いい', '的', 'ホラ貝', '言え', 'さん', '監督', 'っ']"
2022-01-20 14:21:00,"['本物', 'ほら貝', '耳', '焼き付ける', 'レオ', 'レオ', 'ww', '四月', 'まだ', '雪', 'ある', '最後', '普通', '感覚', '方', '来', 'w', '聞い', 'てる', '心臓発作', '起こり', 'そう']"
2022-01-20 14:22:00,"['雪解け', '水', '滝行', '滝', '雪解け', '水', '0', '年', 'ひとりご', '雪', '融け', '水', '滝', '業', 'ﾟロﾟ', '今年', 'まだ', '旧正月', '来', 'て', '0', '月', '0', '日', '0', '月', '0', '日', '滝行', '挑戦', '中澤有美子', 'オフィシャルブログ', 'yuminarie', 'ゆみ', 'ナリ', '身', '凍る', '雪解け', '水', '滝行', '行っ', '先', '滝', 'ウケる', 'p', '瀧', '見る', 'し', 'おく', '故郷', '山', '確か', '滝行', 'やっ', 'なっ', '検索', 'し', 'あっ', '滝行', '山', '修行', '込み', 'ここ', '役行者', 'ゆかり', '霊山', '雪解け', '水', '瀧', '行', 'w', '滝', '眺めよ', '正直', '方', '何', '吹っ飛ん', 'w', '本格', '的', '滝行', 'し', 'こと', 'ある', '人', '出演', 'いただい', '0', '名', '皆さん', '赤江', 'まとめ', '滝', '眺めよ', '滝', '眺めよ', 'うっ', 'w']"
2022-01-20 14:23:00,"['礼央', 'さん', '今日', 'ひとこと', '赤江', 'さん', '滝', '眺めよ', '経験', 'できる', '一', '度', 'やっ', 'みたい', '滝行', '実感', 'こもる', 'リスナー', 'さん', 'お話', 'ひとりご', 'タキ', '眺めよ', '滝行', 'いう', 'thetime', '中継', 'おなじみ', 'おしゃべり', 'メガネ', 'cbc', '若狭', 'アナ', 'そこ', '瀧', '滝', '注意', '締め', '雪解け', '水', '滝行', '志願', 'し', '人', '本職', '巻き込ま', 'れ', '人', 'w', 'バラエティ', '豊か', '瀧', '眺めよ', '出', '味噌汁', '来週', '土屋', 'さん', '滝', '生中継', '滝行', 'し', '人', '0', '人', '聴い', 'いる', 'ラジオ', 'ある意味', 'すごい', '眺め', 'よっ', 'wwww', 'ゲーム', '中', '赤江', '滝', '眺め', 'よっ', 'プロ野球選手', '滝行', '画像', 'bot']"
2022-01-20 14:24:00,"['レオ', 'レオ', '0', '個', '生意気', '夏', '気持ちよ', 'さ', 'そう', 'w', '笑っ', 'ちゃう', '雪解け', '水冷', 'ん', 'ミッチー', '呼ぼ', 'ミッチー', '聞い', 'てる', '体', '冷え', 'き', 'ちゃう', 'これぞ', '聞け', '見え', 'くる', '高校', '球児好児', '赤江珠緒', 'さん', 'vr', '滝行', 'にし', 'きなされ', '一般', 'レベル', 'チョコ', '0', '個', 'すん', 'ごい', '滝行', '話', 'おもしろかっ', 'w', '聞い', 'てる', 'さ', 'ー', 'これ', '夏', 'レオレオ', '滝行', '中継', '一般人', 'バレンタイン', 'チョコ', '0', 'コ', '貰う', '人', 'いる', 'スポーツ選手', '一般人', '0', '個']"
2022-01-20 14:25:00,"['赤江', 'さん', '滝', '眺めよ', '賛成', 'パトカー', '送っ', 'もらっ', 'こと', 'ある', '人', '瀧', 'さん', 'いける', 'memo', 'チョコ', '0', '個', '以上', '0回', 'レオ', 'ぽん', '場', 'い', '聞い', 'て', '突っ込ん', 'しまい', 'そう', 'なる', 'レオレオ', '発', '言笑', '大塩平八郎', '味噌汁', 'さん', '高尾山', '経験', 'でき', '瀧', '眺める', 'もの', 'w', 'れ', 'おれ', '職業', '柄', 'チョコ', 'もらう', 'ん', 'ww', 'v', '0', '深夜', '番組', '満願寺', '滝行', 'やっ', 'て', 't', 'トラック', 'もらっ', '人', 'かい', 'すごい', '笑', 'チョコ', '0', '個', 'ファンクラブ', 'ある', 'レベル']"
2022-01-20 14:26:00,"['滝行', 'する', '結果', 'テッパン', 'エピソードトーク', '出来る', '瀧', '業', '聴き', '仕事', 'し', 'てる', '漫画家', 'ジェネリック', 'miwa', 'みたい']"
2022-01-20 14:27:00,"['女子校', 'イケメンポジ', '人', '結構', '貰え', 'そう', '女子', '同士', '方', 'あげ', 'やすい', '食べる', '専', '十', '数', '個', '貰っ', 'て', '奴', 'これ', '系', '歌', '歌い', '方', 'ひとりご', '今更', '御岳山', '御嶽山', 'むかし', '嫌', 'こと', 'あっ', 'とき', 'よく', '滝行', '画像', 'bot', '眺め', 'い', '瀧', '眺める', 'もの', '赤江珠緒', '千晶', 'さん']"
2022-01-20 14:28:00,"['外商', '部', '顧客', '家の子', 'デパート', 'いう', '書店', 'メール', '出し', 'み', '採用', 'なる', '相当', '普通じゃない', '体験', 'し', 'てる', 'フィラチオ']"
2022-01-20 14:29:00,"['フィラー', '福袋', 'ジャニーズ', 'さん', '大勢', 'やってき', 'の', 'w', 'そう', 'いえ', '瀧', '氏', 'youtube', '今日', '動画', '投稿', 'さ', 'れる', '予定', '一般人', '男子', 'チョコ', '0', '個', 'もう', '女子', 'マンガ', 'or', 'アニメ', 'レベル', 'それ', 'もう', '緊急事態宣言']"
2022-01-20 14:30:00,"['再び', '長峰由紀', 'アナウンサー', '親方', 'ニュース', '中身', 'ない', 'なる', '許さ', '山伏', '集団', 'こう', '言う', 'の', '初めて', '知っ', 'クイズ', '問題', '出来', 'そう', '流石', '赤江', 'さん', '物知り']"
2022-01-20 14:31:00,"['逆', 'バレンタイン', '0', '個', '配っ', '人', '居', 'そう', 'いま', '番宣', 'これ', 'かー', '聞き', '間違い', '一瞬', '思っ', 'ほんとに', '日本統一', 'シリーズ', '特番', 'w', 'すごい', '企画', '片桐', 'さん', '出演', 'なんで', 'オミクロン', '国内', '一人', '確認', 'さ', 'れ', '時点', '警戒', 'し', 'ん', '可能性', 'あるじ', 'ゃなくてもうなってるんじゃね']"
2022-01-20 14:32:00,"['発表', '実感', '差', '大差', '尾身', 'クロン', '集団免疫', '獲得', '舵', '切り替え']"
2022-01-20 14:33:00,"['多分', 'とんねるずのオールナイトニッポン', '影響', '人', '追加', 'テーマ', '案', 'バレンタイン', 'チョコ', '0', '個', '以上', '貰っ', 'こと', 'ある', '人', '0', '人', 'せつない']"
2022-01-20 14:34:00,"['さっき', '滝行', '話', '真夏', '猛暑日', '聞い', '逆', '涼しく', 'なり', 'そう']"
2022-01-20 14:35:00,"['いらっしゃい', 'ー', 'いらっしゃい', 'ー', '先代', '親', '人']"
2022-01-20 14:36:00,"['memo', '東和薬品', 'コーナー', 'ジェネリック医薬品', 'ジェネリック', 'ごす', 'p', 'やっぱり', 'コスパ', '野郎', 'いかにも', '我', '消費者', '側', '悪い', 'みたい', '食品ロス', 'cm', 'マジムカ', 'つく', 'やめ', 'ほしい', '値段', '期限', '新しい', 'の', '買う', 'の', '消費者', '自由']"
2022-01-20 14:37:00,"['小学校', '入学', 'する', '頃', '父親', '買っ', '本', '高校', '入学', 'し', '後', 'これ', '最終', '配本', 'ない', '父', '親とう', '死ん', 'じゃっ', 'てる', '誰', '読ん', 'ないし', 'ういい', '言える', '本', '買っ', 'て', '研究者', '図書館', '買わ', '本', 'w', 'いまだに', 'ジェネリック医薬品', 'ものすごい', 'ネガティブ', '情報', '流す', '人', 'いる', '真実', 'どこ', 'ある', 'ん', '東和薬品', 'プレゼンツ', '明日', '健康', 'カフェ', 'きた', 'ー', '収録', 'ん', 'w', '羽生', 'くん', 'ラジオ', 'cm', 'もう少し', 'し', '来る']"
2022-01-20 14:38:00,"['先発', '品', '特許', 'きれ', '大量', '会社', '作れ', 'ジェネリック', '安く', 'なる', 'ん', '高額', '薬', 'ジェネリック', '出て', 'ないか', '医者', '薬剤師', '相談', 'し', 'み', 'ほしい', 'ジェネリック', '入っ', 'てる', 'もの', '違う', '効果', 'ないっ', '力説', 'し', 'てる', '人', 'おっ', '大塩平八郎', 'お味噌', 'ディル', 'さん', 'チョコレート', '0', 'コ', '以上', 'もらっ', 'の', 'ひとりご', '処方', '薬', '諸問題']"
2022-01-20 14:39:00,"['日医工', '不祥事', '問題', '触れろ']"
2022-01-20 14:40:00,"['ジェネリック', 'いう', '成分', 'モニョモニョ', 'し', '騒動', '脳裏', '医者', '出し', 'くれ', 'てる', '薬', 'ん', 'ジェネリック医薬品', '偏見', '特に', 'ない', '知識', '無い']"
2022-01-20 14:41:00,"['巷', '得', '得', '言い過ぎ', '時代', '寧ろ', '損', '言っ', 'て', 'ジャズ', 'ミュージシャン', 'さん', '番組', '打ち切り', '遭い', 'news', 'up', '薬', 'ない', '命', '医薬品', '不足', '苦しむ', '患者', '家族', '医療', 'nhk', 'ニュース']"
2022-01-20 14:42:00,"['ジェネリック', 'しっかり', '国', '承認', 'さ', 'れ', '薬', '効果', 'ない', 'こと', 'ない', '薬', '0%', '絶対', '万', '人', '効果', '保証', 'する', 'こと', 'でき', 'それ', '先発', '品', 'こと', 'ジェネリック', 'ジェネリック', '薬品', '医師', '薬剤師', '聞い', '言う', '事', 'まちまち', 'ん', 'ニュース番組', 'うるさい', '事', '言わ', 'ジェネリック', 'メーカー', '東和薬品', 'スポンサー', 'し', 'ジェネリック', '話', 'さ', 'れ', '典型', '的', '利益', '相反', 'cm', '聞き']"
2022-01-20 14:43:00,"['むしろ', '呂律', '回ら', 'ババア', '起用', 'し', 'てる', 'cm', '不信感', 'ある', '大塩', 'かよ', '字', '違う', '番組', 'おおし', 'おっ', '聞く', '大塩', '方', '思い浮かべる', '安定', '供給', 'ため', 'コスト', '大切', 'memo', '満月', 'サーフィン', '大潮', '乗り', '新月', '満月', '興奮', 'し', 'サーファー', '集まっ', 'くる', '訳', 'なかっ', 'w']"
2022-01-20 14:44:00,"['入っ', 'てる', '薬', '成分', '錠剤', '場合', 'それ', '固め', 'てる', '物', '固め', '方', '薬', '溶け', '方', '変わり', '効き', '方', '異なる', '場合', 'ある', '医師', '聞い', '事', 'あり', 'こちら', '素人', '専門家', '頼み', '徹子', 'さん', 'cm', '毎週', '癒さ', 'れる', '正式', 'サーファー', 'リスナー', '訂正', 'w', 'サーファー', '大塩平八郎', 'さん', '霜焼け', '指紋', '無関係', 'あと', '味噌汁', '笑', 'ひとりご', 'ランドセル', 'オートロック', 'ランドセル', '指紋認証', '大潮', 'お味噌']"
2022-01-20 14:45:00,"['マグネット', 'くっつく', 'かじゃ', 'ない', '小学生', '指紋', '信用', 'でき', 'w', '赤江珠緒', '小学生', '指紋', '信用', 'なら', '珠', 'ちゃん', '何', '言っ', 'てる', 'の', 'w', '小学生', '指紋', '信用', 'でき', '小学生', '指紋', '信用', 'でき', 'www']"
2022-01-20 14:46:00,"['指紋', '霜焼け', '小学生', '指紋', '信用', 'でき', '小学校', '生', '指紋', '信用', '出来', '確か', '珠緒', '小学生', '指紋', '信用', '出来', 'w', '食品', '思いっきり', '遺伝子', '操作', 'さ', 'れ', 'チューリップ', 'し', '扇風機', 'あたり', '死ぬ', '寝る', '級', '小学生', '指紋', '信用', 'ない']"
2022-01-20 14:47:00,"['チューリップ', '品種', '進化', 'し', 'てる', '早咲き', '中間', '遅咲き', '0', 'パターン', 'ある', 'ん', '加え', '八重咲き', '香り', 'あり', '花', '数', '多い', 'もの', '色', '出', 'き', '土屋', 'さん', '赤江', 'さん', 'よく', '芝生', '話', 'でき', 'ところ', 'あり', 'まった', 'www', '小学生', '指紋', '信用', 'でき', '赤江珠緒', 'あり', 'これ', 'メール', 'ミス', 'おばあちゃん', '対象外', 'あり', 'まった', 'ランドセル', 'オートロック', 'あり', 'まった', 'ww', 'とにかく', '外商', '部', 'の', '店舗', '売り', 'にくい', '物件', 'セールス', 'し', 'くる', '我が家', 'ロードマップ', 'ない', '一枚', 'モノ', '0', '万', '0', '千', '分の', '0', '地図', '山', 'あっ', '復刻', '地図', 'あっ', 'ひとりご', '日陰', 'ok', 'チューリップ', '球根', '人', '間違い', '必ず', 'いじる', '赤江', 'さん', 'メール', '誤字', 'そのまま', '行く', 'タイプ', '賽銭', 'キャッシュレス', 'メール', '送っ']"
2022-01-20 14:48:00,"['クレジット', 'ダイトー', 'ビタミンエポ', 'イーピーオー', 'ビタミン', 'チン', 'po', '以前', '赤江', 'さん', '読み', '間違え', 'おばあちゃん', '案件', 'ネタ', 'epo', '月', '波', 'サイズ', '関係性', '満月', '方', '波', 'いい']"
2022-01-20 14:49:00,"['時期', '単に', '冬', '咲き', 'アイスチューリップ', '懐かしい', '曲', 'epo', 'アルバム', '買っ', 'れ', 'おれ', '芝生', '枯れ', 'ちゃっ', '今', 'なき', 'グッディ', '人工芝', '寝っ転がっ', '罰']"
2022-01-20 14:50:00,"['今どき', 'しもやけ', '小学生', '早い', 'むしろ', '洗剤', '使う', '水仕事', '指先', '荒れ', 'まくり', '主婦', '水分', '少ない', '高齢者', '方', '指紋認証', '難しい', 'の', '自動改札', '一緒', 'epo', 'だー', 'なる', 'キャッシュレス', '化', '0円', '超える', '賽銭', '払わ', 'ゃいけなくなるならこれからはお', '賽銭', '無し', 'フード', '賽銭', '北', '向き', '窓辺', 'バラ', '置か', '方', '歌詞', '聴き', '思っ', 'しまう', '耐', '陰性', 'ある', 'ミニ', 'バラ', '強健', 'つるバラ', 'いける', 'の']"
2022-01-20 14:51:00,"['昔', '地元', 'fm', 'おもろい', '関西', '風', '送っ', '打ち', 'ミス', '思っ', 'の', '面白い', '訂正', 'さ', 'れ', '読ま', 'れ', 'こと', 'あっ', 'アルバム', 'あと', 'うふ', 'ふふ', 'ん', '懐かしい']"
2022-01-20 14:52:00,"['番組', 'epo', '珍しい']"
2022-01-20 14:53:00,"['珠', '鍵', '小学生', '絶対', '無し', 'ちゃい', 'そうじゃない', '小学生', '指紋', '信用', '出来', '自分', '工場長', 'くせ', 'w']"
2022-01-20 14:54:00,"['ここに', '滝', '打た', 'れ', '経験', '者', '滝行', '経験', 'ある', '出れ', 'よかっ', 'memo', '番組', '行っ', '滝行', 'せっち', '今夜', '寒い', '北風', '強い', '番組', 'オチ', 'つける', 'ため', '滝行', '何', '修行', '気象予報士', '長谷部', 'さん', '滝', '打た', 'れ', '経験', 'あり', '自分', '作っ', '番組', 'オチ', 'つか']"
2022-01-20 14:55:00,"['滝行', '経験', 'ある', 'ヘン', '目的', 'w', 'ハベセベ', 'epo']"
2022-01-20 14:56:00,"['自分', '責任', '取る', 'スタイル', '笑', 'そのうち', '誰かさん', '失策', 'だらけ', '滝', '打た', 'れる', '事', 'なる', 'の', 'ねここ', '最上階', '一室', 'くしゃみ', '天気', '言え', '我が家', '見', '秩父', '方面', '雪', '降り', 'そう', '雲', '見える', '思っ', 'レーダー', '確認', 'し', 'み', '案の定', 'よう', '滝行', '経験', 'あり', '愛ちゃん', '人に歴史あり', '一応', '小学生', 'じゃなくて', '中坊', '笑', '愛ちゃん', '不純', '滝行', 'w', 'スマートメーター', 'なっ', '気象', '行者']"
2022-01-20 14:57:00,"['スマートメーター', '気象予報士', 'さん', 'おすすめ', 'し', '冬', '滝行', '明日', '予定', 'ノーマーク', 'ノーマーク', 'its', '献血', 'チャンス', '献血', '行け', 'いい', '待ち時間', 'な', '事前予約', 'スムーズ', 'これぞ', '令和', 'スマート', '献血', 'its', '献血', 'チャンス', 'lets', 'リザベーション', 'いこう', '献血', '長谷部', 'さん', '浅間山', '麓', '滝行']"
2022-01-20 14:58:00,"['滝行', '経験', '無い', '火渡り', '有る', '画像', 'イメージ', '家', 'メーター', 'どう', 'やっ', '電力会社', 'データ', '行っ', 'てる', 'の', '未だに', '謎', '配電盤', 'ブレーカー', 'スイッチ', 'ない', 'ん', 'スマホ', '手袋', 'モード', 'ある', 'ホント', '人', 'テーマ', '案', '採用', '人数', '減らさ', 'れ', 'てる', '流石', '0', '人', 'いない', '判断', 'イケイケ', '男子', 'エピソード', 'おもしろ', '何', 'メーター', '手袋', 'モード', '0', '年', '前', 'スマ', 'ホ', '手袋', 'モード', 'ある', 'android', 'あっ', '気', 'する', 'iphone', '手袋', 'モード', 'ない', 'そう', 'ー', 'apptopi', 'さっそく', 'on', 'し', 'み']"
2022-01-20 14:59:00,"['給湯器', 'お湯', '入れれ', 'ええ', 'ひとりご', 'スマホ', '手袋', 'モードレオレオ', 'セッカチ', '今日', '打ち合わせ', 'ない', 'ゆったり', '作業', 'し', '聴け', 'いる', '毎日', 'こう', 'あっ', 'ほしい', 'もの', 'ガス', '開通', '人', '来', '駄目', '器具', '正しく', 'つい', 'い', 'まま', '開通', 'さ', 'せる', 'の', '危険', '手袋', 'モード', '知っ', 'て', 'スマホ', '対応', '手袋', '操作', 'できる', '割と', '昔', 'ある', 'っぽい', '日陰', '育つ', '球根', 'ジャンボ', 'カボチャ', '腐ら', 'せ', 'g', '巣窟', '前', '育つ', 'どう', '実験', 'つぶつぶ', '軍手', 'アンディ', '指先', 'ない', 'ドライバー', '軍手', '結構', '古', 'め', 'zenfone', '0', 'あるじゃん', '手袋', 'モード']"
2022-01-20 15:00:00,"['二', '昔', '前', 'スマホ', 'てぶくろ', 'モード', 'ある', '去年', 'モデル', 'ない', 'パスタ', '茹でる', 'コンロ', '0', '口', '全部', '使っ', '時短', 'そ', 'ー', 'ちょっと', 'どー', 'の', '珠手', '袋', '使っ', 'てる', 'レ', '僕', 'なん', '思っ', 'てる', 'ん', '手袋', '使わ', '思わ', 'れる', 'の', '失礼', 'こと', 'の', 'レオ', 'さん', '神経質', 'せっかち', '手袋', '咄嗟に', '外せ', '時', '鼻', '頭', '操作', 'し', '事', '複数回', 'あり', '礼央', 'さん', 'タイマー', '0回', '使っ', 'て', '赤江', 'さん', '使っ', 'て', 'やっぱり', 'タイマ', '笑']"
2022-01-20 15:01:00,"['つぶつぶ', '軍手', '川', '0', 'さん', 'セコハン', '屋', 'レコード', '漁る', '時', '着用', 'する', 'ゴム', '引き', '軍手', '違う', '続き', 'にも', '厚切りジェイソン', 'さん', '登場', '土屋礼央', 'さん', '日', 'だしね', '資産', '運用', 'し', '0', '年', '運用', 'する', '資産', 'あっ', 'いい', 'スマホ対応手袋', 'iphone', '非対応', 'レオレオ', 'しら', '手袋', 'モード', 'ある', 'ガラガラガラ', 'それ', 'パックン', '文化的', '献血', '時短', 'ため', 'コンロ', '0', '口', 'パスタ', '作り', 'www', '赤江', 'さん', '普段', '手袋', '使っ', 'てる', 'れ', 'おれ', '俺', 'なん', '思っ', 'てる', 'ん', '笑']"
2022-01-20 15:02:00,"['イジョ', '馴染み', '厚切りジェイソン', '厚木', '厚', '切り', 'さん', '来', 'なに', 'なに', 'あと', 'qbハウス', '芸人', 'めっちゃ', 'インテリ', '厚', '切り', 'きた', 'カタカナ', '笑', '長谷部', '愛', '気象予報士', '防災士', '健康', '気象', 'アドバイザー', '中学', '高校', '教員免許', '数学', '国語', '大学', '卒業後', '各地', 'テレビ局', 'ラジオ局', 'キャスター', 'ディレクター', '業', '0', '年', 'tbsラジオ', 'yahoo', '天気', '災害', '動画', '等', '気象情報', '伝える', '0', '年', '東京造形大学', '特任教授', '天気', 'アート', '研究', '講義', 'えいごであそぼ', 'dr', 'ジェイソンさん']"
2022-01-20 15:03:00,"['何故', '日本', 'お笑い', 'やろ', '思っ', 'ん', '正解', 'わろ', 'なんで', 'コンピュータ', '修士', 'お笑い', 'www', '一瞬', 'ecc', 'みたい', '手袋', 'モード', 'ある', 'けっこー', '前', '機種変', 'し', 'ケータイ', '付い', 'て', 'ー', '最新', '機種', '色', 'ショボ', 'いい', '端折ら', 'れ', 'とる', 'ピン', '太郎', 'ちゃん', '英語', 'あそぼ', '見', 'てる', 'ぇねりっくは', '清水ミチコ', 'イジョ', 'ニューヨーク', '嶋佐', 'さん', '再生', 'さ', 'れる', '出', 'うるさい', '外人', 'ww', '最終', '学歴', 'おかしい', 'www']"
2022-01-20 15:04:00,"['ピン', '太郎', '知っ', 'てる', 'dr', 'memo', 'ナベプロ', '役員', '二刀流', '厚切りジェイソン', 'さん', 'o', '0', '年', '前', '使い', '回し', 'レオレオガス', '0', '口', '使っ', '0', 'する', '知り合い', '電通マン', '発想', 'わろ', '英語', 'そぼ', 'みどりくじ', 'ら', '知ら', 'かっ', '画像', '上げ', 'くせ', 'パックン', '頃', '子役', 'ちゃん', 'au', '出', 'てる', 'いい', 'ん', '大声', '騒ぐ', '人', 'より', 'nhk教育', '演じ', 'てる', '人', '方', '印象', 'いい', 'みどりくじ', 'ら', 'ー', 'たまむすび', '聴ける', '笑', 'ぶつ切り', 'ジャクソン', 'さん', '優待', '誤魔化さ', 'れ', 'ダメ', 'w', '若い', '頃', '資産運用', 'jpop', '界', '島田紳助', 'or', 'たむらけんじ', 'さん', 'youtube', '時運', '用', '系', 'cm', '見る', 'よう', 'aj', 'きた']"
2022-01-20 15:05:00,"['昨日', 'アトロク', 'インテリアデザイナー', '明日', 'パックン', '邪魔', '存在', '言っ', 'い', '厚切りジェイソン', 'さん', '日本史', '勉強', 'ケン', 'try', 'ジェイソンさん', '面白', 'そう', '次', '任務', '向かい', 'まーす', '明日', 'もう', '明日', '縁側', 'ラジオ', '日', 'じゃーん', 'みどりくじ', 'ら', 'ー', 'うち', '厚切りジェイソン', 'もう', 'eテレ', '人', 'なっ', 'て', 'の', 'アップデート', 'し', 'てる', 'ん', '雑', '合成', 'し', 'み', 'ぼーっと', 'パッ', 'くん', '顔', '思い浮かべ', 'て', '違っ', 'ジェイソン', 'w', '事務所', '0', '人', 'ナベ', 'プロ', '日本語', '勉強', 'する', 'ため', 'エンタの神様', '見', 'お笑い', 'ハマっ', '厚', '切', 'ジェイソンさん', '改め', '博士', 'いつも', '息子', '英語', '語りかけ', 'くれ', '感情', '勘定', 'ない', 'ぶん', 'シャレ', 'の']"
2022-01-20 15:06:00,"['長野', 'よく', '来', 'くれる', '厚切りジェイソン', 'さん', 'いつも', '理系', 'カロリー', '摂取', 'コントロール', 'し', '俺', '支出', '把握', 'する', 'こと', 'イリノイ州', 'アーバナ', 'hal', '0', '生まれ故郷', 'ハキハキ', 'し', 'てる', '癖', 'アルコール', '消毒', 'し', 'しまう', 'お金', '出納', '帳', '大切', 'コーヒー', '0', 'l', '飲ん', '来', 'て', 'レコーディング', '重要性']"
2022-01-20 15:07:00,"['ジェイソン', '流', 'カップル', '襲い', '方', 'ほう', '前', '株主', '優太', 'ー', 'コーヒー', '0', 'l', 'ー', '貯まる', 'コツ', '使わ', '事', 'よく', 'わから', '天引き', '一択', 'memo', '支出', '把握', 'する', 'o', '節約', 'ケチ', 'ほあー', 'い']"
2022-01-20 15:08:00,"['さりげなく', '本題', '入っ', 'て', '講演会', '始まっ', 'コーヒー', 'インスタント', 'レギュラー', '方', '安上がり', '手間', '考え', 'トントン', '声', '圧', '辛い', 'ただ', '木曜', 'しんどい', '経済', '回そう', '回そう', '言わ', 'れ', 'てる', 'ホワイ', 'スーさん', '方', '来', 'ゲスト', '似', 'よう', '展開', 'マイボトル', 'コーヒー', '持ち運ぶ', 'の', '容器', '洗う', 'の', 'めんどくさい', 'お部屋', 'ラジオ', '一番', 'お金', '減ら', 'そう', 'ついつい', '缶コーヒー', '買っ', 'ちゃう', 'ん', '見', 'もの', '見', 'クズ', '俺', 'どう', 'し', 'ん', 'たまむすび', 'めっちゃ', 'タメ', 'なる', '情報', '放送', 'し', 'てる', 'ないかい', '厚切りジェイソン', '氏', 'おかげ', 'さっき', 'よう', '話', '森永卓郎', 'さん', 'お茶', 'パック', '買っ', '空', '水筒', '入れ', '水道水', '入れ', 'て']"
2022-01-20 15:09:00,"['コーヒー', '湯沸かし', 'インスタントコーヒー', '入れ', '飲む', 'の', '習慣', '化', 'し', 'たま', 'おさん', 'お金', '貯める', '電子マネー', 'いいよん', '数時間', '前', '聞い', 'よう', 'tbsラジオ', '厚切りジェイソン', '推し', '眠かっ', '義務教育', 'お金', 'こと', '勉強', 'し', '資産運用', '税金', 'もっと', 'やっ', 'いい', '思う', 'ん', 'ひとりご', 'アメリカ', '日本', '学生ローン', '地獄', '今日', 'tbsラジオ', 'ナゾ', 'チカラ', '働い', 'てる', 'あと', '住宅ローン', '完済', '0', '年', 'アプリ', 'スーさん', 'とこ', '事', '聞い', '投資', '始め', '途端', '元本', '割れ', 'お金', '話し', '大っぴら', 'しない', 'お金', '話', '大体', 'みんな', '好き', 'お金', '話', '増え', 'てる', 'の', '国民', '全体', '貧しく', 'なっ', 'てる']"
2022-01-20 15:10:00,"['最後', 'アプリ', '宣伝', '終わり', 'そう', 'さっき', 'みたい', '節約', 'する', '現金', '電子マネー', '誰', '考え付き', 'そう', 'こと', '言わ', '投資', 'なる', 'うち', '株', 'やっ', 'ビットコイン', '買っ', '落ち', 'だし', '外出', 'し', 'お金', '使わ', 'なる', '簡単', 'アプリ', 'どれ', 'つい', 'こないだ', 'パックン', 'ラジオ', '聞い', '混乱', 'し', 'てる', '今', '企業年金', '危ない', '各自', 'やっ', 'くれ', '流れ', 'なっ', 'て', 'atm', '手数料', '本当に', 'バカバカしい', 'ウチ', '武士', 'いで', 'こと', 'にー', 'さ', '精一杯', '家計簿', 'つけ', 'てる', 'の', '世界', '日本', 'ひとりご', '金利', '投資', 'ギャンブル', '無い', 'atm', 'よく', 'わかる', 'あれ', 'バカ']"
2022-01-20 15:11:00,"['強制', '的', '確定拠出年金', '運用', 'さ', 'せ', 'られ', 'いる', '分', '使わ', 'ウチ', '嫁', 'はん', 'おれ', '必死', '稼い', 'カネ', '毎回', 'フツー', '手数料', '払っ', 'おろし', 'て', '日本人', 'お金', '話', 'おおっぴら', 'し', 'の', 'バブル', '懲り', '無い', '僕', '最近', 'atm', '手数料', '取ら', 'れ', 'よう', 'お金', '預け', '引き出し', 'し', 'てる', '所', '支出', '増え', 'いる', '抑え', 'いか', '汗', '店', '作っ', '軌道', '乗っ', '落ち着く', '抑え', 'いか', '汗', '私', '月', '0回', 'まとめ', 'おろす', '自分', 'atm', '手数料', '払い', '赤江', 'さん', 'レオレオ', '子供', '頃', '預金', '金利', '凄かっ', 'まず', '投資', '回す', '金', 'ない', 'ん', '金利', 'られ', '遊び', 'すごい', '怒っ', 'てる', 'ww', 'お金', '欲しい', '信じ', 'てる', '信じ', 'なく', '勝手', '持っ', 'かれる', 'ん', '投資信託', '積み立て', '始め', '途端', 'リーマンショック', '訪れ', '数', '年間', '冬の時代', '過ごし', '自分', '怖い', 'もの', '何', '無い', 'w', '自分', '金', '引き出し', 'お金', 'とら', 'れ', 'いる', 'アホ', 'www', '普通預金', '金利', '0%', 'ん', '手数料', '馬鹿馬鹿しい']"
2022-01-20 15:12:00,"['手数料', '払う', '負け', '気', 'する', 'fx', '戦士', '赤江', 'さん', '爆誕', 'する', '気配', 'ある', '無', 'さ', 'そう', '手数料', 'バカバカしい', 'もん', '自分', '時間', '外', 'お金', '下ろさ', '良い', 'よう', '週末', 'なる', '前', '銀行', '下ろす', 'よう', 'し', 'てる', 'コンビニatm', '下ろす', 'セレブ', 'こと', 'しない', '投資', '俺', 'atm', '手数料', '払い', '致し方', '時', '以外', '社会的責任投資', '考え方', 'もっと', '広め', 'もらい', '社会的', '有用', '会社', '選ん', 'そこ', '株', '買う', '投資', 'する', 'atm', '一', '回', '手数料', '金利', '分', '吹っ飛ぶ', 'もん', 'ジェイソンさん', '話', '面白い', '個人', '型', '確定拠出年金', 'ideco', '企業', '型', '確定拠出年金', 'ある', '投資', '投資', '言う', '金', 'ひとりご', '競馬', '競艇', '競輪', 'リスク分散', 'ギャンブル', '沼', 'そう', 'ん', '昔', '0', '万', '預け', '0', '万', '利息', 'つい', 'ん', '税金', '0', '割', '取ら', 'れる', '意外と', 'フツー', '節約術', '矛盾', 'し', '日本語', '憤慨', 'する', 'の', 'atm', '手数料', '憤慨', 'する', '厚切りジェイソン', '氏', '新た', 'フェーズ', '突入', 'もはや', 'ただ', '日本国民', '自社株', '売り', 'ん', '守秘義務', 'ある', '部署', '売れ']"
2022-01-20 15:13:00,"['why', 'バカ', '高', '手数料', '厚', '切り', 'さん', '何', '投資', 'し', 'てる', '株取引', '痛い', '目', 'あっ', '身内', '話', '聞か', '腰', 'ひける', 'ん', 'ちょっと', '買い物', '想定', 'し', '消費税', '額', '計算', 'し', 'み', 'それ', '憂鬱', 'なっ', '買う', '気', '失せ', '稼ぐ', 'とき', '使う', 'とき', '税金', '取って', 'そりゃ', '誰', '金', '使わ', 'なる', '思っ', '意外と', '地', '足', 'つい', '真っ当', 'お金', '話し', 'てる', '投資', 'やっぱり', '勉強', '尽きる', '思う', '銀行', '系', 'se', 'し', 'て', '時', 'いろいろ', '教え', 'もらっ', '活かせ', 'いる', '不明', '赤江', 'さん', 'わかっ', '相づち', '打っ', 'てる', 'の', '銀行家', '娘', 'プライド', 'ある', '赤江', 'さん', '笑', '収入', '増え', '生活水準', '上げる', '必要', 'ない', '確か', 'たまむすび', '暮らし', '経済担当', '厚切りジェイソン', '投資', '運用', 'やたら', '勧める', '人', '自分たち', '市場', 'お金', '誘導', 'し', 'てる', 'ん', '思っ', 'ちゃう', '誰か', '厚切りジェイソン', '投票権', 'w', 'クリティカル', 'ホワイジャパニーズピーポー']"
2022-01-20 15:14:00,"['日本人', 'お金', '運用', 'する', '仕組み', 'わから', '株', '資産運用', '話', 'さ', 'れる', '理解', 'でき', '嫌', 'なっ', 'しまう', '私', '傾向', 'ある', '政治', 'よう', '知ら', 'なっ', '思っ', '勉強', 'し', 'てる', '難しい', '投資', '回せる', 'お金がない', 'マン', '長期的', '投資', '推奨', 'イエスジャパニーズピーポー', '笑', 'そう', '焦っ', 'き', 'ちゃう', 'お金', '余ら', 'ローン', '投資', '回せ', 'の', '別に', '目新しい', 'こと', '何', '言っ', 'て', '凄い', '真っ当', '話し', 'てる', 'ひとりご', '家賃', '生活費', 'もう', '収支', '赤字', 'の', 'す', '何', 'o', 'ラジオ', '爆笑', 'し', 'いる', '手数料', '取ら', 'れ', 'ちゃっ', 'てる', '感じ', '現状', '把握', 'し', 'い', '人', '多い', 'こと', '自体', '国', 'まずい', '日本', '後進国', 'なっ', 'いる', '言わ', 'れ', 'いる', '日本人', '自体', '衰退', 'し', 'いる', '考える', 'たまむすび', '純粋', '楽しみ', 'これだけ', '看過', 'でき', '余ら']"
2022-01-20 15:15:00,"['理屈', '健全', '競馬', '好き', 'あんま', '変わら', '生活', '破綻', 'さ', 'せ', '範囲', '投資', 'する', 'ジェイソンさん', 'why', '貯金', 'ピーポー', 'あつ森', 'カブ価', 'excel', '0', '年', '以上', 'データ', '化', 'し', 'てる', '分析', '力', 'ない', '無駄', '終わっ', 'いる', 'たまちゃん', 'みたい', '色', 'あっ', '金', '買わさ', 'れる', '話', '方', '入り', 'やすい', 'これ', '本当に', '大事', 'こと', 'いったん', '上げ', 'ちゃっ', '水準', '簡単', '下げ', 'られ', 'そこ', 'ワーイジャパニーズピーポー', '活', '明', 'パパ', '何', '投資', 'し', 'てる', 'ネタ', 'ノリ', '金', '話', '力説', 'さ', 'れる', '内容', '普通', 'ー', '奴', '聞こえ', '厚切りジェイソン', 'さん', 'やっぱり', '投資', 'まあ', 'こう', '言う', '本', '出し', '人', '勝ち', '金持ち', '通さん', '貧乏', '倒産', '厚切りジェイソン', 'さん', '熱い', 'いい', 'みんな', '上', '上', '目指し', 'がち', '要ら', 'www', '厚切りジェイソン', 'さん', '考え方', '真に', '裕福', '人', '考え方', '収入', '合わせ', '生活レベル', '上げる', '必要', '真に', '裕福', '人', '無駄', '買い', 'し', 'こち', 'とら', '夫婦', '共働き', '生活', '費', '貯金', 'ローン', 'いっぱい', 'いっぱい', '生活費', '以外', '全部', '投資', 'まわす']"
2022-01-20 15:16:00,"['日本', '格言', '一円', '笑う', '者', '一円', '泣く', '誰か', '厚切りジェイソン', '岡野陽一', 'amp', '鈴木', 'もぐら', '対談', 'セッティング', 'し', '投資', '言える', 'こと', '外貨', '口座', '作っ', 'いくらか', '入れ', 'おく', '日', '世界', 'つながっ', 'てる', '感', '実感', 'でき', '定期預金', '高金利', 'キャンペーン', 'し', 'てる', 'ネット', 'バンク', 'ほとんど', '意味', 'ない', '投資', 'し', 'お金', '仕事', 'し', 'もらう', '桐谷', 'さん', '投資', '凄い', 'もの', '厚切りジェイソン', '去年', '株価', '0%', '上がっ', 'ん', '銀行', '預け', 'いる', 'たった', '0円', 'いらん', 'うう', 'すごい', '一', '回', '投資信託', 'やっ', '目減り', 'し', '塩漬け', '状態', '損切り', 'する', 'タイミング', '逸し', 'tbsラジオ', '最近', '投資', '普及', '力', 'いれ', 'てる', 'の', 'ギャンブル', '再現性', '無い', 'w']"
2022-01-20 15:17:00,"['近接', '分野', 'メーカー', '0', '社', '株', 'リーマンショック', '時', '買っ', 'そのまま', 'し', 'いる', '現在', '当時', '株価', '見事', '逆転', 'し', 'てる', 'つまり', '差し引き', 'w', 'レオ', 'レオ', '泣い', 'ちゃう', 'w', '我慢', '努力', 'レオ', 'レオ', 'ビットコイン', 'やっ', 'い', 'そう', 'イメージ', '投資', '前', '凍死', 'し', 'そう', '貯金', 'し', 'の', '海外', '人らしい', '日本人', '貯金', '志向', '信仰', '近い', 'たしかに', '0円', 'なら', '貯金', 'する', '投資', 'まわし', 'ほう', 'クレバー', '声', '大きく', '聞き', '続ける', 'の', '大変', '言っ', 'てる', 'こと', '本当', 'そうだ', 'なっ', '思う', '投信', 'どこ', '買える', 'どうせ', '株', '買う', 'ん', '大好き', '会社', '株', '買い', 'ん', 'ラジオ', '時', 'もう少し', '落ち着い', 'トーン', '話し', '欲しい', '芸風', 'さておき', '貯金', 'し', 'て', '急', '入り用', 'なっ', '時', 'どう', 'する', 'ん', '投資信託', '解約', 'する', 'ボクらの時代', 'w', '投信', 'インデックスファンド', 'まあ', '無難', 'インデックスファンド']"
2022-01-20 15:18:00,"['何', '始め', 'いい', 'ん', '泣', '圧', 'すごい', 'やはり', '投信', 'ドルコスト平均法', 'やはり', '岡野陽一', '対立', '避け', 'られ', '厚切りジェイソン', '広く', '浅く', 'モノ', '網羅', 'し', 'インデックス', 'レオ', 'レオ', 'vr', '買う', 'の', '我慢', 'ニーサ', 'これ', '買え', 'あれ', '買え', '薦める', 'の', '大丈夫', 'の', '儲かる', '言っ', 'アウト', 'ん', '生活水準', '上げ下げ', 'なく', '最低', '生活水準', 'あっ', 'それ', '足りる', '足り', 'ほぼ', 'そこ', '越える', '時', '非常', '少ない', '安定', 'し', '投資', '出来', 'え', '過去', 'マイナス', '精算', '回る', '日本', '貯金', 'する', 'こと', '美徳', '化', 'さ', 'れ', 'てる', 'わかっ', 'つみ', 'たて', 'nisa', 'やる', 'っ', '魔法', 'ない', 'オンライン', '会議', '終了', 'たまむすび', '復帰', 'じぇじぇ', '話', '盛り上がっ', 'てる', '笑', 'line', '証券', 'ある', 'もん', '投信', '中味', '皆', '違う', 'ん', 'の', '投資信託', '沢山', 'あり', '自分', 'セゾン投信', 'グローバルバランスファンド', '買っ', 'ドルコスト平均法', 'やつ']"
2022-01-20 15:19:00,"['インデックスファンド', 'まず', '手数料', '安い', '所', '選び', 'w', '資本主義', 'の', 'コレ', '投資信託', '手数料', '低い', 'ところ', 'ネット証券', '元本', '保証', '無い', 'もの', '手', '出せ', 'モーラ', '最終的', 'gpif', '買い', '支え', 'くれる', '絶対', 'プラス', 'なら', '嫌', '人', '今', 'ところ', '金', '買っ', 'とけ', 'いい', 'ん', 'の', 'しらん', 'オッズ', '幾ら', 'テラ銭', '幾ら', '幾ら', '突っ込む', 'あと', '税金', '幾ら', '抜か', 'れる', '話', 'ん', 'あり', '金', '細工', '物', '買っ', 'いけ', '信頼', 'できる', '投資信託', '積み立てる', 'の', '一番', '日本', '辺', 'システム', '根付い', 'て', 'ライフネット生命', '入れ', 'いい', 'ー', '数', '撃ちゃ', '当たる', '感じ', 'の', '僕', 'ちょっと', 'ちょっと', '株', '買い', '増し', 'し', 'いっ', 'てる', '回', 'もぐら', '時代', 'やっ', '欲しい', 'さっき', 'お金', '話', 'ダイエット', '置き換え', '礼央', 'さん', '乗っかり', 'ゲスト', '厚切りジェイソン', 'さん', '痩せ', '我慢', '努力', '太り', 'にくい', '生活', '習慣', '化', '余計', '支出', 'しない', '把握', 'する', '生活', '習慣', '化', '0', 'k', '会社', 'やっ', 'てる', '今年', '楽天証券', 'ろっか', '思っ', 'てる', '楽天カード', '作っ', '楽天', '経済圏', 'ズブズブ', '入っ', 'こう', '出', 'w', '仮想通貨', 'w', '赤江', 'さん', '仮想通貨', 'やっ', 'えらい', '事', 'なる', 'どう', 'いい', '声', 'デケ', 'ぇな', '仮想通貨', 'ギャンブル', 'w', 'ひとりご', '投資信託', 'インデックスファンド', 'あと', '手数料', '勝負', 'そうそう', '余力', '回さ', '続か', '投資', '株', '基本', 'キ', 'みたい', 'こと', '言っ', 'てる', '大事', '話', '余ら']"
2022-01-20 15:20:00,"['仮想通貨', '乱高下', 'する', '楽天', '圏', 'やっ', 'てる', '楽天証券', 'いい', 'の', '禁断', '仮想通貨', '国', '投資', '推進', 'し', 'ん', 'つみたて', 'nisa', '上限', '増やし', 'くれ', 's', 'ampp', '0', '連動', 'インデックスファンド', 'いい', 'では', 'nft', 'アート', 'いい', 'tbs', '胡散臭い', '儲け話', '撒い', 'く', '方向', 'シフト', 'し', '赤江', 'さん', '山師', 'みたい', 'なっ', 'とる', 'w', '私', '分散投資', 'ドルコスト平均法', '額面', '少し', '時間', '味方', 'する', 'とりあえず', 'ideco', '赤江', 'さん', '金', 'えべっさん', '運用', '生活費', 'いっぱい', 'いっぱい', 'わたし', '遠い', '話', '珠', 'ちゃん', '金', '大黒様', '以外', 'あっ', '株式投資', '推し', 'アイドル', '見守る', '精神', 'ジェイソン', '金', '話', '至極', '全う', 'ようやく', '話', 'わかる', '奴', '来', 'ロング', 'スパン', '投資信託', 'デイトレーダー', '別物', '大体', '日本人', '株式投資', '聞く', '後者', 'イメージ', '思っ', 'ちゃっ', 'てる', '仮想通貨', '危険', 'www', '何', '投資', 'し', 'いい', '悩ん', 'うん', '金', '値上がり', '物価', '値上り', 'どっち', '上', '仮想通貨', '損益', '通算', 'でき', '投資', '少額', 'いい', '捨て', 'いい', '金', 'やる', 'コツコツ', '投資信託', 'し', '放置', 'し', 'てる', '人', 'うまいっ', '仮想通貨', 'ビットコイン', '価値', '一定', 'でき', '通貨', '言い方', 'やめ', 'ん', '気', 'なっ', 'てる', 'の', 'ジュニア', 'nisa', '今', '高い', '金', '運用', 'ちょっと', '遅かっ']"
2022-01-20 15:21:00,"['楽天', 'インデックス', '半年', '毎月', '0', '万', '入れ', '0円', '増え', '分散投資', 'こと', 'もちろん', '儲かる', 'ところ', '入っ', 'いれ', '損', 'し', 'てる', 'ところ', '入る', '金', '資産', 'なる', 'それ', '交換', 'する', 'の', 'めんどーっ', '最近', '何', '読ん', '勧め', 'られ', '買っ', '投資', 'あくまで', '自己責任', '慎重', '全部', '正論', 'ん', '投資信託', '始める', '勇気', 'いる', '一口', '株主', 'みたい', 'の', 'どう', 'なん', '赤江', 'さん', '金', 'どうでしょう', 'p', '瀧', 'さん', '騙さ', 'れ', '笑', '買っ', '金', '恵比', '寿', '様', '想定外', '質問', '展開', '無茶苦茶', '弱く', '厚切りジェイソン', 'ポンポン', '聞い', 'いる', '実際', 'やる気', 'ない', 'www', 'memo', '金', 'gold', 'こだわる', '珠', 'ちゃん', 'たじろぐ', 'ジェイソン', 'w', 'たまちゃん', 'インターネットバンキング', '無理', 'っぽい', '紙', 'しっくり', 'こなさ', 'そう', '私', '瀧', 'さん', '買わさ', 'れ', '金', '笑', '小遣い', '額', '始める', '投信', '金', 'エビス', '様', '買っ', '珠', 'ちゃん', '必死', 'w', 'ビットコイン', '下がり', '続け', 'てる', '0', '万', '0', '万', '出来る', '事', '株', '金', '消費税', '違う', '金', 'いえ', '瀧', 'さん', '買わさ', 'れ', 'せよ', 'w', '赤江', 'さん', 'ある意味', '瀧', '行', '0', '年', '後', 'ある', 'どうか', '全く', '放置', 'し', 'っぱなし', '確定拠出年金', '仮想通貨', 'オススメ', 'し', 'スギちゃん', 'ぇ', 'cm', '仮想通貨', 'ギャンブル', '近い', 'これ', 'わかりみ', '強い', 'とりあえず', '投資', '出来る', '生活水準', '保てる', '様', 'なる', '努力', 'し', '話', '私']"
2022-01-20 15:22:00,"['仮想通貨', 'sdgs', '標榜', 'する', '立場', '人', '口', '出し', '駄目', '自ら', '価値', '保持', 'する', 'ため', 'エネルギー', '注ぎ込ま', 'いけ', 'シロ', 'モノ', 'nft', '原理', '加工', 'し', '金', '価値', '減る', 'www', 'すべて', '株', '網羅', 'する', '投資信託', 'メモ', 'メモ', '余力', 'ない', 'ジェイソンさん', '言っ', 'てる', 'こと', 'とても', '真っ当', 'レオレオ', '負け', 'てる', 'w', 'これ', '読み', '証券会社', '投信', 'ai', '投資', 'みたい', 'もの', '正直', '言う', '儲け', 'はい', '普段の生活', '回す', 'の', '十分', 'お金', '確保', 'し', '余力', '運用', 'する', '銀行', '預け', 'おく', '運用', 'し', '方', '増える', 'それ', 'いちばん', '金', '取引', '差額', '密輸', 'し', '消費税', '分', '儲けよ', 'し', 'ヤクザ', '捕まっ', 'て', '実際', 'ところ', 'もう', '年金', 'はやっ', 'いけ', '世代', '投資', '信託', 'する', 'の', '現実', '的', '特に', '目新しい', 'こと', '書い', 'て', '単純', '分かり', 'やすかっ', '自分', '方針', 'だいたい', '合っ', 'て', 'moneytree', 'いろいろ', '連携', 'でき', 'よかっ', '金', 'いう', 'どうしても', '金', '良い', 'ですぅ', '人', '思い出し', 'しまう', 'w', '保守', '投資', '説得力', 'あっ', '困る', '金', 'えべっさん', 'さらっと', '流さ', 'れる', 'なんとか', 'ナビ']"
2022-01-20 15:23:00,"['僕', 'やっ', 'てる', 'の', '去年', '0', 'マウント', '取っ', 'き', 'ジェイソン', '自分', 'スタイル', 'よく', '知っ', 'てる', 'これ', '大事', 'こと', '活', '明', '銀行', 'マネーローンダリング', '持ちかけ', 'られ', '山ちゃん', '笑', '金', 'プール', '何', '杯', '分', 'cm', 'し', 'て', '金今', '高い', '物置', '掘り出し', '小さい', 'もの', '売っ', '投資', 'レオ', 'レオ', 'データ', '調べる', 'の', '得意', 'ai', '任せ', 'おく', '自分', '数字', '確認', 'し', '方', '伸び', 'そう', '宝くじ', '愚か者', '税金', '言う', '余っ', 'カネ', '現状', 'もの', '無い', '借金', 'まみれ', '宝くじ', 'バカ', '税金', 'www', 'cm', '来', '宝くじ', 'どう', '仮想通貨', 'いい', '何で', 'ギャンブル', '性', '高い', 'モノ', '聞い', 'こ', 'ん', '宝くじ', '年', '数回', '楽しみ', 'なんだい', '笑', '宝くじ', '競馬', '方', '増える', '可能性', 'あぶく銭', 'バカ', '税金', 'www', '宝クジ', '馬鹿', '税金', 'www', '圧倒的', 'マウント', 'とら', 'れる', 'レオ', 'レオ', '宝くじ', 'やめ', '方', 'いい', 'wwww', 'ひとりご', '宝くじは買わない', 'w', '負け', 'てる', 'ww', '厚', '切り', 'さん', 'すごい', 'ドヤ', 'つもり', '一蹴', 'さ', 'れる', 'w', 'レオ', 'レオ', '負け', 'ギャンブル', 'ダメ', '引き合い', '出す', '人間', 'ギャンブル', '真摯', '考え', 'こと', 'ない', 'もちろん', '例外', '人', 'いる', '大概', '知識', '伴わ', '印象', 'モノ', '言う', 'お菓子', '宝くじ', '馬鹿', '税金', '諺', 'ある', 'の', 'w', '面白かっ', 'バカ', '税金', '宝くじ', 'www', 'お菓子', '増やし', '方', '声', '出して', '笑っ', '宝くじ', 'バカ', '税金', 'by', 'ジェイソン', 'おそろし', 'fire', '筋肉', 'おじさん', 'www', '年末ジャンボ', '0円', '当たっ', '元本', 'これ', 'テレビ', '長ったらしい', '注釈', 'テロップ', '出', 'そう', '興味', 'ない', 'いい', '明快', '理由', '説明', 'できる', 'やっぱり', '頭', '良い', 'もう', '終わん', 'の', '以来', '出演', 'お菓子', '増やし', 'かた', 'wwwwwwww']"
2022-01-20 15:24:00,"['赤江', 'さん', '生活費', '以外', 'お金', '使わ', 'ください', 'www', 'お菓子', '増やし', '方', 'バイバイン', 'バカ', '税金', 'www', 'ポケット', '叩け', 'お菓子', '増える', '笑', 'ジェイソン', '流', 'お菓子', 'wwwwwwwwhy', '赤江', 'ピーポー', 'お菓子', '増やし', '方', '笑', 'ピン', '太郎', 'ちゃん', '喜ぶ', '馬鹿', '税金', 'wwwwwwww', 'もっと', '聴き', '再現性', 'ない', 'こと', '何', '起こる', 'わから', '楽しさ', 'ある', 'ん', '最後', '最後', '思わ', '出荷', '工場長', 'お菓子', '増やし', '方', 'お菓子', '増やし', '方', 'w', 'ポケット', '叩こ', 'お菓子', '増やし', '方', 'www', 'こん', '投資', '話', 'し', 'お菓子', '増やし', '方', 'www', 'お菓子', '増やし', '方', 'pnk', 'バカ', '税金', 'ww', '数寄屋', '橋', '交差点', '所', '宝くじ', '買う', 'ため', '行列', '作っ', 'てる', 'の', 'of', 'バカ', '宝くじ', 'バカ', '税金', '笑', 'バカ', '税金', 'wwwwwww', '問題', '投資', '回せる', '余力', 'ない', '人', '多い', 'わけ', '競馬', 'どう', 'w', '厚切りジェイソン', 'さん', '話し', 'こと', 'もっと', 'ちゃんと', '理解', 'し', 'お金', '動き', '理解', 'する', 'こと', '政治', '繋', 'るし', '金', '金利', 'ない', '金', 'あれ', 'ボク', '保守', '的', '投資家', '保守', '投資', 'する', 'ん', '説得力', 'ある', '宝くじ', 'バカ', '税金', 'wwww', '宝くじ', 'バカ', '税金', 'www', 'そうそう', 'バカ', 'なれる', 'w', '宝くじ', '競馬', '競輪', '競艇', 'パチンコ', '儲けよ', 'ダメ', 'ジェイソン', '流', 'お菓子', '増やし', '方', 'ぴあ', '発売中', '多分', 'みんな', 'スマホゲー', '投資', 'し', '忙しい', '投資', 'ちゃう', 'ー', 'お菓子', '増やし', '方', 'wwwwww', '以上', '宝くじ', 'エンターテイメント', 'お菓子', '増やそ', 'nisa', 'ideco', '最初', '非課税', 'なる', 'マイナス', 'なっ', '時', 'の', 'プラス', '所得', '引け', 'ん', '普通', '投資', '0', '年', 'さかのぼれる', 'ん', '老後', '用', '長期', 'やっ', 'て', 'からよう', '知ら', 'お菓子', '増やし', '方', 'wwwwwww', 'お菓子', '増やし', '方', '以上', 'お菓子', '増やし', '方', 'ジェイソンさん', '熱い', 'お菓子', 'ポッケ', '叩け', '増える', '笑', 'お菓子', '声', '出して', '笑っ', '薄切りベーコン', 'さん', '宝くじ', 'バカ', '税金', 'w', '事', '少額', '納税者', '酒', 'タバコ', '俗', '高額納税者', 'w', 'お菓子', '増やし', '方', 'ポケット', '叩く', '再現性', '高い', 'の', '一番', '安全', 'ポケット', '叩け']"
2022-01-20 15:25:00,"['お菓子', '増やし', '方', 'www', 'ビスケット', '増える', 'ポケット', 'www', '投資', '利益', '出', 'そう', '馬鹿', '宝くじ', '公営ギャンブル', 'ジェイソン', '流', 'お菓子', 'オラ', '銀行', '担当者', 'あまりに', '熱心', '勧める', '資産運用', '始め', '0', '年', 'プラン', '忘れ', '頃', '少し', '増え', '戻っ', 'くれ', '嬉しい', '程度', '感覚', 'ん', '厚切りジェイソン', '流', 'お菓子', '増やし', '方', 'お菓子', '増やし', '方', 'これ', '純粋', 'おばあちゃん', '対象', '厚切りジェイソン', '面白い', '勉強', 'なる', 'お金', '話', 'する', 'の', '浅ましい', '意地汚いっ', 'の', '偏見', 'の', '分かる', '語る', '人', '風', '語っ', 'てる', 'の', '聞かさ', 'れる', 'そう', 'なっ', 'ちゃう', 'aj', '氏', 'そう', '言わ', 'センセー', '金', 'どうでしょう', '宝くじ', 'どうでしょう', 'ヶラヶラ', 'めちゃくちゃ', '勉強', 'なっ', '笑', 'たまむすび', '史上', 'top', '0', '入る', '勉強', '度', '思う', '笑笑', 'ネット証券', '開い', 'あり', '宝くじ', '愚か者', '課せ', 'られ', '税金', '0', '万', '円', '始める', '小型', '株', '集中', '投資', '0', '億', '円', '実践', 'バイブルダイヤモンドオンライン', 'お菓子', '増やし', '方', 'ww', 'ポケット', '入れ', '叩け', '増え', 'そう', 'w', 'やばい', 'ロト', '0', '買っ', 'ちゃっ', 'てる', 'サッカー', '好き', 'レオレオ', 'toto', '勝てる', 'ん', 'おもしろかっ', 'ー', 'たいら', 'し', 'く', 'ださーい', 'あと', 'ジェイソン', '本', '買う', 'ちょろい', '赤江', 'さん', '宝くじ', 'ゲスト', '厚切りジェイソン', 'さん', 'やめ', 'とい', '方', 'いい', '英語', '有名', 'フレーズ', 'バカ', '税金', 'ゲーム感覚', '宝くじ', 'バカ', '税金', '全く', '持っ', 'そう', '宝くじ', 'マリオ', 'みたい', '感覚', '以上', 'www', 'ジェイソン', '流', 'お菓子', '増やし', '方', 'ooo', 'お金', '増やし', '方', 'ジェイソン', '流', 'お菓子', '増やし', '方', 'www', 'お菓子', '増やし', '方', '笑っ', 'お菓子', '増やし', '方', 'ポケット', '叩け', 'ビスケット', '増える', 'お菓子', '増やし', '方', '方', '興味', 'たんす', '宝くじ', 'バカ', '税金', 'w', '騒がしかっ', 'wwww', 'アメリカ', '宝くじ', 'ロト', 'くじ', '一等', '当たる', '確率', '雷', '当たっ', '死ぬ', '確率', '低い', '話', '確率', '解説', 'する', '数学書', '書い', 'あっ', 'ホワーイタマオアカエ', 'お金', 'お菓子', '読み', '間違える', 'w', 'コインハイブ', '事件', '有罪判決', '破棄', '自判', '無罪', '最高裁', '弁護士ドットコム', 'ニュース', '本', '読ん', 'み', '厚', '切り', 'さん', '登場', 'し', 'ほしい', 'お菓子', '増やし', '方', '知り', '一時期', 'tbsラジオ', '杉', 'ちゃん', '株', 'ミニ番組', 'やら', 'せ', 'し', '上層部', '資産運用', '系', '広げ', 'の', '今回', '書籍', '宣伝', 'よう', 'たまたま', '結局', '財テク', '本', '儲ける', 'の', '著者', '宝くじ', 'バカ', '税金']"
2022-01-20 15:26:00,"['こう', '言う', '本', '出し', '人', '勝ち', 'w', '取り敢えず', '今日', '聞い', 'て', '思っ', 'こと', '赤江', 'さん', 'きちんと', '信頼', '出来る', '人', '投資', 'やる', 'お菓子', '増やし', '方', 'w', 'ポケット', '叩く', '病気', 'し', '時', '宝くじ', '買う', '毎回', '少額', 'いえ', 'プラス', 'なっ', '戻っ', 'いる', 'ずっと', 'ハイテンション', '過ぎ', '0時', '台', '厚', '切り', 'ジェーソン', 'お金', '増やし', '方', '厚', '切り', 'ジェーソン', 'お菓子', '増やし', '方', '株', '投資', 'ハウツ', '子供', '向け', '本', 'たで', '以上', '赤江', 'さん', 'かわいい', 'w', '金', '口座', '管理', '料', '手数料', 'ある', 'トータル', '損', 'こと', 'ある', '国内', '海外', 'x', 'インデックス', 'アクティブ', '0種類', '投信', '均等', '積み立て', '昨日', '寛平', '師匠', '今日', '厚切りジェイソン', 'さん', '高低', '差', 'お菓子', 'うまい棒', '増やし', '方', '宝くじ', '馬鹿', '税金', 'by', '厚切りジェイソン', '宝くじ', '日本', 'ギャンブル', '中', '最も', 'テラ銭', '高い', 'どう', 'ん', '思う', '赤江', 'さん', 'ジェイソン', '流', 'お菓子', '増やし', '方', '笑', '安定', '的', '投資', 'おススメ', 'し', 'てる', 'ところ', '仮想通貨', '金', '宝くじ', '込ん', 'くる', '珠', 'ちゃん', 'すごかっ', 'ひとまず', '宛', '出荷', 'っ']"
2022-01-20 15:27:00,"['赤江', 'さん', '金', 'ギラギラ', 'w', '厚切りジェイソン', 'さん', '月', '一', 'ゲスト', 'なっ', 'もらっ', '勉強', 'しようよ', 'みんな', 'まあ', '気楽', 'やる', 'もん', '宝くじ', '米', '今', 'youtube', '税理士', 'さん', 'お金', 'チャンネル', '解説', 'し', 'て', '大人気', 'ちゃんと', 'お金', 'こと', '把握', 'し', '難しい', '金利', '低い', '投資', '回せ', '言う', 'の', '銀行', '営業', '一緒', 'お菓子', '増やし', '方', '期待値', '半分', '以下', 'まだ', '競馬', '方', '圧倒的', '高い', 'ビール', '焼酎', 'リスク分散', 'o', '赤毛のアン', 'マシュー', '死因', '銀行', '破綻', 'ニュース', '若草物語', '親父', 'さん', '投資', 'こけ', '話', 'あっ', 'わな', '日本', '幕末', 'あたり', '時系列', 'あっち', '人', '投資', '歴史', '長い', '千住', 'ネギ', 'きょうは', '間違っ', 'て']"
2022-01-20 15:28:00,"['あと', 'ハセン', '氏', 'やっ', 'てる', '言っ', '赤江', 'さん', '銭ゲバ', '無人島', '男', '来週', '自分', 'つい', '最近', 'つみたて', 'nisa', '始め', 'コツコツ', '頑張ろ', '気', 'なっ', 'それ', '部活', '後輩', 'カード', '渡し', 'いる', 'では', '日本', '空気', '日本', 'クッキー', '言っ', '本当に', '赤江', '工場', '長なん', '笑', '代返', '出来', 'そう', '先生', '金', 'どう', '先生', '仮想通貨', '先生', '宝くじ', 'どう', 'ジェイソン', '流', 'お金', 'の', 'お菓子', 'の', '噛む', 'たまちゃん', 'やっぱり', '最高', 'w', '代返', 'でき', 'へんよう', 'なっ', 'ギャンブル', '胴元', '儲かる', 'よう', 'でき', 'てる', 'どこ', '宝くじ', '一緒', '出', 'とき', '静か', '伊集院', 'さん', '馬鹿力', '昔', 'やっ', 'て', 'ゲスダック', '投資', 'どう', 'なっ', 'ん', 'w', 'まあ', 'ニーサ', '気', 'なっ', 'て', 'ヒル', 'バレー', '時計台', 'bttf']"
2022-01-20 15:29:00,"['事', '把握', 'さ', 'れ', 'ちゃう', '代返', 'でき', '代返', 'でき', 'ヒル', 'バレー', '時計台', 'bttf', '締め', 'vr', '満悦', '感想', '代返', 'ハモる', '言う', 'あるある', 'もう', 'ない', 'とうとう', 'タイマー', 'お払い箱', 'www', 'ピッ', '出席', 'やっ', 'そのまま', 'サボる', 'ん', 'ホッケ', 'おき', 'ゅらすで', 'タイムキーパー', '秘書', '知ら', 'うち', '0時', '0分']"
2022-01-20 15:30:00,"['代返', '出来', '出席', '率', '下がる', 'もん', '来週', 'ノマタネー', '時短', 'ため', '列', 'ごと', 'カード', 'まとめ', 'ピッピ', 'する', '時', '紛れ込ま', 'せ', '何事', '勉強', '赤江', 'さん', 'オキュラス', 'お陰', '我', '時計', '使わ', '礼央', 'さん', '本当', 'だー', '礼央', 'さん', 'これ', 'いい', '笑', '赤江', 'さん', '金', '値上がり', 'し', 'いる', 'こと', '把握', 'し', 'いる', 'の', '瀧', 'さん', '金', '買っ', '相場', '気', 'する', 'よう', 'なる', '買い', 'いわ', 'れ', 'おかげ', '金', '価値', '関係', 'なく', 'お金', 'かかる', '細工', '物', '買っ', 'の', '赤江', 'さん', '判断', '赤江', 'さん', '満月', '見る', '興奮', 'する', '悟空', 'なのか', '来週']"
2022-01-20 15:31:00,"['ひとりご', '0', '年', '後', 'アメリカ', '生き', 'てる', '思え', '地球', 'まるごと', 'うち', '大学', '学籍', '番号', '書い', '出し', 'て', '書く', '紙', '多め', '取って', '代', '返し', '放題', 'たまちゃん', 'oculus', 'おかげ', '我', '時計', '使わ', 'ecc', 'カッター', 'ため', 'タイマー', '不要', 'ん', 'ー']"
2022-01-20 15:32:00,['うまい棒']
