created_at,texts_by_minute,similarity
2022-12-13 01:00:00,"['', '', '', '', '', '', '', '', '', '', '', '', '', '', '', '', '', '', '', '', 'creepy nutsのオールナイトニッポン ニッポン放送  0 0 0 月0 0 0 0    ', '', '', '', '', '', '', '', '', '', '', '', '', '', '', '', '', '', '', '', '', 'rさん 松永さんこんばんは', '', '  ', '', '', '', '', '', '', '', '', '', '', '', '', '', '', '', '', '', '', '', '', '', '', '', '', '', '', '', '', '', '', '', '', '', '', '', '', '', '', '', '', '', '', '', '', '', '', '', '', '', '', '', '', '', '', '', '', '', '', '始まりました   ', '', '', '', '', '', '', '', '', '', '', '', '', '', '', '', '', '', '', '', '', '', '', '', '', '', '', '', '', '', '', '', '', '', '', '', '', '', '', '', '', '', '', '', '', '', '', '', '', '', '', '', '', '', '', '', '', '', '', '', '', '', '', '', '  ', '', '', '', '', '', '', '', '', '', '', '', '', '', '', '', '', '', '', '', '', '', '', '', '', '', '', '', '', '', '', '', '', '', '', '', '', '', '', ' 第0回スタート  番組名 ニッポン放送 creepy nutsのオールナイトニッポン  放送日時 毎週月曜日深夜0 0 0 公式hp     ', '', '', '', '', '', 'しゃあ 今週はバッチリラジオくれぇぇぇぇ  ', '', '', '', '', '', '', '', '', '', '', '', '今年の一文字戦', '', '', '0週間はーやっ ', '', '', '', '', '', '', '', '', '', '', '', '', '', '', '', '', '', '', '犬  ', '', '', '', '', '', '', '']","{'quantile_0': 0.0, 'quantile_1': 0.0, 'quantile_2': 0.0, 'quantile_3': 0.0, 'quantile_4': 0.7176803946495056, 'average_similarity': 0.00023625043817801714, 'size': 31878, 'width_q': 0.0}"
2022-12-13 01:01:00,"['', '今年の漢字は 戰 ', '', '', '', '今年の漢字 戦 ', '', '', '', '', '', '', '戦', '', '', '', '', '', '', '', '', '', '', '', '', '今年の漢字は 戦 ', '', '', '韻', '韻', '', '', '', '', '', '', '', '', '', '', '', '', '', '', '', '', '', 'creepy nutsのオールナイトニッポンなう 0 0 0 0 0 0 聴いてる   ', '', '', '', '', '', '', '', 'creepy nutsのオールナイトニッポン ニッポン放送     nuts ', '', '今年の漢字の話題を振られてもここ0 0年くらい韻で凌いできたrさん', '', '', '', '', '韻でしのぐrさんwww ', 'creepy nutsのr 指定さんとdj松永さんで生放送 今夜は0人 今夜も0人 今年の漢字の話から ', '', '', '今年の漢字は戦', '', '', 'creepy nutsのオールナイトニッポン ニッポン放送     nuts ', 'おっ オープニングは ことしの漢字  ', '今日は起きてる  ', '', '今日ミヤネ屋で観ました', 'rさんここ0 0年は 韻 でしのぐ', '', '戦', ' 韻 でしのぐw ', '', '', '無敵の漢字 韻', '', '', '', 'ラッパーの韻は無敵すぎる 笑', '今年の漢字', '超久々にリアタイ', '', 'チェケラッチョ', '', '', '', '今年の漢字は で韻でしのいでるr皿 擦 る では最悪だと思っている松永', '', '', '', ' 今年の漢字 といえば菅田将暉annを思い出すなあ', '', '', '', '', '', 'ラッパーの 韻 は当たり前なんだわw ', '', '']","{'quantile_0': 0.0, 'quantile_1': 0.0, 'quantile_2': 0.0, 'quantile_3': 0.0, 'quantile_4': 1.0000001192092896, 'average_similarity': 0.025284718832635618, 'size': 5460, 'width_q': 0.0}"
2022-12-13 01:02:00,"['', '', '', '', '', '韻は無敵すぎw ', '今年の漢字 戦 ', '今年の漢字  韻 でしのぐ笑', '', '韻で凌ぐw ', '', '繋', '今年の漢字 戦 ', 'ここ0 0年は 韻 で凌ぐr 指定', '韻でしのぐw ', 'ずっと 韻  ', 'ここ最近は韻', '韻', 'creepy nutsのオールナイトニッポン ニッポン放送     nuts ', '今年の漢字 sixtonesも話してたけど芸能人はみんな聞かれるんですね', '', '', '韻でしのいでるwwww ', '', '', '韻で凌ぐw ', 'ラッパーにとって今年の漢字は 韻 w ', ' 今年の漢字 ', '韻', ' 韻 で凌いでる笑', 'ここ0 0年韻で凌ぐ野上恭平wwwww ', ' 韻 で凌ぐ笑', ' 擦 ', '', 'djを表す漢字 皿  擦 ', '韻', '今年の漢字 韻 rさん最強 皿 松さん ', 'ここ三 四年は一年の漢字 韻 w一生使えるw ', '', ' 皿 ', 'ラッパーは韻', '戦なんだー', '', '', '', ' 韻 と 皿 ', '今年の漢字 韻 でしのぐ', ' 皿  擦 ', 'creepynutsのann  ', '', ' 韻  皿 ', 'ここ0年は韻で凌いできたww ', '今年の漢字 戦 ', ' 皿  擦る  チェケラッチョ  ', 'rさんは 韻 でしのぐ 笑  ', '', '韻', 'リアタイするために仮眠とって準備満タン', '', ' 韻 はズルいw ', '']","{'quantile_0': -0.038654934614896774, 'quantile_1': 0.0, 'quantile_2': 0.0, 'quantile_3': 0.38701438903808594, 'quantile_4': 1.0000001192092896, 'average_similarity': 0.1688490233167782, 'size': 1830, 'width_q': 0.38701438903808594}"
2022-12-13 01:03:00,"['今年の漢字やっぱりきた  ', '今年の漢字 0人はずっと皿と韻', '繋はオフィシャル過ぎる', ' 韻  擦 ', 'rさんの今年の漢字は今後一生 韻 ', '', '生きる 韻', '', '今年の漢字 韻 が毎年wいいなーかっけー  ', '皿と擦る繋ぐ 今日は平和なのね', '今日は出来る限りリアタイするか', '皿と擦る以外でdjを表す漢字とは', '松永さんは松でいいじゃん', '松永さんは 皿  擦 ', '', ' 皿  擦 ', '  韻 で凌いでる ', 'rさん 韻 松永さん 皿 擦 w ', '最初は清水寺の漢字からですねrさんは 韻 いつでも使える 笑 松永さんは 皿  擦  笑 お  繋 も  ', ' 繋ぐ だとピース過ぎる', '', '', 'rさんの今年の漢字はずっと 韻 0年いける  ', 'hip hopというかmcバトル的には戦極の戦だと思うんですがどうでしょう  ', '', '', '今年の漢字韻でしのぐラッパーさてdjは  ', '', '', '皿 擦', 'rさん 今年の漢字はここ0 0年は 韻 でしのいでる 笑', '今年の漢字は韻で乗り切るrさん', '皿 擦 dj ', '出遅れた', 'コーヒー飲んでしまい眠くない リアタイ  ', '', 'クリーピーナッツの今年の漢字は  r 俺はここ数年ずっと 韻 で凌いできた 松 それいいなあ向こう0年くらい使えんじゃん  ', '', ' 繋 ピースすぎる', '今年の漢字指定さん→韻松永さん→皿あとはー  ', '', '繋ぐだとpeaceすぎる', '今夜は寝落ちしそう今年の漢字 戦 からrさん韻生きると同義松永さん擦 皿繋はpeaceすぎるオフィシャル感の不満ww ', '今年の漢字 皿 ', '強気な白紙w ']","{'quantile_0': -0.00021313851175364107, 'quantile_1': 0.0, 'quantile_2': 0.25562581419944763, 'quantile_3': 0.5396649539470673, 'quantile_4': 1.0000001192092896, 'average_similarity': 0.2838444809271922, 'size': 990, 'width_q': 0.5396649539470673}"
2022-12-13 01:04:00,"['真摯に向き合った白紙', '韻 皿 擦 繋 ', '今年の漢字rさん 韻 松永さん 皿  擦  繋 ', '一文字が浮かばない', '', '白紙の哲学', '松永さんを表す漢字  音 だと思ってる', '', '松永 今年の漢字    ', '去年めざましインタビューで ことしの漢字 を聞かれてたふたり 松永は思い浮かばず白紙回答', '白紙回答 哲学  ', '白紙回答は哲学', 'まあまあな時間使って考えるも結局何も思い浮かばず白紙解答だった松永rが書いてくれて何とか', '白紙回答', 'さすがマツさん白紙回答w ', '哲学 ww ', 'タブラ ラサじゃん', '白紙回答は哲学ww ', '', ' 韻 でしのげるrさんと昨年  になってしまった松永さん', '松永さんは 尿 でいいじゃんおしっこネタでたまアリまで行ったんだから', '', '食べながら聴いてます   ', '今年の漢字 白紙回答は哲学', '', '白紙回答哲学w ', '去年のめざましテレビの 今年の漢字 に白紙回答してしまったお松さん', '白紙回答wwwさすが  ']","{'quantile_0': 0.0, 'quantile_1': 0.0, 'quantile_2': 0.3519493192434311, 'quantile_3': 0.6201042979955673, 'quantile_4': 0.999762237071991, 'average_similarity': 0.35058536258324113, 'size': 378, 'width_q': 0.6201042979955673}"
2022-12-13 01:05:00,"['イメージ商売', ' 白紙回答は哲学 ', '白紙回答', '  繋 だとオフィシャル過ぎる   ', '保険で持ってた方がいい あなたの一文字 ', 'その場の人たち全員困惑 白紙回答  ', '今年の漢字大喜利はムズい', '白紙回答は哲学 笑', '白紙は哲学', '', ' 答えは沈黙 的な  ', '空白を想像させた松永さん 笑 めざまし覚えてナイ    ', '', '', '0日を0字で表すって無茶苦茶かも ', '漢', 'お松さんイグナッツでも白紙回答 怖い話しない してたw ', '漢', '', 'まあ 何かしら書かんとダメよね', 'イメージ商売 笑', '漢字の漢', '', '真摯に向かいすぎ', '', 'ヒドイwww ', '真面目なんですね松永さん', '奏とか']","{'quantile_0': -0.11248530447483063, 'quantile_1': 0.0, 'quantile_2': 0.0, 'quantile_3': 0.43442637473344803, 'quantile_4': 0.9999998807907104, 'average_similarity': 0.21611748252614651, 'size': 378, 'width_q': 0.43442637473344803}"
2022-12-13 01:06:00,"['漢真の男', '真摯に向き合った結果なにも思い浮かばない松永さん   笑', '松永さん めざましテレビの取材で白紙回答だったの', '今年の漢字白紙回答は哲学イメージ商売なので', 'ちゃんと向き合うからこそ出ないのかぁ 一瞬だと出たね', '', ' 漢 ', '松永さん真面目だから考え過ぎちゃうんだね', '白紙回答', '', '白紙解答はどうあれ 正直人間が好き', '叺 かます  ', '今浮かぶ漢字は 松永 漢字の 漢  ', 'めざましtvで今年の漢字をインタビューで白紙回答になりかけで事故る寸前ww ', '菅田将暉 今年の漢字なんでもいけるcreepynuts 今年の漢字ぜんぜんいけない', '漢字の 漢  笑', 'ツアーした 埼か玉', '漢 おとこ  ', '漢カッケェ', '漢www ', '取材はちゃんと向き合ってちゃんと思いつかないちゃんと向き合って', '漢字の漢', 'パッと出てくるの漢字の 漢 w ', 'creepy nutsのオールナイトニッポン│ニッポン放送     nuts ', '松永 漢字の 漢  wwwwwwwwwwwwwwwwwwww ', 'さいたまスーパーアリーナお疲れ様でした       creepy nutsの今年の漢字は 埼 か 玉 ']","{'quantile_0': 0.0, 'quantile_1': 0.1771228313446045, 'quantile_2': 0.4862670302391052, 'quantile_3': 0.6546013355255127, 'quantile_4': 0.9680802822113037, 'average_similarity': 0.42109726905822753, 'size': 325, 'width_q': 0.4774785041809082}"
2022-12-13 01:07:00,"['今の漢字漢字の漢 おとこ   ', '漢字の 漢 と書いて  おとこ w ', ' 漢字の 漢  ', 'djをあらわす漢字が皿 擦 以外にあるのか問題について 松 繋  つなぐ  松 ちょっとpeaceすぎるな めざましの取材で聞かれたときはなんと白紙回答してしまったwww ', ' 漢 ww ', '', 'さいたまの埼か たま 笑', '漢字一文字で思いつく漢字 漢 ', '思いついた事から意味付けるのはrさんの真骨頂よね', '真面目だなぁ 松永さん    ', '漢おとこ', '埼玉のたまw ', '松永 俺らって 今年何した    r しましたよ  ツアーとか  ', '埼', '答えることに真摯に向き合い過ぎなんだろうなぁ', '埼玉の 埼  wwwww ', '今年の漢字  埼  玉 ', 'パッと思いついた漢字 漢字の 漢 ww ', ' 漢 笑笑笑笑', '今年はツアーした', '今年の漢字 漢 おとこ  ', '埼玉の 埼 or 玉 笑', '今年の漢字 漢 おとこ  www ', 'うわぁ  懐かしいそれ   ', '俺たち今年何した ツアーしたさいたまスーパーアリーナで 埼玉の埼 玉でもいい', '埼か玉w ', '俺ら今年何してたっけ w ', '玉は大正解なのよ', 'リスナーが漢字送って 松永さんとrさんが理由をこじつけるコーナーやりたい ', '全部に理由付けれる', '今年の漢字  か 漢字の“漢  ', '埼玉の埼玉でもいい', ' 埼  玉 ', '俺らって今年何した ツアーした', 'でもいいってなんだよw ', '俺らって今年なにした  ', '', '懐かしすぎてエモエモ']","{'quantile_0': 0.0, 'quantile_1': 0.29665687680244446, 'quantile_2': 0.48624753952026367, 'quantile_3': 0.6185774207115173, 'quantile_4': 0.9652189612388611, 'average_similarity': 0.4442660170494662, 'size': 703, 'width_q': 0.3219205439090729}"
2022-12-13 01:08:00,"['菅田将暉凄いな 流石だな       ', '菅田さん この時期にしてたなぁなつかしい', 'rさんは 埼玉の埼 ありがとうございます', '自分には 戦 じゃなくて伐採の 伐 にしか見えなかった   ', '懐かしっ', '埼玉の 埼  玉 さすがrさん上手く言葉でフォロー  ', '菅田さん無敵だなー', '出た 菅田将暉の特技 今年の漢字 ', '菅田将暉の特技は どの漢字を言われても全部に理由が言えるby福田さん', ' 埼  玉 でもいいw ', '出た菅田さんの謎の特技', '漢いわゆるr指定', '多分どの漢字にしてもrさんが理由を後付けしてくれると思います笑', '埼玉の埼か玉 笑', '懐かしい あったなあーそのノリ笑', '逆菅田', 'この今年の漢字大喜利菅田将暉がいっちゃん上手いんだよな', 'rさんの模範解答 埼 の答えがラジオスタッフからオッケーが出る', ' 埼玉の 埼    玉 でもいいよ ', '今年の漢字 漢  または 埼 か 玉 ', 'また菅田さんの話題大好きなのね', ' ', '引き継ぐの  ', '確かそんなのあったな', '確かに たまアリは今年の集大成感あったよな   ', '菅田さんのラジオでやってたね懐かしいなぁ', '菅田さんの特技なにそれ笑', 'なんだその菅田の能力wwwww ', 'なつかしいww ', 'いやいや 菅田さんのそんな大したもんじゃないよ笑笑', '今年の英単語笑', 'だぴちすごいなぁアンミカさんみたいだなぁ', ' 今福田さんから教えてもらった 菅田将暉は今年の漢字なに言われても理由つけれんねんて ', 'そういえば菅田くん そんな能力あったな懐かしい', '菅田さんのやつ懐かしいな', 'rさんの閃きスルスル出てすごい', '武道館とたまアリを同年しかも0ヶ月連続って相当だと思うんだけど', ' 玉 でいいじゃんそうだね不気味な金玉だしな ']","{'quantile_0': -0.07764953374862671, 'quantile_1': 0.37460124492645264, 'quantile_2': 0.5861043334007263, 'quantile_3': 0.6978163123130798, 'quantile_4': 0.900474488735199, 'average_similarity': 0.5211541194698587, 'size': 703, 'width_q': 0.3232150673866272}"
2022-12-13 01:09:00,"['菅田さんの今年の漢字芸懐かしいwwwwwwww  ', '菅田さんの今年の漢字の流れ懐かしい笑', '菅田さんは全てに理由を言える特技', '今年の英単語', '菅田さんがやってたなー特技 今年の漢字  ', 'まって やってたなー 菅田さん  なつかしいー  って声出たあああ恋しい ', '', '菅田くん 凄いな', '', '確かに凄かったけど', '菅田さんの特技懐かしいwww ', '今年の英単語w ', '菅田くんの特殊能力www ', '菅田将暉はなんでもこじつけれる', 'めっちゃ思ったwww菅田将暉annトーク思い出した', '', 'それ結構フリースタイルに必要な能力よね菅田いけるんか', '何を言われてもその理由を言える特技を持つ菅田将暉', 'こじつけ能力草', '松俺らって今年何してた 漢字のために振り返るさいたまスーパーアリーナやった 埼 rさんはどんどん言葉が出てくる菅田将暉も同じ才能あり 英語でもイケル', ' ぜんぶに理由をこじつけれる ', 'しゅだぴの特殊能力懐かしい  ', 'そんなしっかりやってないよ', '松 バカだ ', '菅田さんの特技あったなぁ 何でも理由つけられるやつ ', '菅田さんの特技懐かしいなww ', '菅田さんの特技だったのか  バカだ 松おーい    笑  ', 'バカだww ', 'できるじゃんr ', '菅田さんのこの流れ懐かしいなぁw ', '菅田さんのやつ懐かしい', ' 埼 or 玉  ずっとじゃね  ', '菅田将暉 すごい', '菅田将暉の特技 今年の漢字 福田メモ 漢字は出てこない  r 漢字は 聞かれても漢字は出てこないんや 松 バカだ ああ バカなんだ ', '菅田さんの懐かしww ', '0人とも色んな意味でバカでかいニュースあったし アルバムの新鮮さは過去0 ', '菅田将暉来てくれねぇかなぁ  ', 'summerの理由    lll oo  スゲェ   ', '今年の英単語', '', '菅田将暉の今年の漢字懐かしい   ', 'しゅだぴち漢字説明くん懐かし', '今年の英語今年の英単語でもいける菅田将暉', 'あったなーその能力ww ', '今年の英単語w ']","{'quantile_0': 0.0, 'quantile_1': 0.33235863596200943, 'quantile_2': 0.5022544860839844, 'quantile_3': 0.639786422252655, 'quantile_4': 1.0, 'average_similarity': 0.4538231116051626, 'size': 990, 'width_q': 0.3074277862906456}"
2022-12-13 01:10:00,"['', 'あら ツアーファイナルの話してくれたのかなこれは  そういうことにしよ 埼やら玉やら  ', '漢字で一言やんけ', 'さすがしゅだぴち', '懐かしいww確かに菅田将暉もやってたww今年の漢字w  ', '勉強できないかしこ', '', 'それでいいんだw ', '', '山  ', '', '', '菅田さん特技懐かしい', '国王 真面目に今年の漢字考えてください', ' ', ' 英語もいける ', '菅田さんの特技 凄いなぁ', '', '今年の英単語www ', 'いやでもかしこやで あの高校は', '菅田くんの話嬉しすぎる', 'rさん賢だ       ', 'rさん カシコ', 'もぉ 次のspwは菅田さん呼ぼうよw ', 'あー 本当に懐かしいなあ私のラジオ人生 お芝居大好き人生は菅田さんのannから始まったんだ ', '菅田のこじつけ能力高い と思っていたけど漢字は出来ない だけど英語はできる 謎 ', '何かゲームが始まったw ', '', '今年の英単語  今年の  に理由つけるのrさん絶対得意だよね', 'すげえrさん', '菅田くんの漢字のやつ懐かしい', '今年の英単語w ', 'rさんこじつけ上手いでしょう', 'まじでもうすぐ番組終了から0年だし菅田将暉ann特番期待しちゃう時期に差しかかるなぁ', '英単語もいけるww ', 'がんばれ松永さん もうちょい頑張ってこじつけていこ  rさん見倣って         و', 'summer summer  ']","{'quantile_0': 0.0, 'quantile_1': 0.0, 'quantile_2': 0.23825769126415253, 'quantile_3': 0.5553722679615021, 'quantile_4': 0.9167095422744751, 'average_similarity': 0.2801268881259559, 'size': 666, 'width_q': 0.5553722679615021}"
2022-12-13 01:11:00,"['rさん summer 凄い   さすがだな   出てきますね    ', '漢字ドリルではばか', '今年の英単語 summer ', '山新幹線から沢山見た邦さん  ', 'あれから0年 その芸はちゃんと継承されてます    ', '富士山が見えた思い出修学旅行かな  ', 'いくつか用意しておくといいのかも', 'rさんのこじつけ力', 'rさん模範解答 夏も良かった  ', '今年の英語 やってた 確かにやってた 菅田さんの特技 懐かしいなーベスト0言うのとかも懐かしいなー', 'なら 頂 では w ', 'rさん繋げるの上手すぎるって 笑笑', '', '山東海道新幹線によく乗る富士山が見えたなという思い出音楽という山を登っている途中', 'すごいなrさん', '山 ガンバレ 松永さん', '', 'rさんもいけてる', 'なんか卒論の想定質問対策を思い出してシンドくなってきた ', '月曜0部の引き継ぎ 紳士たれ から0ヶ月の時を経て 特技 今年の漢字 が引き継がれ始めた', 'rさんの添削すごい ', 'rさん流石summerからの流れ 完璧   ', 'あーるさんのこじつけ能力の天才ぶりすごい', '', 'やっぱ松永さんの聞くとrさん上手かった笑', 'rさんの答え方が数学の定理の説明みたいでめっちゃ丁寧だったww ', 'また菅田将暉の今年の漢字なんでもいけるやつ聞きたいな', '東海道新幹線', '突然のsummer ', '', 'なんか薄いよ ', 'rくん 天才やわ ', '松永チャレンジ 山東海道新幹線よく乗るんです 富士山よく観たなー ', ' 山 山なんですよね あのー よく乗るのが東海道新幹線 窓見ると山が 富士山が見えたなって思い出がありました  ', 'rさんも漢字も英単語もこじつけイケるぢゃん', '東海道新幹線好きね笑', ' 山 よく乗る東海道新幹線富士山がよく見えたな', '静岡横に長いから   ', 'すげえええええぇ', '松永さん全然賢じゃないな笑笑']","{'quantile_0': -0.04290532320737839, 'quantile_1': 0.09001252986490726, 'quantile_2': 0.5097701251506805, 'quantile_3': 0.6587923914194107, 'quantile_4': 0.8946185111999512, 'average_similarity': 0.4174806204209558, 'size': 780, 'width_q': 0.5687798615545034}"
2022-12-13 01:12:00,"['新幹線の話しかないw ', 'rさんこじつけ天才じゃん', 'rさん天才  ', '松永さん 東海道新幹線とお茶と窓大好きかww       ', '東海道新幹線から窓見る話ばっかり笑', '今年の英単語は  summer制作したアルバムの中から二曲を夏フェスでやった時に確かな感触を得たから', '東海道新幹線縛りなのw ', '今年の英語って何 でも それで答えられるさすが菅田くんまた ゲストに来て欲しいな', '', 'rさん模範回答', '菅田さんと聖徳太子今年の漢字スタイルしてほしい ', 'rさんうますぎない   ', 'rさん相変わらず語彙力が凄いなぁ', 'もはや漢字じゃないサマー漢字に弱いから単語に振り替えたrさんこじつけというか 説得力さすがやわぁエピソードと感情を組み込む なる', 'フリースタイル今年の漢字スタイル爆誕wwwwww ', '例えが 山 松永さんのこじつけも頑張った それ以上を出してくるrさん  凄い能力   ', '松永さん真正面から向き合いすぎるんだろうな', 'まじで菅田さんと全く同じゲームしてるやん笑', '富士山見えたなって思い出がありまして薄っwww ', '静岡ばっかりww ', 'インタビューというより面接感ある', 'rさん面接強いんだろうな', '0問目  茶  ', ' ', 'さすがフリースタイル王', 'rさん凄い 笑  ', '松永さんの喋り方が小学生の夏休みの作文みたいでかわいい    ', '今年 新幹線の思い出しか無いのかw ', 'さすがrさん  ', 'こじつけはrさんの右に出る者居ないだろ多分 完全にmcバトルのスキルだろうがよ ', '菅田ぴちすげぇ', '松永さんの浅いやつも好きだよ笑', '出身地ディスられてる  お茶煮出したらアカンよ', '今年は東海道線新幹線をたくさん乗って 山いっぱい見ました 小学生の作文感笑 ', '漢字一文字フリースタイルバトルだ', ' rさん さすが 何でもいける', 'rさんすごいな', '東海道新幹線しか記憶にないのか笑', '松永 あのー 東海道新幹線が ', 'また東海道新幹線w ', 'rさん凄すぎひん 本当に教祖様誕生しそう松永さんは教徒でいよ笑', 'rさん上手すぎるし 松永さんは下手すぎるw ', '松永さん東海道新幹線大好きじゃん', 'こじつけの才能 ', 'なんかゲームがはじまった', '東海道新幹線から逃れられない松永さん', '面接練習してるのか     ', ' 茶 東海道新幹線 笑  ', 'こじつけ感www ', 'rさんのフォロー能力すごすぎる', 'rさん 話の肉付け方が凄すぎる', '東海道新幹線ver 0 ', '東海道新幹線からじゃないとダメなの 笑', 'rさん特技に追加で  ', 'こいつの0年の思い出東海道新幹線だけやんwwwww ', '静岡ばっかりw ', '松永さん理由が全部東海道新幹線wwwwwww ', 'rさんの頭の回転よ ほぼラップ', 'rさんもこじつけ上手松 そりゃ優勝するわこの人 ', 'rさんうんま  ', 'rさん 松永さん ちょっとナニ言ってるかわかんない', 'rさん天才的だなぁ ', 'rさん凄すぎ', 'r 音楽という山の頂  上手すぎる松 そりゃ優勝するわこの人  ', 'すぐ隣にプロがいた ']","{'quantile_0': -0.0921994000673294, 'quantile_1': 0.30508188158273697, 'quantile_2': 0.4965791702270508, 'quantile_3': 0.6493990421295166, 'quantile_4': 0.9766600131988525, 'average_similarity': 0.4625456779135185, 'size': 2080, 'width_q': 0.34431716054677963}"
2022-12-13 01:13:00,"['松永さんよく乗るのが東海道新幹線だから今年の漢字は 山 ', '新幹線から山がいっぱい見えたからww ', '特に梅田サイファーにはこの手の遊び上手い人多そうやわw ', '松永さんの 茶 あのー  東海道新幹線 静岡通るんすよ  静岡といえばお茶だなとか 思いながら 窓を見るんですね ', '菅田さんの今年の漢字フリースタイル触れてくれてる懐かしいな', '東海道新幹線   じゃないねん  ', 'いつか菅田さん呼んで 今年の漢字王決定戦 やろうよ  ', '茶', '東海道新幹線ばっかりで草', '菅田将暉そろそろ月曜0部ゲスト来いよ年末になったから特技 今年の漢字 やってくれよアバター公開されそうだから来てくれよ頼むよ', 'まつながさんに添削出来ちゃうあーるさん天才だな', '茶東海道新幹線静岡通るんすよ静岡といえばお茶だなと思いながら窓を見るんですねその時に思ったのがお茶の葉のように煮出して味が出るそんな楽曲を作っている 煮詰まることもある 才能がカラカラに枯れてしまったのかと思うことがある芽を摘むことが仕事なのかな', '結局rさんがフォローしてんじゃんwww ', '同年代 菅田 松永 r が月曜0時に変な特技を継承してる', 'ノリ付け足すwww ', '東海道新幹線 万能 ', '東海道新幹線好きすぎ笑', 'もうrさんいないとダメじゃんw ', '年一でしか使えない特技 今年の0文字 ', 'そりゃ0連覇しますわ   ', 'rさんすごいw ', '富士山 茶静岡のことばっかりありがとう ', 'あーるさんさすがうっっまwww ', '最早もう今年の漢字静か岡にしろよww ', '東海道線新幹線乗るんですよ 静岡通るんですよ 静岡といえばお茶だなって ', 'rさんすげえww ', '全部東海道新幹線ずっと窓の外を見てるしwww ', '', '東海道新幹線から逃げれない', '上手だほんと', 'rさんすごすぎる 面接得意なんだろうな ', '結論 rさんと菅田さんは凄い 松永さんには無理だし東海道新幹線から逃げられない  ', 'r劇場じゃんw ', '東海道新幹線から逃げられないなぁ', 'お松さんの薄い説明にrさんが味付け追加するの凄い 笑  ', '東海道新幹線 0度目  ', '俺じゃ無理だ r すごすぎるって', 'rさんすごすぎゴンフィンガーです', '菅田vs rやろうよ', '松永くん 逆に東海道新幹線にこじつけられるんじゃない  ', 'rさん上手すぎて怖いwwww ', '東海道新幹線好きやなwww ', '芽を摘むことが うますごすぎるって', 'あーるさん大得意分野じゃん', 'rさん流石やわあ', 'rさんさすが頭の回転が速い', '福田さんありがとうらぶ  ', 'rさんも凄いし菅田さんも凄い', 'こじつけ練習お題は 山 松移動で富士山見たr山を登るように 茶 松東海道新幹線で静岡通るんですr煮出す 新鮮なことの積み上げ松さん目の前のことしか言えません', '静岡の茶 うれしー']","{'quantile_0': -0.0766904354095459, 'quantile_1': 0.3159806728363037, 'quantile_2': 0.4885026812553406, 'quantile_3': 0.6376268863677979, 'quantile_4': 0.901554524898529, 'average_similarity': 0.45880412493585326, 'size': 1225, 'width_q': 0.32164621353149414}"
2022-12-13 01:14:00,"['そんなに東海道新幹線大好きか', 'パチパチパチすげええ', '菅田さんはできます ', 'rさんさすが ', ' 茶 静岡と言えばお茶   松永さん 笑 そしてやっぱり出てきますねrさん 流石   菅田さんラッパー   笑  ', ' お題 今年の漢字 山 よく東海道新幹線乗るじゃないですか 富士山がよく見えたなーって言う思い出www お題 今年の漢字 茶 よく東海道新幹線乗るじゃないですか 静岡通るから 窓の外を見てwww松永さんのめっちゃ笑うwww ', ' 茶 のrさん追加回答を聞いたまつなが松永 俺じゃ無理だよ ', 'rさんスゴすぎやって ', '松 俺じゃ無理だ ', 'rさん漢字は書けないのに フリースタイルで理由考える事は得意なのね', '全て東海道新幹線のことに結びつけてる松永さん', ' おれじゃむりだ ', '確かにラッパーならわかるけど菅田さんができるのはすごい 笑  ', 'ちなみに今日昼ナゲットです 笑    ', 'すごぉ     ', 'rさん天才すぎるwww ', 'ヨ バトルmc日本一 そして菅田将暉  ', '山ねー', '菅田さんもrさんすごすぎるな  ', 'ubereatsでマックマックナゲットがいちばん美味い', 'rさん  すげぇ  w ', '菅田と同じ特技を持ってたrさん笑笑', '菅田さんは偉大', '', '東海道新幹線連発 めっちゃ笑ったwww ', '松永さんの今年の英単語は nugget 結局0番美味しくて好きなのはナゲットだと気付いた0年でした', 'こじつけうますぎるわ笑笑', '今年の漢字はdjには無理', '茶  ', 'お茶煮出してるの rさん', '松永さん向いてない', '菅田さんラッパー説', 'マック頼むんですよ あのね マック頼むんですよ ', 'やっぱり作詞する人はこうゆうの得意なんかな  ', '菅田将暉最強だよ 笑', 'ナゲットきても東海道新幹線待っちゃうんだけどw ', '今年の英単語 ナゲット ', '菅田くんも rさんも凄い   ', '今年の漢字エピソードトーク大喜利  笑', 'rぐらいじゃないと出来ないぜ', 'クリピ静岡にもライブ来てください', 'ナゲットってチキンマックナゲット  ', '静岡来ねーじゃん  ', 'ウーバーでマック頼むんですよ   完  ', ' これあーるくらいじゃないと出来ないぞ ', '菅田さんをスペシャルウィークに呼んでrさんと今年の漢字でバトルして欲しい']","{'quantile_0': 0.0, 'quantile_1': 0.3838662803173065, 'quantile_2': 0.5111833810806274, 'quantile_3': 0.6431133151054382, 'quantile_4': 0.9311611652374268, 'average_similarity': 0.49085657619623746, 'size': 1035, 'width_q': 0.2592470347881317}"
2022-12-13 01:15:00,"['nugget ', '', '相変わらずお松さんの閃かなさww ', 'ubereatsでよくマック頼むんですよあのね頼むんですよすごい', 'あーるさんはこういうの得意そうだけどすださんが出来ちゃうの確かにすごい', 'rさん助け舟出すけど受け取られず ', '今年の英単語は nugget   ナゲット    ', 'マック頼むんすよ     ', '優勝できますわ', 'いつも即興物語作ったりするし rさんの才能改めてスゴすぎるな ', '松永さんは真剣に向き合いすぎて動けなくなるのでは', '東海道新幹線から逃れられない松永さんw ', 'ナゲットはなんなら金塊って意味だから割と色々付けられそう', 'マック頼むんですwがんばれwww ', 'nugget ', '菅田くんとrさんで今年の単語こじつけ合戦ヒートアップしそうだなぁ生電話でやってくれないかと密かに期待w  ', ' ナゲット お リスナーさんもお題を投げてきたぞ楽しみだなrさん松永さんの回答  ', 'レベルの高い遊びになっちゃったもう大会優勝できるって', ' rぐらいじゃないとできないぞ さりげない相方マウントありがとうございます', '菅田将暉はラッパー', '流石スリータイムチャンピオン', 'とりあえず 松永さん東海道新幹線降りようか  ', '大喜利はじまった 笑', '結局ナゲットが0番美味しいと気づいた0年', 'なんかソニックマジカルソロバナナのノリを思い出すなぁ笑', 'ナゲットが好きだなって気づいた一年でしたw ', 'cmかよ笑', '', 'マックのナゲット 結局0番おいしいな結局0番好きだなあって', '菅田 r指定≠松永', '菅田さんきてほしい笑笑笑笑笑笑笑', '漢字はわからんけどとりあえずこじつけられる能力さえあれば解決するアーティストの今年の漢字問題 菅田さんはなんでもこじつけられるそうで  やってみる二人 お題 山  松 東海道新幹線によく乗るんですが富士山が綺麗なので  山 終わり  その後rさんが物凄い立て板に水 ', '結局0番すきだなぁ   可愛いすぎ', 'ウーバーでね よくマックを頼むんですよ マックを頼むんですよw ', '菅田くんインタビュー受けすぎてるんだろうね', '菅田さんはいつ', 'マックのcm出来ましたよ マクドナルドさん  ', 'お正月cm ', 'プレッシャーハンパないrさん', 'アイムラビニ       v ', 'すごすぎるrさん']","{'quantile_0': -0.0431223064661026, 'quantile_1': 0.1379876658320427, 'quantile_2': 0.43846744298934937, 'quantile_3': 0.6054407060146332, 'quantile_4': 0.9143035411834717, 'average_similarity': 0.38475533976566, 'size': 820, 'width_q': 0.4674530401825905}"
2022-12-13 01:16:00,"['ナゲット⇨金塊 はテークさんの曲', '今年の漢字 英単語→理由のこじつけ大会始まってます笑', 'なんとかかんとか i m lovin  it ', 'テークさん出てきた笑', 'ナゲットウーバーイーツでマック頼むんですよ0番結局おいしいのがナゲット 好きと気づいた 金塊という意味があるらしい チキンの金塊 輝いているようにも見える 仲間から刺激ももらえてジャンクフード大好きでナゲットを食ってナゲットを生み出す作業をしているんだなi m lovin  it ', '今年の漢字の上手さはrさん 菅田さん  松永さんなきがするな', '何かにつけて薄い松永さんと何でもこじつけるrさん', 'i m lovin  it www ', 'またマックのcm来たらいいな', 'インチキ詐欺師', 'マクドcm狙ってたw ', 'テークさんかな  ', 'r ナゲットにはもともと 金塊 という意味もあるんですよ r回答のはじまりがすげぇな しかもテークさんから教えてもらったん ', 'ナゲット→金塊にいけるrさんすげー 笑', 'がち  rすげえええ笑笑', '結局締めるのはrさん 笑  ', 'リアル教祖誕生', 'あっ', 'rさん凄すぎ', '死神tシャツ', '', 'マ rぐらいじゃないとできないよ のっけから強火投下してくるやん0人ラジオ尊い    艸   ', '死神tシャツww懐かしすぎるw ', 'ちゃんと金塊って意味に行けるrさんやっぱり凄いんだよなwww ', 'i m lovi n it   ', 'まっ デリ おいしかっ', 'インチキ詐欺師w ', ' rがひたすらすげぇよw', '金金金    ', 'お見事ですわ', 'i m love it ', 'i m lovin it最後笑った', 'また闇マック    ', 'お題  ナゲット  ウーバーイーツでマック頼むんですよ マックを頼むんです 結局ナゲットが0番美味しいなーって気づいた0年でした wwww ', 'お正月cm笑', '今年の漢字はナゲット     ', 'アイムラビニッお正月cmでした', 'ナゲットの豆知識', '死神の物販tシャツ笑', 'マクドナルドのキャッチコピーやん ', 'もうrさん政界進出しなよwww答弁無敵すぎるだろw ', 'ケンタに続いてマックからも仕事を貰おうとしてるな', '懐かしいな 時々あの時間が恋しくなる ', '何でもかんでも素晴らしい回答に変換してくれるr好きすぎる', 'i m love it ', '物販のtシャツ', 'あのシャツ面白かったなぁ笑', '松永さん全然説明できねえ笑', 'いきなりcmw ', 'インチキ詐欺師wwww ']","{'quantile_0': -0.10239938646554947, 'quantile_1': 0.08303001523017883, 'quantile_2': 0.3467901051044464, 'quantile_3': 0.5476296544075012, 'quantile_4': 0.9999998211860657, 'average_similarity': 0.3410590447740135, 'size': 1225, 'width_q': 0.4645996391773224}"
2022-12-13 01:17:00,"['菅田将暉をインチキ詐欺師呼ばわりしとる      ', '今年の漢字は ナゲット よくuber eatsでマック頼むんすよ マック頼むんす結局0番ナゲットが好きだなて気づいた一年でした', 'アイムラビニッ  笑 rさん最高です    ', 'マックcm待ってます', '懐かしい死神tシャツwww ', ' 死神 と書かれた変な服', 'rさん博識やから出来るんやな松永さんは知識偏ってるから ', '騙されたあのtシャツ', 'これできる人インチキ詐欺師', 'インチキ詐欺師笑', 'インチキ詐欺師w ', '変な服買わされたってwwwwwww ', 'r i m love it ', 'i m lovin  it ', 'インチキ詐欺師www ', '死神t ', '上手すぎてインチキ詐欺師', '急にマクドの正月cm笑', '死神t 懐かしい菅田さん絡み多いなサントラかけるの  ', '懐かしい死神tシャツwww ', 'インチキ詐欺師', 'ソウルイーターのtシャツ懐かしい', 'ナゲットi mlove it rさんの締めさすがやわ菅田くんを外野からイジるcreepy死神tシャツ買わされるってww ', '最後何 笑', 'i m lovin it ', 'これ出来るやつインチキ詐欺師ww ', '松 これできるやつインチキ詐欺師だろ r 俺はまだしも菅田さんのことディスんな  松 お前そういや変なtシャツ買わされてたな r 死神って書いてあるやつな ', 'プチ情報もブチ込むこともできる 0連覇王 英単語もいける ', 'この能力ビジネスチャンス     ', '死神tシャツ    ', 'インチキ詐欺師wwwwwwwwww死神懐かしすぎるwwwwwwwwww ', 'rさん  ということで今年の英単語はナゲットです i m lovin  it  ', '菅田さんに変な服買わされてたなww死神www ', 'rさんすげ', '死神tなつかし', '変な服買わされるインチキ詐欺師', 'マック頼むんだ ナゲット', '死神懐かしすぎるwwwwwwwww ', 'ソウルイーターのやつ笑', 'こじつけの鬼だ笑i m love it    ', '  ', '懐かしの死神tシャツw ', '死神t懐かしいなwwwwwwwwwww ', '菅田さんに買わされた死神twww ', 'creepyもそろそろのcmきてもいいよねぇ', 'だぴちラジオやってたら完全にビーフの流れソウルイーターtシャツなつい  ', 'rさんにしかできんわ', 'rさんさすが 立て板に水とはこのこと', 'ソールイーターの物販w ', '邦さんの今年の一文字七', '死神シャツを買わされたwwww懐かしいなww ', '菅田将暉に変な服買わされたwww ', 'i m lovin it ', 'tfで聴く', '今年は物販も熱かったよね 番組的に ', 'rさんうますぎ   ', '出た出た', '今年の英単語  ', 'うわー ソウルイーターの物販の話  ほんとすき   ', 'グッズ買わされたの草 笑ったわ', '菅田くんとrさんインチキ詐欺師扱い', '突然蘇るソウルイーターtシャツ問題 なつかしいな  ', '菅田将暉はインチキ詐欺師', 'ナゲットの意味は 天然の金塊 だそうです   ', 'みんな知ってたその通り', '懐かしいtシャツw ']","{'quantile_0': -0.07669849693775177, 'quantile_1': 0.2525167763233185, 'quantile_2': 0.4130187928676605, 'quantile_3': 0.5705187320709229, 'quantile_4': 1.0000001192092896, 'average_similarity': 0.3956935104696918, 'size': 2145, 'width_q': 0.31800195574760437}"
2022-12-13 01:18:00,"['死神tシャツ', '菅田将暉はインチキ詐欺師なのか   ', 'まぁ 言われたら買っちゃうな', 'そういや年始に賽銭箱とatm往復したんだっけか 初っ端からやらかした0年でしたね       ', '指定さんすごない   ', '  ', '死神さまねww ', '意味わかんないの みんな知ってるよ笑', 'これか 笑    ', '変な服買わされてたな  ', 'あいつ やりよるな ', '最後はマックcmで締めるww ', '菅田将暉さんの話聞くと久々に菅田将暉さんのラジオ聴きたなったまたcreepy nutsと共演しないかなラジオ ', 'みんな思ってたよ', '今から', 'ふりにしか聴こえない', ' インチキ詐欺師 ', '七', '松 お前菅田さんに変な服買わされてたな    ', 'コスパ悪すぎ', '何割か菅田さんに入ってるww ', 'r あいむらびにっと ', '菅田さんからもらった 死神t 懐かしい 詐欺師    笑  ', '死神tシャツか    ', '聞いてる', 'テークさんナゲットなんて曲あるんだ調べよ笑', '', 'お賽銭0万は全員イカれてると思ったんじゃないかな その前年の0万の0倍も効果がなかった ', '', '今年の年始 お賽銭に0万ぶち込んだ松永さん もう絶対にしない  意味わからない r みんな知ってた ', ' 今年の漢字なぜその漢字になった  リスナーからガンガンくるぞー rくん がんばって   ', '', '0万は聴いた瞬間知ってた ', 'みんな知ってたわ ', 'もういいよどうせ0万こえるよこの人', 'お賽銭に0万', '菅田さんは死神tシャツ買わせてるからインチキ詐欺師', '死神tシャツ', 'i m lovin  it    ', 'インチキ詐欺師 菅田さん rさん', 'お賽銭にコスパの概念あったんやな', '死神tシャツwwwww   ', '菅田さんに買わされた変なドクロtシャツもめっちゃ懐かしいwwww ', '今年お賽銭七万円→もうやらない  ', 'ハガキ職人リスナーが再燃しそうなこじつけお題合戦の予感rさん腕の見せどころ', '神様を買収', '  ', 'お賽銭と御神籤の話大好きだからそんな事言わず来年もしてくれwwww ', '今年はお賽銭しないの   ']","{'quantile_0': -0.013223150745034218, 'quantile_1': 0.0, 'quantile_2': 0.3817402422428131, 'quantile_3': 0.5733901113271713, 'quantile_4': 1.0000001192092896, 'average_similarity': 0.35870916405724373, 'size': 1176, 'width_q': 0.5733901113271713}"
2022-12-13 01:19:00,"['松永さんの来年のお賽銭 どうなるんだろ', '松永さんがハッとしてくれてよかったです ', 'え フリですか 笑', '松永 意味わかんない  r 知ってた  ', 'あっ行くんだ彼女とじゃなくて  ', '全然0倍じゃない コスパ悪すぎ', 'ソウルイーターの物販買わされてた', '菅田さんに変な服買わされてたrさんw懐かしい     ', '神様にスパチャしとるw ', 'みんな知ってた  ', '今年の年始の松永の謎ムーブね笑', ' “絶対 が来たら危ないww', 'まつながさんがナゲットで撃沈した後のあーるさんの これ俺のプレッシャーはんぱないな   わらった けどやっぱり天才だった i m lovin  it  ドヤ ', 'かます   と注ぎ込んでたからw ', 'rさんは単語ひとつで即興で話出てくるのすごいし 来年松永さんはきっとまたやる', '神へのスパチャって言われてたのクソ好き', '松永お賽銭0万使ったのあったなぁ 懐かしすぎる   ', '松永と朝井リョウガチ頭おかしい 何で0万もぶっ込んだ            ', '菅田くんのことインチキ詐欺師っていう松永さんw死神ってtシャツ懐かしすぎるソウルイーターのやつね', '菅田の時の今年の英語 キャプテンポールスミス だったのめっちゃ覚えてるわ', 'お賽銭0万なので七松 俺本当心に決めた 来年絶対そんなことしない  意味わかんなかったなって r みんな知ってた  ', 'rさんの死神tシャツ懐かしい 笑  ', '朝井さんなにも悪くないのに むしろ松永さんに捲き込まれた可哀想な被害者なのに        ', 'インチキ詐欺師なのか   ', '流石に賽銭金に0万はエグ過ぎるって', '菅田さんに死神って書かれた変な服買わされてた あいつやりよるな ', '松 お賽銭に0万っておかしい r みんな知ってた ', '絶対しない は危険', 'コスパ悪いことに気付いた', '改めて聴いてもイカれてるわww ', '皆知ってたwww ', '0年学ぶ必要もなく みんな知ってた', '意味分かんねえ→みんな知ってた', 'i m loving  it  ', '年始の奇行を 意味分かんない と振り返る 松永さんだなーwww ', 'お賽銭のコスパ 最悪', 'よかったお賽銭0万円 意味わかんない って自分で気づいてくれて', ' 絶対 はフリ', ' 絶対 はダメ笑', ' 絶対 が来たら危ない申し訳ないけど年始放送楽しみ', '聞く耳持ってなかったからちゃんと覚えてないw ', '福田さん ブラフだな ', 'お賽銭にコスパの概念あるん wwww ', '松永 ちゃんと覚えてないもんね ちゃんと止めた  ', '意味分かんない事付き合わされた朝井さんの立場よ', '絶対というおなじみのフリですね', ' 聞いた瞬間 知ってた ', 'お賽銭0万意味わかんないのは皆知ってた⋯ ', 'rとスタッフとリスナーの共通認識松永の 絶対 は危ない', '懐かしいなぁぁ', '勉強なるなぁ', '松永さんもう万札ぶちこむなよ  ', '神罰が下る 笑  ']","{'quantile_0': 0.0, 'quantile_1': 0.5412948876619339, 'quantile_2': 0.6481258273124695, 'quantile_3': 0.7302597910165787, 'quantile_4': 0.9563584327697754, 'average_similarity': 0.6135942719563171, 'size': 1378, 'width_q': 0.18896490335464478}"
2022-12-13 01:20:00,"['松永さんの 絶対 がきたら危ない', 'これ出来るやつインチキ詐欺師笑笑', 'お賽銭dj今年も期待してるんだけど', '松永の絶対はフラグ', '死神買わされたよねー', 'あの時の松永は狂ってた', '0番の被害者朝井リョウ先生なんよな笑', 'dj松永さんは来年こそは七福神に0万円ずつお賽銭はやめる  ', '絶対という壮大なフラグ', '初詣の予定立ててるんだ', '松永さんの絶対は危険だ    ', 'こちらで0万でしたよね 神様を金で買収  笑 お 来年も      ', '賽銭ドボンフラグ', 'お賽銭七万 意味わかんない‥  gt   lt   ', 'みんな知ってたわしかも 神罰がくだるって', '前振りの絶対', '意味わからんことをしたことに自分で気づけた松永さん', '松 朝井リョウと初詣行く計画立ててんだけど  ', ' 絶対 はフラグ', '来年も朝井さんと参拝予定', '松永さんの 絶対 はフラグ', '賽銭にぶち込んだ話あったなぁ普通に意味わからんて思った笑', '松永さんから ぜったい が来たら危ない', '全然0倍じゃない    皆知ってた 笑', '松永さんの絶対 フラグ', '男気賽銭wwww ', '朝井さんが来る男気賽銭', '絶対が来たらヤバイ', 'お 朝井リョウとの初詣の予定は立ててる けど ぜったいしない と宣言したのでこれは大量お賽銭ありますね ', 'もう初詣の予定立ててるとか仲良すぎだろ', 'だってrさんソニマジソロバナナとかもやばかったもん 基本教祖だもん そりゃ得意だよ 松 もう詐欺師じゃん 俺に壺売るつもりだろ いいえ 壺売られたら買うのはわたしたちです', '年始は浮かれておかしくなってる 来年は0の0倍ですか ', '男気賽銭', '福田さん フラグ ', '松 絶対やらない r あっぶないかもなぁ 絶対が来たら危ないかもなぁ 福 裏側 ', '0万話聞いたのが0部だったの感慨深い', 'rさんの言葉への執着がすごすぎてワーっていうことしかできない', '漢気賽銭笑', 'お賽銭に対してコスパは草', '男気賽銭ww ', 'rさんすごすぎて尊敬の眼差し    ', '神様を金で買収は草', '絶対が来たら危ないなあフラグ立てたなあwww ', '松永さん 天然でフラグ立てまくり', 'あー 絶対 出ちゃった', '今日も邦と行くか ', '変なノリ笑', '朝井さんの復讐 笑  ', '賽銭配り側ですからね', '今年もクニと  朝井さん  ', ' 絶対 がきたら危ないねw ', '松永さんの 絶対 はフラグ', 'なつかしすぎる   いつかまたゲストに   ', '0 来年はどうすんだろ  ', '漢気賽銭w ', 'フラグ w ', '男気賽銭笑ったー', '朝井さん 漢気賽銭 ww ', '朝井リョウ 男気賽銭  ', 'まつながさんの 絶対 は危ないwwwww ', 'ベッタベタのフラグww ', '松永さんの 絶対 はホラー ', '何 か入ってる説笑', '0級天然フラグ建築士']","{'quantile_0': 0.047931414, 'quantile_1': 0.4761846736073494, 'quantile_2': 0.5820975005626678, 'quantile_3': 0.6836558282375336, 'quantile_4': 0.99999994, 'average_similarity': 0.56664616, 'size': 2016, 'width_q': 0.20747115463018417}"
2022-12-13 01:21:00,"['いこうぜクニ 男気賽銭  ', '松永さんの絶対は危ないはなんかわかるわ', '男気賽銭 ', '絶対とか言わないほうがいいよwフラグが立っちゃうからww ', '朝井さんのイメージがwww ', '男気賽銭w ', 'お賽銭0万お兄さん今年思ったことお賽銭に七万ぶち込んでも意味ない 俺 去年一万今年七万入れたけど ご利益0倍じゃない ', '  絶対 が来たら危ない ', '朝井さんと初詣の予定アリってことは今年も帰省できない位忙しいのかな ', '朝井リョウさんも大概変だからな ￣ ￣  ', '来年は朝井リョウに逆にやられる可能性も 男気賽銭  0礼0拍手賽銭0万', '出た 絶対 のジンクス', 'r再現の朝井リョウ草', '0礼0拍手', '漢気賽銭ww ', ' 絶対しない →お賽銭0万フラグ', '朝井さんがそんなノリ  ', '松永さんが変な初詣させたせいで朝井さんの初詣感が狂ってしまって  ›ᾥ‹  ', 'また朝井さんと初詣いくのねたのしみすぎー', '逆に朝井さんがそのノリするかも  ', '逆に朝井側から仕掛けられる可能性を示唆してくる', '来年の初詣も松永さん 朝井リョウさんと行くそうですw ', '', '男気賽銭w ', '松 朝井リョウそんな奴じゃない       ', '男気賽銭ww ', '男気賽銭w ', 'フラグ建てる松永さん', 'そしたら直るってこと 二度手間だなー', 'あのお賽銭話で もう0年の早さを感じるやで', '初詣で0礼0拍手とかくそ迷惑', '漢気賽銭 ', '男気賽銭wwwwwwwwwwwwwww ', '男気賽銭はやっば笑', '男気賽銭', '男気賽銭', '男気賽銭wwwwww ', ' 漢気賽銭     笑  ', '男気賽銭', '男気賽銭を始める朝井さんなんて想像できない  笑', '漢気賽銭 朝井さん絶対しなさそう笑', '朝井リョウさんと松永さんと遭遇したい', '', 'トラウマで変になっちゃった朝井リョウ', '男気賽銭wwwwwwwww ', '男気賽銭w ', '客扱い', 'お礼参り  ', '漢気賽銭', '気付きの松永さん', '男気賽銭ww ', 'r 男気賽銭  ', '結婚するんだ   ', ' 男気賽銭', '漢気賽銭w ', '男気賽銭', 'あさいさんからのパターン笑', ' 男気賽銭    あいつそんなノリじゃない  w ', 'まっっちゃんおもしろいなー最高大好き', '男気賽銭wwwww ', '男気賽銭ww ', '漢気賽銭wwwww ']","{'quantile_0': 0.0, 'quantile_1': 0.3395773023366928, 'quantile_2': 0.4779137372970581, 'quantile_3': 0.5802398324012756, 'quantile_4': 1.0, 'average_similarity': 0.45843421235002896, 'size': 1891, 'width_q': 0.24066253006458282}"
2022-12-13 01:22:00,"['朝井さん   どうするの', '  フラグ      ', '0礼0拍手wwwwwwwwww ', '賽銭0万w ', '0礼0拍手賽銭0万', '0連0拍手賽銭0万', '男気賽銭wwwwww ', '朝井リョウの 漢気賽銭  最悪すぎる笑笑笑笑', '漢気賽銭   ', '行こうぜ くに 男気賽銭っᕷ·͜·', '    太客来たで 0→0→0 ', '男気賽銭  朝井リョウ  ', '男気賽銭 ', '男気賽銭', 'あるさんの口から出る くに は刺激強い', '男気賽銭 0礼0拍手www ', '0礼0拍手 笑  ', '漢気賽銭www百礼百拍手www ', '男気賽銭www ', '朝井リョウさんから漢気賽銭をやらされるの 松永さん 笑', '百礼百拍手賽銭十四万', '完全に筋トレ ', '男気賽銭', '七福神コント', '今年もくにと初詣行くか', 'ぶっ壊れ賽銭www ', '来年は 朝井さんが男気賽銭  ', '去年0万今年0万来年0万  ', '神様の期待を背負う松永さんの初詣ww        ', '0万→0万→0万', 'リョウ おっとこぎさいせん creepy nutsのオールナイトニッポン│ニッポン放送     nuts ', '男気賽銭wwwww ', '男気賽銭っwww ', '百礼百拍手は筋トレ', '朝井リョウ 漢気賽銭 漢気賽銭  ', '百礼百拍手', '男気賽銭w ', '朝井リョウさん 今日もくにと初詣行くか ', '百礼百拍手は迷惑笑', '太客とか言うなww ', '松永と朝井リョウを見つけたいつもの神社の神様たち 太客来たで  ', 'お百度参りってのもありますよ', '神様は覚えてるよ松永さん', '今日菅田くんのこといっぱい話してくれてて嬉しい毎年 菅田くんが今年の漢字から 話を繋げてくれるやつ 上手く説明できん すごい懐かしい ', 'あーそうね お守り系は返さないとだもんね 七万の神社には行くことにはなる ', '朝井リョウ氏 いくぜクニ  男気賽銭 男気賽銭 お腹痛いw ', '神様 太客来たで ', '神様 太客来たで   ', '初詣はぶちかます', '男気賽銭wwww ', '漢気賽銭w ', '漢気さーいせん漢気賽銭rさんの煽りww来年は松永さんいくら神様に課金するんだろ 松永 太客シャンパンを出す毘沙門天', '神様達に太客と認知されている松永氏']","{'quantile_0': -0.11145958304405212, 'quantile_1': 0.24573317542672157, 'quantile_2': 0.4106336981058121, 'quantile_3': 0.547889232635498, 'quantile_4': 1.0, 'average_similarity': 0.40266165693921774, 'size': 1378, 'width_q': 0.3021560572087765}"
2022-12-13 01:23:00,"['男気賽銭百礼百拍手', '神様って毎年出雲で会議してるから松永さんの事は全国の神様が知ってると思うよw ', '神様には太客 笑  ', '男気賽銭ww ', '0万はシャンパン出るw ', '朝井さん 漢気賽銭  楽しみにしてますwww ', 'キャバレーじゃんww ', ' 漢気 賽銭 ', '太客来たで', '毘沙門用意しとるがなシャンパン', '太客ww ', 'ウッキウキ七福神 太客松永が来るから ', '私もちゃんと0円お返しに行きます', '男気賽銭に百礼百拍手 すごくリズムいいな', '七福神をキャバクラにするなww ', '百礼百拍手wお腹痛いw ', '', '0円も   ', 'シャンパン出るよwwwww七福神大喜び', '朝井リョウの勝手すぎるイメージでバカ笑ってる', 'ぶちかます ぶちかます ぶちかます を0回  ', 'あー あれ貰ったんだ 私もそのうち行かないとな ', '神様ヤクザ説ww ', '前の神社は行かないといけない 0円を返しに行かなければいけない 七福神 太客きたで  w ', '関西弁で太客言ったらもう ハゲタコなのよ ', ' 漢気賽銭っっ  朝井リョウそんなノリじゃねえ  百礼百拍手賽銭十四万 ', '再来年は0万円', 'rさんが妄想でセリフつけるの面白すぎて大好きw ', ' 太客来たで  笑', '月曜に creepy nutsから菅田さんの話聞けて生き生きとしたわ', '聞く耳持ってないから ほんとにひとつもおぼえてないもんね凄い 感心する ', 'なんで初詣で ぶちかます って感情がわくの', '漢気賽銭www ', 'えびす様 ぶちこみのクニが来たぞ   ', '  ∩ 罒 ∩   ', 'お松さんキャバクラと言わずキャバレーって言うんだよな', 'やべぇ数列笑笑', '男気賽銭 やって欲しい朝井さん笑', '松永さん 神社で太客扱い', '男気賽銭wやっば', 'キャバレー']","{'quantile_0': -0.05592126026749611, 'quantile_1': 0.3072446584701538, 'quantile_2': 0.47259749472141266, 'quantile_3': 0.6129105389118195, 'quantile_4': 0.9574027061462402, 'average_similarity': 0.4387469829171229, 'size': 820, 'width_q': 0.30566588044166565}"
2022-12-13 01:24:00,"['今年 お賽銭ブチ込んだ割にはバッシングされたりとか御利益なかったな 邦彦', '七福神 太客来たで   ', '毘沙門シャンパン用意', 'お賽銭はみかじめ料ではありませんよ ', '次は一円も払わない 五円玉だけ返す', 'みかじめ言うてるやん', 'ぶちかます 0万×0神様  ', '仏と違って神は祟るから ほら ちゃんとご挨拶しやなな松永さん       ', '神様に期待を持たせているdj ', 'ブチカマス を0回', '男気賽銭笑笑', '見か締め', '0ヶ所全部に ぶちかます   0円in  って宣言してきた男', '手短に済ませられるかな ', '神様のみかじめ', '挨拶だけ  それはダメ┓       ┏', 'キャバクラ賽銭スタイルw ', 'r ずっと供え続けないと逆に祟るよ  ', 'おもしろすぎるよ 松永さん ', '課金し続けるしかない', 'ヤクザにやるのは上納金なのよwww ', '一昨年一万去年七万今年0万   ', '神様はヤクザw ', 'みかじめ料形式www ', 'ありがとぉ']","{'quantile_0': -0.052839447, 'quantile_1': 0.20609626919031143, 'quantile_2': 0.3648631274700165, 'quantile_3': 0.577072948217392, 'quantile_4': 0.82420367, 'average_similarity': 0.38950926, 'size': 300, 'width_q': 0.37097667902708054}"
2022-12-13 01:25:00,"['初チクリ詣', '0じゃん 笑  ', '昔話みたいな展開くる  ', '百礼百拍手笑笑', 'シャンパンかよっ', '神様神社でdisるのは本当に怖ぇぞ', 'このラジオもたぶん神様たち受信してるから心配', '0万ぶち込んだ割にwwww ', 'やっば', '', '一円も払わない 払うという表現も ', '神様同士の連絡網', '松永 申し訳ないんですけど 七万つぎ込んだ割には  ', '0神0万0 ', '出遅れた  ', '神様同士の連絡網神様協会', '別の神社に愚痴言うのやばくて草', ' 申し訳ないっすけど 0万ぶち込んだ割に ですね        ', '爆媚び賽銭', '男気賽銭w ', 'なんか罰が当たりそうなことを言っていますが 大丈夫ですかね  dj松永さんもr 指定さんもたぶん 無敵  笑  ', '去年今年の賽銭0万➤0円', '神様協会w ', 'また極端なとこ出たよwww ', 'コワイ怖いこわい   ', 'そりゃ祟られるわw ']","{'quantile_0': -0.22674863040447235, 'quantile_1': 0.16299040615558624, 'quantile_2': 0.2771221697330475, 'quantile_3': 0.4410649836063385, 'quantile_4': 0.9398915767669678, 'average_similarity': 0.3056168874997932, 'size': 325, 'width_q': 0.27807457745075226}"
2022-12-13 01:26:00,"['ダメだ 先週ラジオで聴いた朝井さんの話し方と声で 漢気賽銭 漢気賽銭  って脳内再生されちゃう 笑', '    どうやって処す  ', '松永さんすごい祟られそうわらわらわら', 'rさん ずっと供え続けないと逆に祟るよ  松永さん ヤクザじゃん ', '処すて久しぶりに聞いたw ', ' 0万ぶち込んだくせに      ケッ 0円玉返して別の神社に行く', 'どうやって処す 松永どうやって処す  ナー               ネー', '今年の最初の放送で話してたから ブログ見返してきたら内容これだったw松永さんはお買い物が大好き    ', '反社はあかんwwwwwww ', '0万の割に 何が割にだったの 良く聞かせて貰いましょうか って弁財天が言うかも ', 'どうやってシバく  rさん 最高か', '神様ってヤクザ 願いは叶えてくれるけどお参りしないと祟られる', '0月に神様集合したばっかりだからねー', '神様協会w ', '神様会議やばいw ', '神様にお願いする時って名前と住所言わなきゃいけないらしいけどただ かます しか言わなかったのかな  それなら神様に伝わってない可能性もある   ', '処すw  ', '神様協会に所属の神様は通通', '神様協会', '神様きょうかいwwwどっちのきょうかい  ', '神様協会wwwwww ', '神様協会 笑  ', '神様事情に詳しいrさん', '七万ぶちこんだ割に ですねなんて 罰あたり発想', '神様協会で情報はツーツーww ', '人として終わってるわwwwww ', '松永さんがrさんに丸め込まれそう笑', 'どうやって処す  ', '神様たちにこの冗談通じるかしら  ', '神様協会の連絡網 www ', '出雲でサミットあるからねぇ', '処す 笑  ', '神様をヤクザ扱いするの無法すぎて草', '松永さん神様に課金しないと呪われる0万課金 来年0円玉返し七福神を敵に回す松永さん神様協会の連絡網でブラックリストww処される', '今年挨拶行かなかったら神様 どうやって処すぅ  ', '神 どうやって処す  ', '神 どうやって処す  ', '賽銭払わないと祟るって神様 0じゃん友だちと根まで行く松さんの性格を神様にやっちゃうの  rさんは神様の協会に詳しいので全てお見通しらしい ので 処される松さん', '神様はツーツー0月に集まるからね  ', '神様教会の可能性もある  ', 'ヤクザ神様', '処すwwwwww ']","{'quantile_0': -0.097631834, 'quantile_1': 0.25787147879600525, 'quantile_2': 0.4406421482563019, 'quantile_3': 0.6334328651428223, 'quantile_4': 1.0000002, 'average_similarity': 0.44680792, 'size': 861, 'width_q': 0.375561386346817}"
2022-12-13 01:27:00,"['r ツーツーやから神様協会みたいのあるから 松 どういう協会 どっちのきょうかい  ', '神様協会でツーツー', '神様協会 教会に処される', '神様協会怖いどうやって処す  ', '別の神様に愚痴を言っちゃうのは 良くない気がする ', '来年は地元神に落とす', '神様はキレやすいからねwww ', '神 どうやって処す  笑', '地元神笑', '挨拶も無しにやりますかー   ', 'r 神様はキレやすいからね ', '地元神に落とさないと', '毎年0月にやってるからな神様サミット', '神様の悪口はアカンやろ', ' 人類史いろいろ見てきて ', '神様同士の連絡網神様協会', 'あ そうだよ松永さんお願い事は氏神様だけなんですよそれ以外はただ伺ったご挨拶だけなのよ', 'どうやって処す ww ', '地元神', '0円だけでも入れてお礼言って帰りな  笑', '神を神と思ってなさすぎて草', 'rさんは地元 堺でお参り', '神様の概念どないなっとんねんw ', '神様協会 教会  どうやって処す  神々の会議こえぇぇ', '神様協会おもろすぎる', '神様協会のネットワーク処す ww ', '処すwww ', 'え 松永さんちゃんと返してくださいね   って私も来年返しに行かなきゃですな 苦笑 神様はキレやすいr気をつけます 笑    ', '来年のまつながさんが神様を粗末に扱った結果の天罰がどんなことになるのかこわい', '絶対に', '神様はキレやすい笑たしかに笑', 'rさんは今年地元堺の神社で初詣', 'かみさま協会の連絡網すごいw処すw ', 'どうやって処す www ', '松永 絶対をやめます 絶対に ', '神様協会→どっちの きょうかい  はちょっと思ったわw ', '神様協会', '七福神 どうやって処すぅ  ', '氏神様に行くのね ', ' 0万円も入れたのに 別んとこ よしよし 怖っ', '新潟帰れるのかな  松永さん ゆっくりできるといいね', '絶対を絶対やめますww ', 'そもそもお賽銭の事を金払うって言う寺の孫って   ', '神様 どうやって処す  ']","{'quantile_0': -0.033452153, 'quantile_1': 0.43613823503255844, 'quantile_2': 0.5546291768550873, 'quantile_3': 0.6548453122377396, 'quantile_4': 0.9688273, 'average_similarity': 0.5348448, 'size': 946, 'width_q': 0.21870707720518112}"
2022-12-13 01:28:00,"['くりぴが 神様 って言うと 紙様 で脳内変換されるんだよね勝手に ', '賽銭各神に ぶちかます  ぶちかます とブツブツ言いながら0万ぶち込み年始初詣をし それを意味がないと学んだ0年だったdj 果たして来年は浅井さんは無事に巻き込まれずに済むのか 神様は浮き足立って去年越えレコードの賽銭を待ってる説を唱えるrさん 相変わらず神様寸劇が最高笑', '地元神 じもとしん  ', '0万からの 処す', '地元神 じもとしん  ', '神様の会議 あいつどう処す  こわいこわいて', '今年は地元帰ってなかったので来年は地元の神社にお参り 落としていく  ', ' 悲報 松永さん 神に処される', '絶対を辞めます 絶対にwww ', '今年の漢字 七  暫定  ', '松永さんの今年の漢字 暫定 七 夏', '今年の漢字は暫定 七 ', '巡るなら三社参りよお松', '七 又はニ ', '氏神様に参らなあかんでマツさん', '松 今年は 絶対 を辞めます 絶対に  ', '東京の神社 信用ないどゆこと⁈w ', ' 今年は絶対をやめます 絶対に   ', '絶対をやめますw 絶対にwwwwwww ', '今年は絶対をやめます 絶対に   ', '今年は絶対をやめます 絶対にw ', '神様教会情報網ツーツーやから 去年お前んとこ七万行ったやつ   どうやって処す  罪民松永', ' 絶対はやめます 絶対に  w ', 'フェスに出たランキング0位', '神様協会', '絶対を辞めます   絶対に     ', '七福神さん達怖ー協会あるんだ', ' それはどうなんやろ  ', ' 今年は絶対をやめます 絶対に  ', '今年は絶対をやめます 絶対に それや w ', '地元神', '松永 今年は 絶対 を止めます 絶対に   ', 'こわwww地元神wwwにことしはぜったいにぜったいにをやめますっ  ', '松永さんの今年の漢字は 七 に決定', '絶対にを絶対やめます 笑  ', 'そりゃあ0番信じてるのは地元神', '絶対に絶対やめます wwww ', '絶対にww ', '今年の一文字夏七二', ' 絶対をやめます 絶対に  ', '大阪って社会主義国やったんや   ', 'アンプレで新潟と神戸の神社にお参りしてきた', '絶対をやめます 絶対に', '地元神がいるなら何人神様いるのww ', '地元神に 今年は 絶対に やめます 絶対に  w ', '今年は 絶対 を辞めます 絶対に    ', '松永さん ほんとに朝井さんのことリョウって呼ぶんだなー ', '七']","{'quantile_0': -0.07655196636915207, 'quantile_1': 0.3768633231520653, 'quantile_2': 0.5772109031677246, 'quantile_3': 0.7115410566329956, 'quantile_4': 1.0, 'average_similarity': 0.546911039375634, 'size': 1128, 'width_q': 0.33467773348093033}"
2022-12-13 01:29:00,"['フェス出演数0位  すごい実際めちゃくちゃ飛び回ってたもんなぁ', 'フェス出演ランキング0位', '地元神', '今年の漢字は 七 に決定 ', '地元神に 絶対を辞めます 絶対に   笑  ', '地元神長岡と堺にそれぞれ課金するcreepy東京の神様は資本主義ww ', ' 七 → 二 ', '0位はすげえ', '去年正月から楽曲制作って言ってたもんな', '絶対をやめます 絶対に  ', 'お正月 新潟に帰郷出来ればいいよなぁ 松永さん    ', 'あともう少しだったのに', '絶対に 絶対をやめます   ', '今年フェス出たランキング0位   ', 'フェス出たランキング0位   ', '今年の漢字は暫定的に七か夏', 'フェス出演本数0位  ', '絶対をやめます 絶対に  ', '今年の漢字 二 0人組他に良いのがあれば募集', '今年は絶対を辞めます 絶対に', '今年は絶対をヤメます  絶対に    ', '今年のフェス出演者ランキング0位  ', '色々新しい言葉が出てくるwww ', 'フェス出たランキング0位   ', '今年フェス出たランキング0位  ', 'ぜったいをやめます ぜったいに  ', '今年フェス出演ランキング0位      凄', 'ふたりの今年の一文字', '絶対を辞めます絶対にww ', '朝井さんと初詣の約束してるから今年も帰省なしかと思ったら 帰省するかもなのね', '確かに有名なフェスのタイムテーブルにはいつもクリピいた気がするな', 'フェス0位  ', '0位誰やねん', 'フェス出たランキング0位おめでとう今年の漢字 二 二人組 ふうーwwww ', 'なぜ0way nice guyが出てこないのw ', '二', 'どうやって処す 笑笑', 'creepy nuts今年のフェス出たランキング0位', ' 二 0位 ふたり組', '地元神松永さん 今年は絶対に 絶対 をやめます  ', 'つまり ニ でもいい 松永 ふたり組だし           ふぅ    ', 'creepy nutsフェス出たランキング0位すごい  ', 'あっ 某雑誌で見ました そのランキング', 'フェスでたランキング0位 すげーcreepy nuts  ', '松 ふ ', 'フェス出たランキング0位  おめでとう  ']","{'quantile_0': -0.09356128424406052, 'quantile_1': 0.3015627861022949, 'quantile_2': 0.5092388391494751, 'quantile_3': 0.6451257169246674, 'quantile_4': 1.0, 'average_similarity': 0.4799699750571435, 'size': 1035, 'width_q': 0.34356293082237244}"
2022-12-13 01:30:00,"[' 絶対 やめます 絶対に       ', 'フェス出たランキング0位', '0といえば そこは0way nice guyじゃないの  ', 'ナスカの地上絵めっちゃ可愛かったな', '0位誰だろう  ', 'フェス出演数0位 毎週のように出てたもんなぁ すごい ', 'お creepy nutsフェス出演0位ですか    二    からの松永さん出てこず  苦笑  ', '0人組だしィ フゥ  ', ' 今年は 絶対 を辞めます 絶対に ', '毎週フェス出てたイメージよ そらー0位になるわ ', '地元神ねぇ', '0位すごい 0位は誰なんだ', 'rさんと真逆でアドリブ弱すぎ松永さんwwwwwww ', 'リスナーに漢字を募集して投げていくスタイル', 'フェスいっぱい出てたね', 'ナスカの地上絵 描き放題 こじつけ放題 ', 'フェス出たランキング0位  creepynuts凄い  ', 'rさんは金', '  ', '地上絵', 'やはりrはすごかった   ', '突然ナスカの地上絵の話 ', 'creepy nuts フェス出演数0位らしい   ', '0位誰か気になる', 'フェス0位だし0人組だし ', '俺らのナスカの地上絵   ', 'フンアハハッ', 'フェスランキング0位はスゴすぎる', 'フェス出演ランキング0位', '夏フェス出演ランキング0位 おめでとうございます 来年は0位   ', '今年フェスに出た数ランキングで0位らしいcreepy nuts r 0位 じゃあ 二 でもいいな 松r  0人組だし  松 こういうことか 松 あと   すごいな ', 'やっぱ 玉 でしょ', '夏フェス0位逆に0位は誰なんだろ   ', 'ナスカ見ました 新しく0点 知らなかった  ', '0位  おめでとうございます   ', '山形大といえばナスカの地上絵の研究だよな', '日経エンタ調べの0年フェス出演ランキングでcreepy nutsは0本で0位だったの凄い ']","{'quantile_0': 0.0, 'quantile_1': 0.36356040835380554, 'quantile_2': 0.5333534777164459, 'quantile_3': 0.6575500220060349, 'quantile_4': 0.9896440505981445, 'average_similarity': 0.48625642973538097, 'size': 666, 'width_q': 0.2939896136522293}"
2022-12-13 01:31:00,"['七 よりベストな漢字 ', '俺らの知ってるナスカ', '今年の漢字は 二 二人組だしぃ ふぅー  ため息  ', ' ふったぁりぐみ ', 'また増えたらしいけど ', 'ナスカって逆に何で今まで見つかんなかったんだろう  ', 'え  ナスカの地上絵新しいの見つかったの   ', 'アラバキビバラtft jjメトロック大阪メトロック東京ミザワビミリオンデトポサウンド大作戦ナンバショットラッキーfmジャイガナマハゲロッキンライジングソニマニモンバスラブシャラシュボワンチャンスベリテンインスパワイバンドリフェス氣志團四星球夢番地cdj ', '', 'ナスカの地上絵の話題今出すの意外すぎて声出たww ', '砂場に描いた絵', 'ナスカの地上絵新たに0点発見最新技術で高速化“世界唯一 山形大研究グループ  ', 'それで言えば 五 じゃない メジャーデビュー0周年 cnann0周年', 'ナスカの地上絵の画風  ', 'ばちあたりハシゴ初詣かまそうとしてる松永さん r あ了解 神様ネットワークですぐ広まるわ  こいつどうやって処す   松 金払って処されんのいちばん嫌ぁ  ', 'これか  ', 'ナスカ見たけど緩かったw ', '地上絵みたみたちびまる子ちゃんの落書きみたいなやつあったね', 'ナスカの地上絵作風変わったよなw ', 'え すごっ ナスカの地上絵のニュース知らない', 'カールおじさんの地上絵が見つかってたな', 'ナスカの地上絵  皆知っているように0人話してますが    ワカラナイ']","{'quantile_0': 0.0, 'quantile_1': 0.40340590476989746, 'quantile_2': 0.5501001477241516, 'quantile_3': 0.6827420592308044, 'quantile_4': 0.8903812766075134, 'average_similarity': 0.514873763312509, 'size': 231, 'width_q': 0.279336154460907}"
2022-12-13 01:32:00,"['おかっぱの可愛い', 'ナスカのゆるいネコの絵ww ', 'ペルー由来なのかな カールおじさん ', 'カールおじさんの亜種なのか  ', 'ナスカの地上絵ってなんかもう絵的に幼稚園児が書いたような絵みたいなんだよなぁ', '新しく見つかったナスカの地上絵→カールおじさんの亜種  ', 'わかるちょっと雰囲気違く見えるよな新しく見つかったナスカの地上絵ww ', 'カールおじさんの亜種', 'ナスカの地上絵の作者のタッチが変わった  確かに  それだ  ', 'ニ  オールナイトニッポン0部卒業とか  ', 'ナスカの話も菅田さんで聴いたような朧気な記憶 ', '山形大の名前をここで聞くとは', '夏フェス出演ランキングcreepy nutsは0位  おめでとうございます', 'カールおじさんいるw ', 'これか  ニュース観てないから知らんかった  確かに画風が    ']","{'quantile_0': 0.0553975, 'quantile_1': 0.37185993790626526, 'quantile_2': 0.5724567770957947, 'quantile_3': 0.7462462186813354, 'quantile_4': 0.87472284, 'average_similarity': 0.5464323, 'size': 105, 'width_q': 0.3743862807750702}"
2022-12-13 01:33:00,"['カールおじさんの   ', 'ペルー由来のカールおじさん笑', 'カールおじさん亜種 笑  ', 'ナスカの地上絵はハチドリが好き', 'ナスカの地上絵かぁ', '確かにクオリティ下がってた  笑笑', 'うわさの 初期の絵柄  ', 'タッチの違うナスカの地上絵  ', 'フェス出演ランキング0位凄っ', '今回発見された地上絵はデモ', '練習 デモの地上絵', 'カールおじさんの亜種  ', 'いや その説あるねw ', ' カールおじさんの亜種  ', 'ナスカの地上絵のクォリテイがラフい', 'こちらでしたか    ', 'まってナスカの地上絵見て見たら本当に思ってたんと違った', 'カールおじさんの亜種w ', '世に放って欲しくなかったデモw ', 'ai活用で見つけたナスカの地上絵', 'ムーミンのモランみたいなやつおるかわいい']","{'quantile_0': 0.05517477, 'quantile_1': 0.4198251962661743, 'quantile_2': 0.5522605180740356, 'quantile_3': 0.660182997584343, 'quantile_4': 1.0000002, 'average_similarity': 0.53408074, 'size': 210, 'width_q': 0.24035780131816864}"
2022-12-13 01:34:00,"['消し後残り  ', 'ナスカの地上絵を掘り起こしてしまった黒歴史扱いしよるやん       ', '地上絵新たに発見したのはデモだった説', 'カールおじさんの亜種は草', 'ナスカの新しい地上絵カールおじさんの亜種', '未発表曲 笑', '幻の未発表曲', '幻の未発表曲www ', '今回発見されたのはデモ', 'カールおじさんの亜種', 'ファンも喜ばないデモテープ説', 'ナスカの地上絵といえばやっぱり須藤元気だよね ', 'ペルーの地上絵の進化は田んぼアートの進化と似てるかも ', '天井の木目 わかる', '今回見つかったのは下書きw ', ' 未来の人間に発見してほしかったのはあそこまでというかデモ 下描き ', 'futureのオールナイトニッポン', '新発見を失敗作扱いすなw ', 'カールおじさん', '未来のannでいじられる', 'ナスカの地上絵のデモ音源wwwww ', 'カールおじさん確かに口回りに泥棒ひげみたいだった', 'カールおじさんの亜種www   ']","{'quantile_0': 0.038737673, 'quantile_1': 0.3827390670776367, 'quantile_2': 0.5185086727142334, 'quantile_3': 0.637664794921875, 'quantile_4': 0.96027476, 'average_similarity': 0.5004889, 'size': 253, 'width_q': 0.2549257278442383}"
2022-12-13 01:35:00,"['  ', 'tl皆様仕事が早いです 教えて頂きありがとうございます   ', '  ', 'カールおじさんはペルー由来', 'マスクオフ  ', '画家の落書きも美術館に飾られてるんよ', ' 幻の未発表曲 みたいなふざっけんな   w ', 'ラップ始めた頃のデモだっさwww ', '過去のデジタルタトゥー的なヤツよまぢで', 'まだタイトルコールしてないよね  ', 'おんたいむ  ', 'フューチャーのオールナイトニッポン', '実家の木目をジーッと見てたら見えてくるカールおじさんまたは 誰にも聞かせないデモ曲  ', 'フューチャーのオールナイトニッポンwww ', 'r 指定こんなヘタやったん  って未来のオールナイトニッポンでいじられるフューチャーのオールナイトニッポン  ', 'フューチャーのオールナイトニッポンwwwww ', 'futureのオールナイトでいじられる 笑  ', 'プロのイラストレーターが描いた絵と 気まぐれな落書きを同一視されてるような可能性あるのか w ', ' ']","{'quantile_0': 0.0, 'quantile_1': 0.0, 'quantile_2': 0.3859933912754059, 'quantile_3': 0.5736396014690399, 'quantile_4': 1.0000001192092896, 'average_similarity': 0.32532484385005217, 'size': 171, 'width_q': 0.5736396014690399}"
2022-12-13 01:36:00,"['フューチャーのオールナイトニッポンでdisられるってww ', '', 'カールおじさんでいいんかい 笑  ', 'デモ中のデモは発掘されたくないw ', 'フューチャーオールナイトニッポン', ' フューチャーのオールナイトニッポン   ', 'デモを見なかったふりの心づかい', ' ', '下ネタの絵', 'ドローンで探すからまだ出てくるかも  ち ぽこ', 'また下ネタwwwwwww ', '絶対ありそう最新技術で出てきそうw ', '発見されたナスカの地上絵は 最初のリリックノート 未発表曲w出したくなかったやつw ', 'ナスカのちんぽこ  ', 'クリエイターごろしのナスカの地上絵発見', 'どこに想いを馳せてるねんw ', 'ペルーの古代人 下ネタ描くこと断定される', '想像の倍カールおじさん亜種でわろた', 'クリエイター殺しww ', 'ほお これのことなのか   ', 'チン も出てくる 笑  ', 'これカールおじさんって言ってるのおもろすぎるwwwww   ']","{'quantile_0': 0.0, 'quantile_1': 0.0, 'quantile_2': 0.4554811716079712, 'quantile_3': 0.6002289652824402, 'quantile_4': 0.8646012544631958, 'average_similarity': 0.38790905720743785, 'size': 231, 'width_q': 0.6002289652824402}"
2022-12-13 01:37:00,"['それはヤバい   ', 'r 俺ら古代人やったらちんぽ描くとか 松 絶対やる絶対やる ', '', '古代ペルー人もまさか未来で下ネタ残した人たち扱いされるとは思ってなかっただろうな', 'キタ ポコ', '未来のannで弄られる 笑 松永さんのノリが漢字一文字の時よりメチャ生き生きと 笑 そして下ネタへ 笑  ', ' おめでとう の文字とチンポコが書いてあるナスカの地上絵', '下ネタの絵', 'ち×こだらけだったらニュースにできない', '相変わらず発想が中学生www ', 'でもどこの遺跡でも絶対シモ落書きは見つかったりするから あるよね', 'そのうち ちんとか出て来たらどうする 俺らだったら絶対やるー全員やる古代人もえ チンとかすでにあるの  ', '学生のノリで下ネタw ', 'あってもおかしくないです笑笑楽しいわそんなナスカの人々', ' 俺だったらチンポコ描く w ', 'ラヂオの時間 クリーピーナッツのann ']","{'quantile_0': 0.0, 'quantile_1': 0.3454768806695938, 'quantile_2': 0.5804589688777924, 'quantile_3': 0.7086620777845383, 'quantile_4': 0.8858228921890259, 'average_similarity': 0.5136190302359561, 'size': 120, 'width_q': 0.36318519711494446}"
2022-12-13 01:38:00,"['', 'リリックノートに下ネタ絵', '山形大の優しさw ', '須藤元気の背後にち×ぽこが   ', 'カールおじさんはヤバい', '神様のネットワークてrさんが言うとなんかこわいわーw ', '剥けてる 剥けてない カントン', '剥けてる剥けてないカントン全て習作', '無数', 'ワールドオーダー懐かしいw ', '', 'ちんぽこ地上絵はオンエアできない', 'ナスカの地上絵からここまで好き放題言える人たち初めて見たwww ', '山形大学の優しさ', 'むけてるむけてないかんとん', '0日前にさいたまスーパーアリーナでワンマンライブやったユニットが 俺がペルーの古代人やったら絶対ナスカの地上絵にチンポ描くやん とか言ってるのほんと草', '剥けてる剥けてないwww ', '今年最後の0でのラジオ下ネタ祭りw ', 'そんなナスカの人々と友達になりたい', 'ち ぽこ描くなwwwwwww ', '無数のち ぽこはキモ過ぎwwwwwww ', 'ポコポコ言うな笑', 'これかな生えてるやつww   ', ' チンpコ ', 'オンエア出来ない', '良心']","{'quantile_0': 0.0, 'quantile_1': 0.0, 'quantile_2': 0.33243528008461, 'quantile_3': 0.5197405219078064, 'quantile_4': 0.9680776000022888, 'average_similarity': 0.31992573893987214, 'size': 325, 'width_q': 0.5197405219078064}"
2022-12-13 01:39:00,"['いったいどれが    笑 チ チ にされているんだ 0人に 笑  ', 'ひとつだけかんとん死ぬ', '0個あまりの地上絵全部アレは終わってるだろwww ', 'ナスカの地上絵イジりwwwニュースには出せない絵須藤元気さんの背中に背負わせるな', 'ち ぽこ   w ', 'あの背中には無数のちんぽこだのカールおじさんだのみんなで踊って', 'そうです ここはぽこちんラジオです ', 'なんでチ ポコの話ばっかりやねん ', '無数のチンポコやケツとかウンコを経てコンドルwww ', '0中0はち×こかも   ', 'ナスカのcreepy nutsやん', '剥けとる剥けてないかんとんww ', '古代ペルー人の地元ノリ', '安定のちんぽこうんこラジオ', 'バカじゃないのwwwwww ', 'コンプラに合わせてピーなやつはあげないw ', '神様と変な関係性できちゃうじゃんと言う松永さん 好きですね ', '山形大学とかの優しさでちんぽこoaできないw ', '下ネタ入れちゃうのかー', '描き手の気持ちwww ', '先っぽ', 'どうしてもシモにいってしまうこのラジオ 笑  ', '須藤元気に怒られろ ']","{'quantile_0': 0.04507355, 'quantile_1': 0.44347038865089417, 'quantile_2': 0.5595242381095886, 'quantile_3': 0.6541909575462341, 'quantile_4': 0.8492521, 'average_similarity': 0.5379975, 'size': 253, 'width_q': 0.21072056889533997}"
2022-12-13 01:40:00,"['ちんぽこやらうんこやらの', 'モザイクの概念', 'エロ漫画の先っぽの黒い線   ', '山形大学の優しさ', '今日アホすぎるだろwwwww ', '子供の 大人の おじいちゃんのチ ポ', 'エロ漫画の黒いモザイク笑笑', '山形大 ', '0 ', 'そやったタイトルコールまだやった', 'ちんぽこ何回言うんだよwwww ', '各所に熱い風評被害w ', 'creepy nutsのラジオめちゃくちゃおもろいけど下ネタ凄すぎ最高wwwwwww ', '今の須藤元気こうだよ   ', '漢字一文字からチ ポコの話にノンストップで流れる0人のトーク流石すぎるな 笑 そして0分経過してるし 笑b  ', 'あの黒い線なんなのか未だ理解できてない', 'タイトルコール  0分話しとる', '世代別tnpkは爆笑', 'めちゃくちゃチンラジオ', 'エロマンガみたいな先っぽの黒いやつ', '色んな種類の╰  のナスカの地上絵おもろすぎるwwwww ', '山形大の良心の限界    ', 'それでは始まったw ']","{'quantile_0': 0.0, 'quantile_1': 0.24975711107254028, 'quantile_2': 0.4206223785877228, 'quantile_3': 0.5613986253738403, 'quantile_4': 0.8006103038787842, 'average_similarity': 0.38772083475096186, 'size': 253, 'width_q': 0.31164151430130005}"
2022-12-13 01:41:00,"['無数の', 'その頃からあのモザイクだったのwww ', '今夜チン コの話ばっかりやんけ ', '0ヶ月ブリにリアタイしたらチン コラジオでした', 'こどもの おとなの おじいちゃんの   笑', '0分経過してのタイトルコール', 'ちんぽこ連呼したあげく 歴史のロマン感じて拍手で締める', '紀元前にモザイクの概念www ', '地上絵は男子中学生の机上の落書きではありません', '最終的に素晴らしいです  ', 'rさん 学生時代にノートにギンギンのスヌーピー描いてたよねw  ', '神様コント笑ったーwww ', '紀元前のモザイクww山形大の研究をリスペクトして タイトルコール   ', '黒いやつ草', 'こいつら古代ペルー人に呪われろw ', '埼玉であんなにかっこよくぶちかましてんのにラジオの話題男子高校生なの好き', '山形大学の発見チームに拍手して始まる番組', '松永さん先走ったなw ', '山形大に拍手ありがとうございますそれでははじめていきましょうcreepy nutsのオールナイトニッポン  ', '描き手の気持ち とか話しながらも人様が描いた地上絵にちんぽことか名付けてんの草', '今曲行こうとしたな笑', 'もうチ コの話ばっかりやんけw ', 'オープニングトーク0分', '頭からち ぽこ生やしてるのどっちだ w   ', 'テストステロン', 'ここで一曲 と聞こえた気がする', '曲いこうとしてたなwww ', 'ちんぽこラジオスタート', 'ラヴィットとはるくらいオープニング長いwww ']","{'quantile_0': -0.05805642902851105, 'quantile_1': 0.395926296710968, 'quantile_2': 0.5500979423522949, 'quantile_3': 0.6583265513181686, 'quantile_4': 0.9167869687080383, 'average_similarity': 0.503811540836216, 'size': 406, 'width_q': 0.2624002546072006}"
2022-12-13 01:42:00,"['オープニングトーク0分  ちんぽこ有り  ', '今日の放送 後で何回ちんぽこ言ってるか数えよう', 'なんか喋ってる笑', '提供0社邦さん飛ばして曲紹介しかけた 先走りました  ', '先走り永', '第0回', '結局山形大素晴らしい   ', 'つまってたねw ', 'ここで一曲 ww ', 'オープニング 0分 笑', 'タイトルコール入るまでに何回ち ぽこ言ったんだこの0人はwwww ', 'ナスカのxxxx絵ww ', 'デモナスカの地上絵を経てあの綺麗な絵になったとな', 'また長かったなw ', 'なんか声入ってたぞ何言った松永', '凄い流れでタイトルコール行きましたな 笑 ま 通常通りですね 笑 うす ん 提クレ読む前rさん笑いこらえた  ', '協賛読みをすっ飛ばして0曲かけようとする松永さん', 'ここで一曲じゃないのよw ', '先走り', 'opのタイトルコールまでに0分www ', '先走ってたね', '松永さん今日たくさん先走りますね', '先に歌に行こうとした  ', 'ここで一曲を先走った笑', 'オードリーばりのopオーバー', '松 うす  ', '松永さん  笑笑', '先走っちゃった w ', '神回', '  ', 'title callはリアタイ0回目だ わい聴けた', '松永さんフライングw ', 'オープニングトーク長すぎる', '  ', '先走ったのねwwwww   ']","{'quantile_0': -0.043083492666482925, 'quantile_1': 0.1498863473534584, 'quantile_2': 0.3677483797073364, 'quantile_3': 0.5673998296260834, 'quantile_4': 0.9748086333274841, 'average_similarity': 0.3615865313554644, 'size': 595, 'width_q': 0.41751348227262497}"
2022-12-13 01:43:00,"['  ', ' cholie jo  chouji  amp  olive oil    kamasereba    youtubeより', '  ', 'うす  ', 'これもちんぽこぽい  ', 'おっす', 'うす 笑笑', '  ', 'うっす', '  ', '  ', '', 'やっとタイトルコールじゃんか', 'ナスカの地上絵描き始めたての練習バージョン 黒歴史 は草自分の落書き帳とか誰にも見せられないもんな', '画像上げてくれる方々 仕事早くて助かる   ありがたく見させてもらってます', 'chouji来ると思った']","{'quantile_0': 0.0, 'quantile_1': 0.0, 'quantile_2': 0.0, 'quantile_3': 0.0, 'quantile_4': 0.7167752385139465, 'average_similarity': 0.08260507471859455, 'size': 120, 'width_q': 0.0}"
2022-12-13 01:44:00,"['紀元前に下ネタのモザイク笑笑', 'かっこいい  ', ' kamasereba   ', '何か言ってたのは先走ってたのね ', '松 ここで0曲聴いてください cholie joでkamasereba ', '先走りしてしまった松永くん       ノっ', '先走った松永さん', '笑っちゃってるあーるさん', 'こちらですかね カマしてましたよね 埼玉で     ', '先走ってる', '  ', '今日は告知ツイートからずっと先走りまくりだな松永さん      笑', 'op0分です笑笑', 'chouji ']","{'quantile_0': 0.0, 'quantile_1': 0.0, 'quantile_2': 0.0, 'quantile_3': 0.5774491429328918, 'quantile_4': 0.8398810029029846, 'average_similarity': 0.2812038149152483, 'size': 91, 'width_q': 0.5774491429328918}"
2022-12-13 01:45:00,"['夜中に聴くとまたグッとくる', 'マツさんchoujiにハマってるなあ', '  ', '時々ある須藤元気弄り大好き', 'cholie jo  chouji  amp  olive oil  kamasereba   ', 'エイブル']","{'quantile_0': 0.0, 'quantile_1': 0.0, 'quantile_2': 0.0, 'quantile_3': 0.18045680224895477, 'quantile_4': 0.5591616034507751, 'average_similarity': 0.1369673510392507, 'size': 15, 'width_q': 0.18045680224895477}"
2022-12-13 01:46:00,"['今年0年 お正月の願い通りにカマしてましたよ ', 'このラジオでさまざまなchoujiさんの曲を知る 良', 'kamaserebaのフックに長渕を感じるの俺だけ  ', '  ', 'olive oilのビートいいよな好き', '新しく発見されたナスカの地上絵は下書きだった説  真実味あるな', '  ', 'でもさ ちんぽこの地上絵から当時のペルー古代人陰茎の詳細が詳らかになるし 必要な研究材料なんじゃないかなって思えてきたから多分山形大はぜんぶ把握して比較検討してるはず  わたしなら縮尺をきちんと割出してだな もうちんぽこの話やめろや  ', 'オープニング終わってこの時間  ']","{'quantile_0': 0.0, 'quantile_1': 0.0, 'quantile_2': 0.5574900507926941, 'quantile_3': 0.7199694514274597, 'quantile_4': 0.8720963001251221, 'average_similarity': 0.3990886981288592, 'size': 36, 'width_q': 0.7199694514274597}"
2022-12-13 01:47:00,"['', '今日の松永さんは 何か先走ってるなぁ    ', '久しぶりに聞いてるんだけど ビタースウィートサンバまで0分超えってどんなオープニングなん笑しかもナスカの地上絵下ネタにしされたら呟けんꉂꉂꉂ']","{'quantile_0': 0.0, 'quantile_1': 0.0, 'quantile_2': 0.0, 'quantile_3': 0.4005459249019623, 'quantile_4': 0.8010918498039246, 'average_similarity': 0.26703061660130817, 'size': 3, 'width_q': 0.4005459249019623}"
2022-12-13 01:48:00,"['そうそうなんか菊政宗スポンサーついてんだよね', '一文字と地上絵で0分ってスゲーって思うよ']","{'quantile_0': 0.6433578, 'quantile_1': 0.6433578133583069, 'quantile_2': 0.6433578133583069, 'quantile_3': 0.6433578133583069, 'quantile_4': 0.6433578, 'average_similarity': 0.6433578, 'size': 1, 'width_q': 0.0}"
2022-12-13 01:49:00,"['松永さんの うす   押忍  のお返事良いなあとじんわり聴く深夜0時近く', '歪', ' 歪 いいんかw ', '流す曲とトークのギャップがありすぎて情緒不安定になりそう笑かっこいい曲だったな ', '松永さん 告知から先走ってたよね 笑  ', 'レコード歪んでたね  ', '今起きた おはようございます ', '歪', '画像探してました  ', 'フェス0位凄いなliveからliveへ梯子しまくってたからな半端ないな', '歪みなるほど', 'カイロプラクティックス', 'いいね いいね  ']","{'quantile_0': 0.0, 'quantile_1': 0.0, 'quantile_2': 0.35405851900577545, 'quantile_3': 0.6170603930950165, 'quantile_4': 0.9999997615814209, 'average_similarity': 0.33193934575105327, 'size': 78, 'width_q': 0.6170603930950165}"
2022-12-13 01:50:00,"['カイロプラクティック行きたい', 'リスナーメール 今年の漢字は 歪  松永 背骨と骨盤の歪みをよく取ってもらった0年でしたね   ', '歪み 丁度いいかも ', 'ああ  歪    レコード曲がりましたね え カイロプラクティック通ってたの 松永さん  ', '松永は歪まないゆえの変まっすぐすぎて変まっすぐがコロコロ変わる あみだくじっぽい', '歪んでただ変じゃなくて色んな方向で歪んでる', 'よくカイロプラクティックスに歪', 'レコード歪みあったな', '歪んで変なのではなく 真っ直ぐ過ぎて変な松永さん ただし真っ直ぐの方向はあみだの如くめちゃくちゃ曲がる  ', ' 背骨と骨盤のゆがみをとってもらいました ', '松永さんが学んでる ', '歪まない故の変  ', ' 歪 松 今年はよくカイロプラクティックに通いましたねr ーこいつは真っ直ぐで変やから 歪まなすぎて変やから歪んで変な人じゃないからな', 'r 歪まないゆえの変やから まっすぐすぎての変やから ', '真っ直ぐすぎて変歪んでない', 'r 指定さんによるとdj松永さんはあみだくじみたい なるほど 笑  ', '歪引きで歪んでるんや松永さんの0年カイロプラクティック通いww ', '真っ直ぐで方向性が変わるはアミダくじ ', '松永さんはまっすぐゆえに変な人 確かに ']","{'quantile_0': 0.15381454, 'quantile_1': 0.5205944776535034, 'quantile_2': 0.6547751426696777, 'quantile_3': 0.7669890224933624, 'quantile_4': 0.9338718, 'average_similarity': 0.6300793, 'size': 171, 'width_q': 0.246394544839859}"
2022-12-13 01:51:00,"[' 歪んで変なひとじゃないからなぁ ', '松永さんはあみだくじwwwwたとえが最高過ぎて', '真っ直ぐがコロコロ変わるから引きで見たら歪んでるお松さん あみだくじ  ', 'r 松永はまっすぐやけど方向性すぐ変わるからあみだくじみたいになってる 引きで見たら歪んでるけどよく見たら直線 ', '松永さんはあみだくじ なるほど', '松永さんが歪んでるんじゃなく世界が歪んでる', 'あみだくじwwそうだわ', '炎天下でレコード歪んだ→ 歪 →カイロプラクティックよく通った', 'r いろんな方向にまっすぐ行くからあみだくじみたい まっすぐの方向性', '歪まないゆえの 変 ', '朝井氏曰く 歪んでるのは世界の方 だから世界の方を歪ませるの意味で 歪 でもいいんじゃないですか  ', '色んな方向で真っ直ぐだからあみだくじw ', '歪み', 'いけてる 歪み ええやん', '朝井さんと同じ松永評だ', 'あみだくじ', 'あみだくじwwww上手いこと言うわぁww ', 'なるほどじゃねえよwwwwwwwwww ', '歪まない故真っ直ぐ故の変な人', '特別感ボトルキープ', 'あみだくじ', '松永さんは真っ直ぐ過ぎて変やから   笑', 'そっちにいくのねw ', 'カイロプラクティックに通ってた松永さんw ', '七福神キャバクラメタファー', 'とりあえずオープニングトークまでで寝る最近寝不足でちん ことカールおじさんで盛り上がる0人の声も聴けたし0人の笑い声が癒しでしかないわぁおやすみなさーいリアタイの皆様楽しんで', 'レコード欲しかったなぁ', '完全に店']","{'quantile_0': 0.0, 'quantile_1': 0.37103281170129776, 'quantile_2': 0.545243889093399, 'quantile_3': 0.6771800369024277, 'quantile_4': 1.0, 'average_similarity': 0.5081964710717479, 'size': 378, 'width_q': 0.3061472252011299}"
2022-12-13 01:52:00,"['歪みかぁ', ' 歪 でも松永さんは真っ直ぐすぎて変な人 でもその真っ直ぐの方向性が変わっていくからそれが歪んでいくw ', '松永さん あみだくじ', '歪まないゆえの変な松永さんw ', 'rさんの松永さん評歪んでんじゃない真っ直ぐな故の変さすが相方メッチャ理解者', 'ア 真っ直ぐすぎて変 rさんの松永さん評', 'r 松永さんは 歪んで変な人ではない 愛があるねー ', 'ストックに入った 歪 松永さんキープ  ', 'すごいストンと落ちた あみだくじw ', '神様ってそーゆーお店のシステム  ', '全神様の六番手', '背骨と骨盤の歪みをとってもらった一年だったr お前は歪んでるゆえの変じゃなくて真っ直ぐすぎて変やからどう言ったらえんやろ 真っ直ぐがコロコロ変わるからあみだくじみたい', '確かに松永さんは 真っ直ぐな人 そこが良い所なんですけどね', 'ボトルキープも忘れずに 笑  ', '松永の歪みはあみだくじrさんうまいな', '初詣 キャバクラちゃうねんw ', '神のアフター', '七福神の本指名 www ', '今からお賽銭の話しかな  ', '誰の一番にもなれなかったのぉ', 'アフター狙ってるw本指名を誰にするか', '神様は0かと思いきやキャバ嬢  ', '神様に何とも思われてない順位', '松永さん 真っ直ぐに見えるけど近づいてみるとあみだくじになってる歪み', '色んな真っ直ぐがいっぱいであみだくじになってるwwwwwww ', '神社はキャバクラシステムだった   ']","{'quantile_0': -0.02443457, 'quantile_1': 0.38855841755867004, 'quantile_2': 0.583459198474884, 'quantile_3': 0.7079969644546509, 'quantile_4': 0.92410076, 'average_similarity': 0.5421892, 'size': 325, 'width_q': 0.31943854689598083}"
2022-12-13 01:53:00,"['神社界で', '本指名はアリだな来年はそーしよ  ', ' creepy nutsのオールナイトニッポン で山形大学のナスカの地上絵メッチャいじられてる', '歪みいけた  ', 'あーるさんがまつながさんの 変 な部分を 歪み ではなく 真っ直ぐゆえ ってこういう時に必ず言うのすっっっごく好き', '神様をキャバ嬢扱いするなよw ', 'まっすぐ故の変さしっくり来る表現', 'アフターw神社外w ', '松永さんの今年の漢字は熱で曲がったレコードの 歪 をリスナーが提案 r コイツは歪んで変なんじゃなくて 真っ直ぐすぎて変やから r 真っ直ぐの規定がコロコロかわるからな ', '本指名神', 'rさんの表現0点', '松永さんは 歪んでない真っ直ぐな方向性がいくつもあってあみだくじみたい', '場内もあるといい  ', 'ボトルキープも忘れずに 神様も誰指名か', '松永さん 本指名をこの中から選びましょうね 笑  ', '芸能なら 弁天様じゃない', '誰の一番にもなれない', '松 アフターに来てもらうことが大事だもんね  r 神社外にね  ', '店外 神社外  ', 'お賽銭コーディネーターr ', '神社のアフター', 'ボンバーマンかっ', 'もう入れないつもりの松永を陥れようとしているr ', '邦さんの状況', 'ボトルキープでアフター狙う初詣ってなに w ']","{'quantile_0': 0.0311838, 'quantile_1': 0.3664228171110153, 'quantile_2': 0.5330624580383301, 'quantile_3': 0.6679992079734802, 'quantile_4': 0.91900927, 'average_similarity': 0.5178911, 'size': 300, 'width_q': 0.3015763908624649}"
2022-12-13 01:54:00,"['ボトルキープも忘れずにwww七福神の中の誰が本指名か神のアフター', 'キャバクラかよ 笑  ', '誰か0人だけに特別に打っ込む ボトルキープ キャバじゃねーかw ', 'ドルオタ的にも耳がいたぁい  ', '本指wwwwwwwww ', '豊川稲荷 お店怒られろ 笑', '神社外でお会いできるのが良いw ', '七福神をキャバクラみたいに言うなwアフター入るてwww ', 'そして 一人に 太く出すと 笑 すっかり内容がスナックに 笑 神社外でお会いして   がいいの か   笑 話を膨らますの本当に上手すぎて', '太客だの本指名だのアフターだの初詣をキャバクラに変換して話すのマジで笑う', '阿弥陀籤の様な歪み笑笑', 'アフター狙いの参拝', '神社をキャバクラ例えずーっとしている大丈夫 www ', 'rさん松永さんのことほんと良くわかってるんだね', 'アフターって神様は キャバクラじゃないんだから', '松永さん神様ばかり相手にしてると仏様が嫉妬するよ  ', 'こんな罰当たりラジオある  ', 'アフター狙い']","{'quantile_0': 0.0639517, 'quantile_1': 0.37479567527770996, 'quantile_2': 0.5611329674720764, 'quantile_3': 0.7028248906135559, 'quantile_4': 0.88893515, 'average_similarity': 0.53492904, 'size': 153, 'width_q': 0.32802921533584595}"
2022-12-13 01:55:00,"['同伴は 御守りかしら ', '地元神張り紙貼る', '初回www ', '神様の太客', '初回で0万w ', 'アフターできてもらうことにが重要な初詣ってなによ', '見知らぬ初詣客と張り合う松永さん', '神社外ってなに笑', '神様も結局は金なの w ', 'アフター狙いのお参り神社外でお会いするgod同伴もあり', '0番になりたくて一万以上の賽銭禁止', '神社に勤めることになるw ', '', '0人0だと差が付かないから金額をバラけさせる笑アフター狙ってる笑笑']","{'quantile_0': 0.0, 'quantile_1': 0.10569636896252632, 'quantile_2': 0.49817949533462524, 'quantile_3': 0.6072137355804443, 'quantile_4': 0.8014355301856995, 'average_similarity': 0.4033966222061561, 'size': 91, 'width_q': 0.501517366617918}"
2022-12-13 01:56:00,"['今年は初めての神社', '来年大穴betにしよ', '張り紙www ', '神の世界に夜のシステム持ち込まんでもろて', ' 彼らは初詣の話をしてます', '一万円以上のお賽銭禁止 笑 え 正月ずっといるの  松永さん    笑  ', 'それなら 何回も来て欲しい ', 'つかめ幸福   ', '地元帰ったら昨年行った神社にも行く', ' 一万以上の賽銭禁止 の張り紙 笑  ', '留まることでやがて松永さんがその神社の神となるわけで   ', 'そうそう もしかするとdj松永さんを表す漢字一文字は 偏 かもしれませんよね   歪 でもなく 変 でもなく 笑  ']","{'quantile_0': 0.027481586, 'quantile_1': 0.34596414864063263, 'quantile_2': 0.5608262717723846, 'quantile_3': 0.6487639248371124, 'quantile_4': 0.81959826, 'average_similarity': 0.48463815, 'size': 66, 'width_q': 0.3027997761964798}"
2022-12-13 01:57:00,"['こんな話しててバチ当たらないか心配になってきた   笑', '太客笑', 'キャバクラなのオークションなのか初詣ってなんだったっけ   ', '神々をキャバ嬢に例えているの不敬すぎる', '平等に0万円ずつ入れると特別感がなくてアフターまで行けない問題www神社をキャバクラに例えるのとんでもないばちあたりな気がするけどさっきからシステムがしぬほどわかりやすいんだよな  太客とか 誤ったバブリーな認識やめなさい  ']","{'quantile_0': 0.3359365, 'quantile_1': 0.4051523208618164, 'quantile_2': 0.7337403297424316, 'quantile_3': 0.8206630051136017, 'quantile_4': 0.85827833, 'average_similarity': 0.63390464, 'size': 10, 'width_q': 0.4155106842517853}"
2022-12-13 01:58:00,"['神様に火遊びしてたら頻尿治らないわ', '年明け一発目ラジオ楽しみだなあ', 'ずっと正月神社で0万以上の賽銭入れないように待ってるとか面白すぎるやん', 'まじめな話 お賽銭はその時のその人の経済状態で妥当な額を自分で決めて入れるのを神様は見ていてくれるって聞いたぞ', '他人のお賽銭も規制するdjw ', '新婚旅行 商船三井フェリーに乗って自家用車で行ったなぁ北海道0週間 このcm聴くと毎回思い出すわ', 'r神社を夜のお店扱い松 一万以上の賽銭禁止 張り紙して自分だけ入れる']","{'quantile_0': 0.32231194, 'quantile_1': 0.5896911025047302, 'quantile_2': 0.7474679350852966, 'quantile_3': 0.801005482673645, 'quantile_4': 0.85248506, 'average_similarity': 0.69194615, 'size': 21, 'width_q': 0.2113143801689148}"
2022-12-13 01:59:00,"['いつも以上に時間の経過があっという間過ぎてる   ', 'まさか豊川稲荷がお店になってしまうとは天罰当たりませんように      ', 'お賽銭で0万と0万打っ込む松永さん 調べたら全国平均 0でした 0万で 新幹線に取り残されて爆速で消えてったairpods何個か買えるよw ', '松永さんは真っ直ぐ の部分後で聴き直す', '百礼百拍手がじわじわきている', '他に0以上行かれたら持ってかれるから止める笑笑', '上柳さんwwwwww ']","{'quantile_0': 0.11727851, 'quantile_1': 0.3047693073749542, 'quantile_2': 0.6831169724464417, 'quantile_3': 0.7531010508537292, 'quantile_4': 0.8220934, 'average_similarity': 0.5756664, 'size': 21, 'width_q': 0.448331743478775}"
2022-12-13 02:00:00,"['長過ぎよ 韻  ', '来週 spw ', 'お知らせ スペシャルウィーク  ', 'ホテルの激ザコドライヤー残ってるエビとタコもらいや', '来週楽しみだなー', '韻長っ', '松永さん 今年は忙しかったでしょうから お正月は地元でゆっくりしてしてください', 'ホテルの激雑魚ドライヤーw ', 'blass monkey   ']","{'quantile_0': -0.004439209587872028, 'quantile_1': 0.0, 'quantile_2': 0.20077238231897354, 'quantile_3': 0.3170025646686554, 'quantile_4': 0.7073367238044739, 'average_similarity': 0.24069981086197206, 'size': 36, 'width_q': 0.3170025646686554}"
2022-12-13 02:01:00,"['ホテルの激ざこドライヤーエビとタコもらいや', 'ホテルの激雑魚ドライヤー あいつの 海老とタコと貰いや  ', '先週のビュッフェラジオがwww ', 'なんか上手く言えないけど rさんがspw告知する時の ゲストが来ます  の言い方大好きなんだよな', 'アツいなkandytown ', 'ホテルの激雑魚ドライヤー残ってるのエビとタコと貰いやうわぁ すっげぇ ', '韻踏みジングルホテルの激ザコドライヤーエビとタコ貰いや    ', 'ホテルの激雑魚ドライヤー残ってるエビとタコもらいやー', 'ホテルの激ザコドライヤー バイキング あいつの残ってるエビとタコともらいや', 'kandy楽しみ', '韻すごい  ', 'ホテルの激ザコドライヤーあいつのエビとタコもらいやーすげぇ', 'spw kyandy townのioとkeiju ', 'ホテルの激雑魚ドライヤー残ってるエビとタコもらいやって長いわwww ', '来週ですね spw  楽しみです', '来週のspw  楽しみだな', '先週サッカー見ながら聞いたような気がしたキャンディータウンゲスト本当だったんだ']","{'quantile_0': 0.15626001, 'quantile_1': 0.4091102033853531, 'quantile_2': 0.6211084723472595, 'quantile_3': 0.7373980432748795, 'quantile_4': 0.9654055, 'average_similarity': 0.59316105, 'size': 136, 'width_q': 0.32828783988952637}"
2022-12-13 02:02:00,"['我々といちばん遠い存在', '', '毎週思うけど うまいよねっサスガ  ', '来週 spw    きっと いい感じになるよね    ', 'えげつなく踏み倒した韻ジングル', 'この前からkandytownのこの曲聞きまくってる', 'spwは来週です 今週は0人です ', '今週のゲスト発表はちゃんとイメージ重視の静かめでわらった', 'ホテルの激ザコドライヤー残ってるエビとタコもらいや', '怖いよりクールに親和性のない深夜ラジオリスナー もうなにも言えない  н    ', '目の前にシュッとした人が出てきたとき何も言えなくなる深夜ラジオリスナー', 'クリピと一番遠い位置にいるグループ', 'ホテルのガキ雑魚ドライヤーすごいわかる', '何も通用しないやつだよなw ', 'ホテルの激雑魚ドライヤー残ってるのえびとタコ貰いやワ スゲッ', 'coolが0番深夜ラジオリスナーから遠いwwww ', 'rep 東京 世田谷のクルーkandytownが来るぞー  ', 'coolが一番遠い深夜ラジオリスナー', 'ゲストすげ']","{'quantile_0': 0.0, 'quantile_1': 0.3846202492713928, 'quantile_2': 0.5402220487594604, 'quantile_3': 0.6399406492710114, 'quantile_4': 0.9420952200889587, 'average_similarity': 0.4838140655679312, 'size': 171, 'width_q': 0.25532039999961853}"
2022-12-13 02:03:00,"['来週楽しみ過ぎるよゲスト kandytown io keiju  ', '', 'クールが0番深夜ラジオリスナーと0番遠い', 'キャンディータウン高校の時めちゃ聞いてたからマジ嬉しいなー', '劣等感が火を吹く笑', 'spw 来週楽しみです   ', 'シュッとされたらお前の劣等感が火を吹いて死ぬwwwwww ', 'kandytownはクール 深夜ラジオと最も親和性がない  なるほど 笑  ', '深夜ラジオリスナーの劣等感に火がつくw ', '松永さんが今年行ったお店は女の子たちのチャームポイントもちゃんと書いてある 笑恵比須天は とにかく釣りが大好き 笑  ', '劣等感でまた欠席しないで下さいね健康で来週もおいでよしてね ', 'kandytown好きになったのに解散決定してるの悲しすぎる  ', '劣等感が火を噴く 笑  ', 'オマエの劣等感が火を噴く 松そうなのですね    笑  ', 'kandytown嬉しみ  ', ' シュッとされたらお前の劣等感が火を噴くぜ ', 'イカチイより親和性低いcool ']","{'quantile_0': 0.0, 'quantile_1': 0.3805869370698929, 'quantile_2': 0.5083569288253784, 'quantile_3': 0.7540886402130127, 'quantile_4': 0.9751217365264893, 'average_similarity': 0.5230084172833491, 'size': 136, 'width_q': 0.3735017031431198}"
2022-12-13 02:04:00,"['coolから0番遠い深夜ラジオリスナー', 'おまえの劣等感が火をふく ', '偏見がひどい笑', '松永 自分の劣等感が火を吹いて燃え尽きて死ぬ きゃんでいたうんと対峙したリスナーたちはこうなる予想', '格好良さをfeel  ', '松永さん 深夜ラジオリスナーと一番遠い 目の前にシュッとした人が現れるほうが困る 己の劣等感が露わになる ほらね   笑  ', 'うまさを強調しない さらっとあっやば', 'おまえの劣等感が火を吹くぜ', '劣等感が火を噴くそしてしぬ笑笑', 'ラジオリスナーには眩しすぎるkandytown笑', '寝る体制に入ります 寝落ちしそうです  ', 'どんな話が聴けるのかめちゃくちゃ楽しみよ ', 'rさんの解き明かしたがりすらも拒むかっこよさ feelしてもらうしかないんですよ ', '劣等感で火を吹いて自分を燃やしながら死ぬ', '劣等感で火を噴く', 'お前の劣等感が火を吹く', ' シュッとした人に来られたらお前らの劣等感が火を噴いて死ぬ wwwww ']","{'quantile_0': 0.31899333, 'quantile_1': 0.6507546007633209, 'quantile_2': 0.7116043865680695, 'quantile_3': 0.8206772059202194, 'quantile_4': 0.96335447, 'average_similarity': 0.7082682, 'size': 136, 'width_q': 0.1699226051568985}"
2022-12-13 02:05:00,"['劣等感で火を吹くwww ', '火を吹いて死ぬwww表現www ', '松永さんイケメン来るとお休みしがちですが来週大丈夫ですよね  ', '来年0月を以ってkandytown解散します けどhip hopでちゃんと解散するのは稀有', '初対面   緊張してる 邦さん  ', '来週はcreepy nuts揃ってspw   今年最後ですし松永さん体調気を付けてくださいね    ', 'キャンディ×くりぴは 未知 ', '活動終演してしまうのか  言い回しおしゃれね  ', '松永 一番難しいんだけど なんて呼べばいいんだろう  ']","{'quantile_0': 0.1869057, 'quantile_1': 0.418754443526268, 'quantile_2': 0.5956593453884125, 'quantile_3': 0.7053801566362381, 'quantile_4': 0.8120449, 'average_similarity': 0.5550705, 'size': 36, 'width_q': 0.2866257131099701}"
2022-12-13 02:06:00,"['ァルさんちょくちょく東京弁が出るようになってる  ', 'なんて呼べばいい マジ初対面だから', '邦さん タメ口から入る', '今朝ツイートしたヤツをもっかいあげとく 等身からして違うよな   ', 'spw真面目に音楽の話したらいいんだよたまにはそれも聞きたいよ 松さんなにかいじってる音がする赤ペン  ', '呼び方からですよねー', '松永さんマジ初対面 なんて呼べばいいかタメ口敬語本番前確認', '全国ネットで来週のゲストへの呼び方に悩む話', '来年0月で終演するんだ', 'mudマジ好き']","{'quantile_0': 0.15283012, 'quantile_1': 0.4712909758090973, 'quantile_2': 0.5960277915000916, 'quantile_3': 0.6915599703788757, 'quantile_4': 0.8274774, 'average_similarity': 0.573446, 'size': 45, 'width_q': 0.22026899456977844}"
2022-12-13 02:07:00,"['マジ初対面なんですね 松永さんお二人と    bad hopの時にも確認してましたよね そして さん 呼びになった記憶ありますな 懐かしい  ', 'kandytown 聴く側も何か ドキドキ    ', 'spwにお休みしませんように ', '  ', 'お松まじ初対面', 'まじ初対面なの   ', 'ハマくん確か話してた記憶があるなぁ  ', 'ずっと敬語でいいよ 会ったとたんに敬語しか出てこないでしょうに  ', 'okamoto sフィルター', '心の準備にどうぞ    ', '松永 会いたかった   笑笑', ' おもいっきりタメではじめてみれば  ', 'r kandytownさんになってしまう ', '松永さんまじ初対面  なんて呼べばいんだろう タメ口敬語確認しとこ', '和光の同級生が多いんだっけokamoto sとkandytown ', '和光とかそんな感じ ']","{'quantile_0': -0.08509236574172974, 'quantile_1': 0.3616122379899025, 'quantile_2': 0.5631365776062012, 'quantile_3': 0.6504264622926712, 'quantile_4': 0.893711268901825, 'average_similarity': 0.47677728918691475, 'size': 120, 'width_q': 0.2888142243027687}"
2022-12-13 02:08:00,"['dj松永さんはすぐ出てくるがr指定さんがパッと出てこん        ', '会いたかったーyes  ', '敬語かタメ語で行くか問題', 'youngjuju ', 'リスナーより先にパーソナリティー達がまずゲストとの距離の詰め方を決めかねている      笑', '和光 okamoto sフィルター', '初対面に思いっきりタメ語は松永さん難しすぎるんじゃない', 'クリピの雑魚さが好きw ']","{'quantile_0': 0.0, 'quantile_1': 0.08733204938471317, 'quantile_2': 0.4029706120491028, 'quantile_3': 0.6256495863199234, 'quantile_4': 0.8014811873435974, 'average_similarity': 0.37402299764965263, 'size': 28, 'width_q': 0.5383175369352102}"
2022-12-13 02:09:00,"['邦さん  敬語rさん  タメ語歪みが生まれる  ', 'okamoto sフィルター', '予行練習してる  ', 'ふたりそろうとr kyandy townさんになってしまう ', 'kandytown呼び方問題rがタメ口なのに松永が敬語はどうなのか', '松永さんrさん こちら参考にどうぞ逆に観ちゃうとビビってさらにムズくなる可能性もあるけど   ', '本番前に確認する  ', '松 はじめまして  松永ですぅ 予行練習はじめた', '0人になったら kandytownさん 笑', 'spwの予行演習楽しそうでよろしいね', 'シュミレーションしてんの笑うw ', '初対面なら敬語の方が 間違いないと思いますが']","{'quantile_0': 0.044164483, 'quantile_1': 0.4433334097266197, 'quantile_2': 0.5822851061820984, 'quantile_3': 0.6923854798078537, 'quantile_4': 0.8733846, 'average_similarity': 0.54277056, 'size': 66, 'width_q': 0.24905207008123398}"
2022-12-13 02:10:00,"['ややこしいのは年上のお松さんが敬語でrさんがタメ語になること', '二人になるとkandytown感が増すw ', 'やはり さん 呼びに 敬語間違いないですよねさてどうなる   でも初対面でタメ口難しいでしょうね', '時折', ' タメ口でいいと言うしかない 正論', 'rさんの提案邦さん ムズい', '松 初めまして松永ですぅ ', 'タメ口でいいですか 敬語でいいですか って入りがコミュ障なんだよww ', 'もう既に雑魚い', '敬語タメ口の0択は難しいよ', '来週は敬語', '確かに敬語でって人はいないw ', '初対面だし 敬語で行きましょうよ', '来週呼ぶゲストに対してどう接するか放送上で長尺で話し合うって面白い', 'ハマくんに相談してみれば 笑', 'そんな使い分け松永さんに出来る  ', 'ムズい', 'そりゃそうだw聞かれたらタメ口しかないだろ']","{'quantile_0': 0.0, 'quantile_1': 0.3870546817779541, 'quantile_2': 0.5639110207557678, 'quantile_3': 0.6922787427902222, 'quantile_4': 0.9099030494689941, 'average_similarity': 0.500359904775822, 'size': 153, 'width_q': 0.30522406101226807}"
2022-12-13 02:11:00,"['こんばんは松永ですタメ口と敬語どっちがいいですか敬語で ハイッ', '前もそんな事してなかった www ', '敬語でいいかタメ口でいいか事前確認', '敬語の方がいいすか タメ口の方がいいすか⋯ 笑', '松永さん 本番前に本人たちに確認www ', ' あっ 敬語でお願いします で来たら面白いなぁww ', ' はじめましてっ まつながですぅー どーっすか タメ語の方がいいですか 敬語の方がいいですか  ', '時折感情などをタメで織り交ぜるw ', 'ステキ', 'ハマくんに聞いたらいい ', '敬語→タメ口のグラデーション作戦', '福くんとインスタ相互フォローなの    ', 'ちなみに福くんcreepy nutsファンなの知ってる  ', '福くん ', '福くんとインスタ相互フォローw ', 'バイブスが合えば追い追い自然とナチュラルな言葉遣いになるって  ', '福くんと相互']","{'quantile_0': 0.0, 'quantile_1': 0.4648130163550377, 'quantile_2': 0.5937770307064056, 'quantile_3': 0.6976083368062973, 'quantile_4': 0.9322746396064758, 'average_similarity': 0.5265150005271768, 'size': 136, 'width_q': 0.2327953204512596}"
2022-12-13 02:12:00,"['ioにもkeijuにも敬語で話してる未来しか見えない', '時折タメ語を 織り交ぜる笑笑', ' 最後お別れの時にはタメ口  ステキ  s級コミュニケーション能力持ち', '鈴木福さんもクリピファン   ', ' 時折 挟んでいって最後タメ口    s級コミュニケーション 美しい流れになるの   かな  笑  ', '福さんと松永さんは相互フォロー', '福くんと相互フォローしてるんだ そして福さんになってる ', 'イオケイジュアリガトウ', 'ラジオ中に来週のゲストの応対をあたふた考えるふたり', 's級コミュニケーターになろう   ', '福くんとインスタ相互フォロー', '結局敬語になってると思われる', '福くんファンなの知らなかったそうなんだ', '急に福さん挟んでくる', '福くん呼んで 会話の仕方習おう', '福くんファンなの   ', '福くん呼んでよwww ', '福さん鈴木さん', '福くんクリーピーナッツのファンなの   ', 'もう福くんの呼び方問題になってるw ', '鈴木福くんとインスタ相互の松永 ', '果たしてそんなコミュ力が0人にあるのか  笑笑', '福くんと相互フォロー', '福くんとインスタ相互フォローなんだ', '福くんとインスタ相互フォロー', '鈴木福くんと相互フォロー関係の松永福さん福さんもおかしい 鈴木さん鈴木さん 芦田さん', 'rさん凄いびっくりしてる', '福くんcreepynutsファン   ', '鈴木さんw ', '福くん→福さん→鈴木さん', '福さん', '福くんとインスタ相互フォロー', '鈴木福さんww ', '福さんwww ', '福くんとインスタ相互フォローしてる   ', '最終的に鈴木さん そして芦田さん ', '福くんとインスタ相互フォロー', '敬語タメ語でどーしよどーしよあたふたしてる0過ぎの大人男子0名 ', '福くん→福さん→鈴木さん', '鈴木福くんクリピファンなの インスタ相互フォローなんだ', ' ちなみに福くんcreepy nutsファンなの知ってる   えー     福くんとインスタ相互フォローなの 福さん', '福君は creepy nutsファンです', 'いや もう福さんだからねw ', '急に福さん', 'もっと菅さんw ']","{'quantile_0': -0.015496795997023582, 'quantile_1': 0.43754541873931885, 'quantile_2': 0.5590319037437439, 'quantile_3': 0.6687321662902832, 'quantile_4': 1.0, 'average_similarity': 0.529660214995495, 'size': 990, 'width_q': 0.23118674755096436}"
2022-12-13 02:13:00,"['福さん   ', '須賀健太は須賀さんもっと須賀さん', '敬語からタメ口の作戦', 'えー 福くんとインスタ相互    ', '鈴木さん 芦田さん もっと須賀さん', 'キャリア的にも福さんや    ', '福くんくりぴファン      ', 'もっと菅田さん', 'もっと須賀さん', '鈴木福くんはcreepy nutsファン福さん キャリア的にも福さん  ', '福さんとインスタ相互フォロー', '福 さん になってる', '福くん→福さん→鈴木さんww ', '福さんもおかしい鈴木さん', '福くんさんとインスタ相互なんだ松永さんww ', '', '福君って結構なラジオ好きよね', '福さんもおかしい 鈴木さん', '鈴木さんはもはや誰かわからない', 'えええええ笑笑笑', 'creepy nutsファンな福さんと相互フォローな松永さん', '鈴木さん 笑  ', 'ふぇ  福くん   ', 'もっと須賀 健太 さん', '福くんと松永さんインスタで繋がってるのか  0人 福さん となる あ 鈴木さん に 笑  ', 'コレ bad hopんときにもやっとったな ', '今日さ 松永さんをrさんが応援してるようなラジオ何となく個人の感想福くんと相互フォローcn好きなんだよね', '芦田さん 鈴木さん 須賀さん   はゲストに来ないが   ', '福くんファンなんだ笑笑笑', '福くんも好きなんや', '福さんwwwww ', '芸歴はかなり長いですもんね 福さんいや 鈴木さん', 'え    鈴木福さんcreepy nutsのファンなの    ', 'マルマルモリモリで止まってらあ 鈴木さん 芦田さん', '松永さん福くんとインスタ相互なん笑', 'ほんとにffだった  ', '君呼び行くか', '松永 福くんとインスタ相互フォロー   笑笑', '福くんインスタ相互フォローなの w ', 'もっと須賀さん笑', 'え そうなんだ 福さん  ', 'マルモリは確か0年 とかですから', ' 止まってらァ ']","{'quantile_0': -0.03333611413836479, 'quantile_1': 0.43364349007606506, 'quantile_2': 0.6110759377479553, 'quantile_3': 0.7265389561653137, 'quantile_4': 0.9999999403953552, 'average_similarity': 0.5628541747370068, 'size': 903, 'width_q': 0.29289546608924866}"
2022-12-13 02:14:00,"['年下の0winにもタメ口無理やったやん', '福くんcreepy nutsヘッズだったの   良い子   ', '須賀健太さんはもっと須賀さん  ', 'くん', '結果 最後まで敬語になるに0票', '福さん まなさん こころさん ', '来週なんて呼ぶかすげぇ楽しみ', 'もっと須賀さん 笑  ', '福さんも年齢的に聞くよな ', '鈴木さん芦田さん笑笑', '福くんー福さんー鈴木さん笑笑', 'もっと須賀さん', '福くんくりぴファンなの  すごー', '須賀健太くんは須賀さん', 'oiくん keijuくんio氏 keiju氏', 'ヂ村上さんみたいな', '鈴木さん‥相互フォローありがとうございます', '鈴木福君はcreepy nutsの大ファン', '芦田さん 鈴木さん 須賀健太w ', '福さん番組に呼んでほしいけどまだ年齢的にアレ  ', '氏', 'punpeeさんは yzerr氏 ', 'そうか punpeeさんってなるのか rさん', 'キャリア的には鈴木福さんr すいませんでしたァァ ', 'そこまでいくと 神木さんが ', 'もっと須賀さん笑笑', 'punpeeさん言いそうw ']","{'quantile_0': -0.07100163400173187, 'quantile_1': 0.39121247828006744, 'quantile_2': 0.5599687099456787, 'quantile_3': 0.6881860792636871, 'quantile_4': 0.9806955456733704, 'average_similarity': 0.4956429807304742, 'size': 351, 'width_q': 0.2969736009836197}"
2022-12-13 02:15:00,"['くん松  いこか  ', ' いってみよか くん  ッツ いこか ', 'もっと須賀さんwww実年齢ではcnとどっちが上なんだろう', 'punpee 鈴木福氏 w ', 'もっと 須賀さん  笑 しかしじっくり来週に向けての準備をされてますね 君 呼びになる   ', 'io氏keiju氏www ', 'io氏keiju氏 笑  ', '氏で呼んでみる ', '氏', '氏になってる笑', '藤井さんとpとワイザーのやつかな', 'io氏keiju氏', '氏呼び 行きますか  ', 'もっと須賀さん確かに愛菜ちゃん 福くんで止まってるわ', '氏笑笑', '来週 楽しみだな  ', '須賀健太氏鈴木福氏', '鈴木福氏', 'ちゃん呼びは無理', 'マクガフィンwww ', '鈴木福氏w ']","{'quantile_0': -0.012616897001862526, 'quantile_1': 0.2044673189520836, 'quantile_2': 0.404864639043808, 'quantile_3': 0.5795169472694397, 'quantile_4': 1.0, 'average_similarity': 0.4011115842011003, 'size': 210, 'width_q': 0.3750496283173561}"
2022-12-13 02:16:00,"['ゲストへの絡み方公開相談を聴く時間 イオさん イオ氏 イオちゃん イオくん イオ殿 ', 'io氏keiju氏', '殿', 'r殿   ', ' io氏 keiju氏 ', '何で福さんには さん 付けなのに木村拓哉さんの時だけ キムタクん とか アニキム になるんだよ   w ', '福氏 鈴木福氏  ', '芦田姉さん 福田兄さん かな  ', '妄想はできるが 現実には無理', 'io氏keiju氏福氏須賀健太氏', 'ダル絡みのやつみたいw ', 'io氏keiju氏笑笑', 'ちゃん さん 氏 くん 殿r殿  ', 'punpeeさん次々と対談しないw ', '殿はおかしい', 'ござるか', '鈴木福氏', 'イオちゃんさぁ  ', '名前呼ぶ練習してるの可愛すぎるでしょ', 'ゲストにタメ口のcナッツが思い浮かばん', 'punpeeが氏呼びなんだ', '本来はゲストにタメ口か敬語かって裏でこっそり話してラジオで実は みたいな流れが主流だけど相手の方に全部ラジオで話聞かれてたらめっちゃ面白いよね ', 'なんでゲストが来たら急に侍になるんだよrさんww       ', '名子役と連続対談ってどんな企画よ', '話がブレるから殿はやめてw ', '福氏', '', '御意', 'ioちゃんさぁ 笑  ', '御意 御意 御意', 'ござるね御意御意御意', 'rさんと同じタイミングで殿出てきた私w ', 'タメ口or敬語と呼び方問題 ioさんkeijuさんが今日の放送聞いてたら話早そう', 'punpee福くん須賀健太のボクらの時代', '先生', '殿に引っ張られてござる 御意御意御意']","{'quantile_0': -0.0052800714038312435, 'quantile_1': 0.1556718945503235, 'quantile_2': 0.36334754526615143, 'quantile_3': 0.5718345493078232, 'quantile_4': 0.9999998211860657, 'average_similarity': 0.3623908331802499, 'size': 630, 'width_q': 0.4161626547574997}"
2022-12-13 02:17:00,"['殿はだめよセフィロス出てきちゃうからw ', '先生は馬鹿にする時の言い方', '御意御意御意', '御意ww ', 'rの提案全部オタク臭いのしぬ', 'あと殿 笑  ', ' イオちゃんさぁ ', '年上にちゃん付け絶対むり  笑', 'キムタクと会う時もこんな話してたよねwww歴史は繰り返されるww ', '', 'ちゃん さん 氏 くん 殿', 'ござるねござるねぁ御意御意御意御意 御意御意御意御意 ', 'io殿keiju殿', '殿www ', '殿はr殿のやつ思い出しちゃう', ' keiju殿はー ', '殿wwwwwww ', '話の流れが 氏 になってるえ  ちゃん     笑 行けんの 松絶対無理 年上にrですよね 笑 からの 殿 ', 'ござるか 笑  ', 'r殿ぉ  がよみがえるからwwww ', '古の0ちゃんねらーじゃんwww ', 'r殿 ', 'イオちゃんさ  ', 'さん 君 氏 殿 先生', '全方位対応は さんだと思うもー さんで行こ 殿で ござるかがで出来たら相手どうすんのさー ', 'ござるか は やり過ぎ', '', 'なんj語は草', '殿', 'あなた', '御意御意御意 笑  ', '貴方ってどっち w ', 'ござるねござるねえぇ御意御意御意御意  ', 'コミュニケーション下手になってない w ', 'ござるか 御意御意御意', '殿はダメよw r殿思い出すからダメよ', 'ござるか 殿に引っ張られすぎww ', '初対面で面と向かって氏呼びはヤバいw ', '']","{'quantile_0': 0.0, 'quantile_1': 0.06926803290843964, 'quantile_2': 0.37446632981300354, 'quantile_3': 0.5410252809524536, 'quantile_4': 0.990491509437561, 'average_similarity': 0.3443021492306118, 'size': 741, 'width_q': 0.471757248044014}"
2022-12-13 02:18:00,"['ござる 御意', 'クリーピー殿の0人ww ', 'あなたこれは知らん人じゃん', 'ござるね御意御意御意御意御意w ', 'r殿 r殿   ', ' 殿 呼びは爆笑しかない   ', 'ラッパーのゲストくる時に呼び方とか話し方どうするか会議するんほんとかわいいし 楽屋話聞いてるみたいで楽しい', 'ちゃんイオでどーかね  ', '殿で 私も  r殿 を思い出しちゃうw ', 'こんだけ今色々言ってても 結局bad hopの時みたいになるよ', 'keiju殿', 'ござるねぇ 御意御意   ', '殿笑笑', 'r殿とまちゅちゅん', '御意御意御意ー  ', '御意御意御意御意', 'ん ポキポキ音 赤ペンのキャップ音拾ったかな  ', '殿 ござる', 'もうkandytown呼び方大喜利になってるじゃんwwww ', 'ナチュラルに信じる', 'けいじゅ殿は笑', '', '御意御意w ', '同年代のゲストに対する呼び方とかタメか敬語かとかに毎回延々悩むお二人とても楽しい', '殿はヤバすぎるw最後ダサい侍w ']","{'quantile_0': 0.0, 'quantile_1': 0.2824828550219536, 'quantile_2': 0.4555952250957489, 'quantile_3': 0.563756600022316, 'quantile_4': 0.9812167286872864, 'average_similarity': 0.4239187715947628, 'size': 300, 'width_q': 0.2812737450003624}"
2022-12-13 02:19:00,"['t pablowとyzerrが来た時の松永さん思い出した 年下に敬語だったよね 笑', 'r ただkeijuが聴いてくれてることがあるらしくて ラジオ', 'くんは 年下にでも失礼な気もする ', 'あなたは距離があるなぁw ', 'あなた はどうですか リスナー的にも聴きづらいw ', '', '殿 ござる 御意ww ', 'ちょうどpunpeeとyzerrの対談で p様がyzerr氏って言ってたなーと思ったら r氏が言ってくれた 今 彼らは来週ゲストにくるioとkeijuの呼び方会議されとる がんばれ', '聴かれてる可能性やはり本番前に確認', '殿呼び 先生呼び ', 'ここに来て聞いてるかもっていうオチw ', 'あのぉー あなたはどうですか  ', '自分から当日出てくるやつを信じる feelで', '来週のspwのcm ', 'ところでたまアリの話 ないのですか  ', '聴いてる可能性があるからこういう感じで行くんだぁ ってなるのか ', ' 御意 御意 御意 御意  すゑひろがりずかよwww ', 'cmではイキってる松永さんw ', ' さん って結局言ってると思う']","{'quantile_0': 0.0, 'quantile_1': 0.23203511536121368, 'quantile_2': 0.6360545754432678, 'quantile_3': 0.7405248880386353, 'quantile_4': 0.9013456106185913, 'average_similarity': 0.5000595367181371, 'size': 171, 'width_q': 0.5084897726774216}"
2022-12-13 02:20:00,"[' くんで くんでいくんだーみたいな顔しないでね  せえへんせえへん ', '長かったなこの話ウェカピポでのど自慢優勝がどれだけすごいか語ってくれてもいいんだよ', 'あなたはどうですか   ', '君でいくんだーって顔しないでね笑笑', 'coolでシャレオツなヒップホッパーがゲストに出るのに呼び方で喧々諤々するふたりって だがそれでいい']","{'quantile_0': 0.6424518, 'quantile_1': 0.7327633649110794, 'quantile_2': 0.766217440366745, 'quantile_3': 0.8078248053789139, 'quantile_4': 0.91727626, 'average_similarity': 0.7691147, 'size': 10, 'width_q': 0.07506144046783447}"
2022-12-13 02:21:00,"['リスナー全員 くんでいくんだー の顔なるよ ', '見せましょうか って 松永さんあまり無理なさらずに 来週は必ず来てくださいね', '今回のspwのcm まともな方だねぇ', '今日のラジオ聞かれてたら何で呼んでも あぁ それでいくんだ  艸   ってなる', 'そういえばこの練習bad hopの時もやってなかったっけ そんで結局松永さんずっとさん付けだったような', 'じっくり考えての フィール で ん ご本人聞いてる  長尺使って考えた結論が ご本人に聞く  笑 でもそれが間違いないですね', 'spwのcm    ', 'そういう側面お見せしましょうか', 'バットホップゲストの時のどんどん敬語になる松永氏を思い出しますわ', '君でいくんだみたいな顔しないでねって言う松永かわいいかよ', '福くんほんとに好きなんだなw   ', ' くん でいくんだみたいな顔しないでね']","{'quantile_0': 0.2374624, 'quantile_1': 0.6435979157686234, 'quantile_2': 0.760402500629425, 'quantile_3': 0.8281883895397186, 'quantile_4': 0.9585738, 'average_similarity': 0.7111233, 'size': 66, 'width_q': 0.18459047377109528}"
2022-12-13 02:22:00,"['来週何て呼ぶのか気になりすぎて絶対トーク入ってこないじゃん笑', '', 'ジングル', 'ヤニジングル']","{'quantile_0': 0, 'quantile_1': 0.0, 'quantile_2': 0.0, 'quantile_3': 0.0, 'quantile_4': 0, 'average_similarity': 0.0, 'size': 6, 'width_q': 0.0}"
2022-12-13 02:23:00,"['そういう側面見せましょうか', 'ジンクル  ', '', 'ヤニジングル', '', '', 'ジングル']","{'quantile_0': 0, 'quantile_1': 0.0, 'quantile_2': 0.0, 'quantile_3': 0.0, 'quantile_4': 0, 'average_similarity': 0.0, 'size': 21, 'width_q': 0.0}"
2022-12-13 02:24:00,"['松永さんキングスマンわかる  ', 'もうこんな時間   聞きたい話題がやっぱり出てこない 笑  ', '福田さん おおいい ', 'シルクハットw ', '外国のトークショーかw ', 'リスナーから提案mr 呼び', 'もう 早いなぁ', 'ミスターは 福田さん あぁ良い ', 'mr 呼びのメール読みが素敵だったよ松永さん 紳士ラジオスーツ全部捨てちゃったのよーわぁそうだった', 'ジェントルヒップホッパーの伏線 ここで回収するかぁw ', '来週はオーダーメイドのスーツ シルクハットでmr呼びして紳士感出す']","{'quantile_0': -0.076920874, 'quantile_1': 0.20165006071329117, 'quantile_2': 0.4282078444957733, 'quantile_3': 0.5630567669868469, 'quantile_4': 0.80643773, 'average_similarity': 0.39929235, 'size': 55, 'width_q': 0.36140670627355576}"
2022-12-13 02:25:00,"['mr    笑笑笑', 'インスタ相互フォローの鈴木福さん  ', '紳士感は良し続かん', 'ミスターイオ ミスターケイジュ来週だけは久しぶりにきっちりスーツのジェントル', 'ジェントルヒップホッパー', '紳士でもカミカミになってそうだと思うw ', 'スーツ捨てた  テーラー行くって     かよ 笑  ', 'キングスマン  ', 'ミスター呼びに福田さんが唸った    笑 え スーツバッチリキメますか    笑 からの捨てちゃった松永さん', '英国紳士風', 'メリークリスマス ミスターケイジ ミスターイオ', 'mr 呼び良さそうだけど喋りづらそう', '来週 何と呼んでいてもびびってるとしか思えなくなってる今 ちゃんと0人でお迎えして下さいね ', '右京さんも英国紳士だしね', 'ミスター呼びはヤバいやろw ', '松永さんと鈴木福さんの相互フォローはこちらになります 笑  ']","{'quantile_0': 0.0, 'quantile_1': 0.20455077663064003, 'quantile_2': 0.43584927916526794, 'quantile_3': 0.6194899529218674, 'quantile_4': 0.8886396288871765, 'average_similarity': 0.4145041800104082, 'size': 120, 'width_q': 0.41493917629122734}"
2022-12-13 02:26:00,"['キングスマン大好き', '', 'gal of the dead  ', 'ギャル', 'そのスーツ姿逆に見たいわ', 'ギャルオブザデッド   ', 'ギャルオブザデッド', 'ひと段落したので', 'スーツの松永さん久しぶりに見たい', 'それは漢さんだからまかり通るところあるよ そこ間違えたらやばよ ww ', 'ギャルだったらいける呼び方多いね', 'ギャルなら ちゃむ とかw ', 'お ギャルオブザデッド ', '敬意を持って呼び捨てなんていう考え方があるんだ  ', 'スーツあの ピンクのスーツ借りてきましょーよ ', 'ギャルならちゃみとかちゃむで行けた ioちゃみkejuぽよ', 'けじゅぽよw ', '漢さん確かに   ']","{'quantile_0': -0.03468804806470871, 'quantile_1': 0.0, 'quantile_2': 0.09851119667291641, 'quantile_3': 0.5349637269973755, 'quantile_4': 0.8483431935310364, 'average_similarity': 0.24767842012293198, 'size': 153, 'width_q': 0.5349637269973755}"
2022-12-13 02:27:00,"['ギャルだ ギャルの時間だ  ', '全然まだまだやるんよなこれw ', '仕立て屋って言葉を聞くとこの前の若林さんの話思いだすwピンクに合う色はエメラルドグリーン サンリオになっちゃう って話 めっちゃ笑った ', 'gal of the dead  ', 'ギャルオブザデッド   ', 'ギャルオブザデッド  ', '  ', '', 'ちゃみちゃむ', 'ギャルのお怒り', '久々のギャルオブザデッド     0ヶ月ぶりじゃね ', 'ここまできたら 名前を呼ばずに続ける ビジネス会話も選択肢 ', 'けじゅぽよいおっち', 'god   ', ' ギャルやったらなー ちゃむでいけんねんけどな ', 'gal of the dead    ', 'いおちゃむ笑', '来週のゲストの名前呼びをずっと考えてるふたり', 'ギャル   ', 'ギャル  ', 'いおちゃみけじゅちゃみ 笑  ', 'ケジュぽよwww ', 'ギャルオブザデッド  ', '0時間立つの辛くない', 'ご時世的にッチはクロアチア代表になっちゃうんだよなw ', 'いおちゃみけじゅぽよ', 'けじゅぽよ']","{'quantile_0': -0.025460926815867424, 'quantile_1': 0.0, 'quantile_2': 0.0, 'quantile_3': 0.2913114130496979, 'quantile_4': 1.0, 'average_similarity': 0.1522997331001565, 'size': 351, 'width_q': 0.2913114130496979}"
2022-12-13 02:28:00,"['ギャルオブザデッド', 'ギャルだったらいけるんだけどなぁー ', 'じっくり考える合間に ギャルオブザデッド  笑 説明してるrさんの後ろで聞こえる松永さんの へぇふん  笑 良き', 'けじゅたん', '', 'きゃんでぃたうん0人の呼び方問題が片付かないままギャルゾンビコーナーをしていてr 俺らがギャルならなぁ  ', ' おれらがギャルなら ', 'gal of the dead  ', '0時間は長ないか  ', 'けじゅぽよwwwww ', 'ギャルだったら ちゃみ   ちゃむ   ぽよ で呼べるのにw ', 'ちゃみとかちゃむとかぽよとか', '立ち飲みで0時間立ち続けるの強くて草', '敢えてのラッパーネーム呼びもラッパー同士だから成立するんだとしたら結局松永さんムズくない  ', 'サンタイガーさん  ', 'ギャルオブザデッド', 'おじいちゃんのこだわり強い ジョージ', 'いおちゃみけじゅぽよかわいい', 'いおちゃむけいじゅぽよ', 'まだギャルオブザデッドやることに不満そうな松永さんwww ', '所さんをジョージ呼びw ']","{'quantile_0': -0.1407804787158966, 'quantile_1': 0.0, 'quantile_2': 0.14009632170200348, 'quantile_3': 0.41748836636543274, 'quantile_4': 1.0000001192092896, 'average_similarity': 0.23168532945481793, 'size': 210, 'width_q': 0.41748836636543274}"
2022-12-13 02:29:00,"['けじゅぽよいおちゃみけいじゅっち', '0時間立ち飲み 笑 凄すぎ', '俺らがギャルならがじわじわくる 笑', '似合うは無責任よな', 'ロトトさん  ', 'ギャルのあだ名の語尾 謎だよね学生時代   たそ   たむ   ちゃむみたいなんいっぱいいた笑', 'おれらがギャルならなー 笑', '松永さんのスーツ姿好きなんだけどな', ' やめようよ w ', '何かわかるwww ', '0時間立ち飲みキツっ笑笑', 'ファーストネームで w ', 'ジョージ呼び 笑  ', 'ジョージどこの 笑', '0時間立ち飲みダルすぎ笑']","{'quantile_0': -0.030354554, 'quantile_1': 0.3024539649486542, 'quantile_2': 0.40582722425460815, 'quantile_3': 0.49123385548591614, 'quantile_4': 0.9710777, 'average_similarity': 0.4165066, 'size': 105, 'width_q': 0.18877989053726196}"
2022-12-13 02:30:00,"['ニクと言われたら焼肉屋だと思うもん', '焼肉は豚メインやろ', 'ギャルゾ 今日いいねえわかるー', '確かに連想する ', 'ジョージ', '0時間立ち飲み', '立ち飲み0時間は辛いね', '肉に優劣なし', '友達ブルゾンちえみをちえみ呼びしてた笑', 'まあヘルシーだねww ', '0通目だ  ', 'ジョージ呼び笑笑', '深夜の飯テロ', '鳥も好きなんだけどがっかりしてしまう ', 'ジョージ', ' ジョージ っていうとおさるを思い出すw私の中でのジョージはおさるのジョージ  ', 'せせりはマジうまいねからあげがいいよ', ' 肉食いに行く で焼き鳥行かんな', 'せせり大好き   ', '鶏肉専門店でがっかりはそうだよなイメージがな', 'ト  r ロトト', '牛もしくは豚よな笑笑']","{'quantile_0': -0.15265753865242004, 'quantile_1': 0.14887528121471405, 'quantile_2': 0.38545098900794983, 'quantile_3': 0.582096129655838, 'quantile_4': 1.0, 'average_similarity': 0.3678160822744687, 'size': 231, 'width_q': 0.43322084844112396}"
2022-12-13 02:31:00,"['今夜のゾンビは皆オッサン ', '肉と言えば 牛  豚 でもがっかりな松永さん 笑 そうかそれで鳥はナイか え 鳥専門の焼き肉店  気になる    ', 'ん ', 'ジョージ', '曲がって水道管みたいに  ', '何言ってんのwwww ', 'creepy nutsのオールナイトニッポン ニッポン放送     nuts ', 'shingoさんに連れてってもらった大阪の鳥専門のお店 めっちゃくちゃうまかった   ', 'shingo 西成さんに連れて行ってもらった鶏肉専門店は美味かった', '0通目  まじか', 'あるね 牛だよね やっぱり', '今日のギャルオブザデッドいつもに増して面白すぎる', 'ロトトさん     ', 'またロトトさん  ', '水道管チ ポwwwwwしょうもねえwwwwww ']","{'quantile_0': -0.023555384948849678, 'quantile_1': 0.0, 'quantile_2': 0.3791745901107788, 'quantile_3': 0.5612879991531372, 'quantile_4': 0.9126319289207458, 'average_similarity': 0.36222737067866895, 'size': 105, 'width_q': 0.5612879991531372}"
2022-12-13 02:32:00,"['確かに牛肉が全てじゃないよね  shingo西成さん行きつけのの鳥焼肉屋すげえ', '店長に思い入れないときつい件 ', '水道管ww ', '水道管ち ぽw ', 'ま ほぼ上手いせせりは牛やからな 迷言  ', '水道管チンポヤバイwww ', '水道管w ', 'サンタイガーさん すごっ', '水道管ち ぽってなんだよwwwwww ', '水道管www ', '鳥専門の焼肉店とかいいな', '水道管xxx ', '水道管ちんぽw ', '殺伐 パワーある単語']","{'quantile_0': -0.054667406, 'quantile_1': 0.14547596126794815, 'quantile_2': 0.2581626772880554, 'quantile_3': 0.7438581585884094, 'quantile_4': 0.99999994, 'average_similarity': 0.3990331, 'size': 91, 'width_q': 0.5983821973204613}"
2022-12-13 02:33:00,"['確かに店長へのバースデーメッセージはきつい', '水道管ちん ', '水道管ちんぽ笑笑', 'はも', 'せせり美味しいよね  ', 'バイトメンバーで唯一飛ばなかった松永', 'ちなみに九州には ドライブイン鳥 という鳥料理専門のレストランがあります  ', '水道管おもろすぎて声出た', 'バックヤードで喋ったりしてました バイト', '殺伐としたバイト先 全員トんでやめたwwwwwwww ']","{'quantile_0': 0.10804694, 'quantile_1': 0.2309652864933014, 'quantile_2': 0.5495999455451965, 'quantile_3': 0.6858088374137878, 'quantile_4': 0.8451189, 'average_similarity': 0.46144024, 'size': 45, 'width_q': 0.45484355092048645}"
2022-12-13 02:34:00,"['全員トビ', '俺以外全員飛んだ  ', '忘れたなら振るな笑', '東京でバイトしたところはお松さん以外は全員飛び 笑  ', '辞め方が飛ぶ一点全員飛び初めてちゃんと辞めるやつ現れた  w ', 'oscaさんがつけられてたあだ名きになる', 'オスカさんなんて呼ばれてたんですか  ', 'おすかさんが0年半呼び続けられたあだ名 思い出せ      ', '東京は 殺伐としてた 全員 とんだ ', '殺伐としてた松永さんが働いていた東京のバイト先 笑 みんな飛んでたのか 笑  ', '気になる', '', 'あだ名つけられた  oscaさんのあだ名知りたい', '辞め方が松永さん以外はとぶスタイルってどんなお店よ 笑']","{'quantile_0': 0.0, 'quantile_1': 0.45939628779888153, 'quantile_2': 0.600753664970398, 'quantile_3': 0.6857157051563263, 'quantile_4': 0.9207332730293274, 'average_similarity': 0.5228689555283431, 'size': 91, 'width_q': 0.22631941735744476}"
2022-12-13 02:35:00,"[' oscaさんのあだ名なんやろ  きになる笑', ' 俺oscaがつけられてたあだ名0年半呼び続けたもん  なんて名前   あぁ忘れた   くっそー   w ', 'oscaさんがつけられたあだ名  なんでrさん忘れてるのよ', 'うがー 忘れた 非常に良いcm入りでした ', 'オスカさん 聴いてないかな あだ名気になります ', '殺伐としたバイト先 俺以外全員トンだ', '東京のバイトは殺伐としてたw ', '俺以外全員飛んだwそれもなかなか珍しいねw ', '従業員が全員飛ぶバイト先って嫌だ', 'creepy nutsのオールナイトニッポン チンポの話しかしてないの草', 'まってめっちゃ気になるって     ', 'そんな面白そうなあだ名を忘れちゃってるなんてrさん珍しい', '俺以外全トビ笑', 'あ0番面白いとこなのに忘れちゃってる', 'あぁ これは ', 'oscaさんtfで聞かれたら是非ともアンサーを    笑  ', 'えー気になるwoscaさんのあだ名なに  ']","{'quantile_0': 0.26626626, 'quantile_1': 0.607668086886406, 'quantile_2': 0.6884655654430389, 'quantile_3': 0.7461847215890884, 'quantile_4': 0.88164294, 'average_similarity': 0.66698843, 'size': 136, 'width_q': 0.1385166347026825}"
2022-12-13 02:36:00,"['oscaさんのあだ名 気になるなぁ', 'oscaさーん 気になるよー ', '全員トブ  どんだけブラックなん  ', '明日oscaさんご本人がツイートしてくれそうw ', 'oscaさん聴いてないかなぁ', '東京でのバイト 松永くん意外は トンでた 松永くんだけがまともな状態で辞めた なんだかんだちゃんとした人 ', '肝心なとこ忘れるr氏   即興はすごいのに残念 笑']","{'quantile_0': 0.53437996, 'quantile_1': 0.6071729063987732, 'quantile_2': 0.6559048891067505, 'quantile_3': 0.7205479145050049, 'quantile_4': 0.7959541, 'average_similarity': 0.66417223, 'size': 21, 'width_q': 0.11337500810623169}"
2022-12-13 02:37:00,"['どんなあだ名だったのか 気になる ', '邦さん以外飛んだバイト先 それは殺伐とするわなそしてみんな気になるoscaさんの呼び名', '結果みんなoscaさんのあだ名が気になって眠れなくなる', 'oscaさんのあだ名 気になるなぁ わたしも']","{'quantile_0': 0.86533576, 'quantile_1': 0.8709622025489807, 'quantile_2': 0.888977974653244, 'quantile_3': 0.8956175148487091, 'quantile_4': 0.90384936, 'average_similarity': 0.8849881, 'size': 6, 'width_q': 0.024655312299728394}"
2022-12-13 02:38:00,"['から始まるラジオ', 'のど自慢のウェカピポ  ', 'ここで来たのど自慢ウェカピポの話', 'oscaさんのあだ名もきになるけど 大阪の美味しい焼き鳥のお店も気になる    笑  ', 'のど自慢の件 やっぱり知ってたんだw ', 'のど自慢最高だったのよ ', 'のど自慢をウェカピポで優勝した人な 凄いよなあの人       ', 'のど自慢の話してた ', 'のど自慢ね  ']","{'quantile_0': 0.16682751, 'quantile_1': 0.523744747042656, 'quantile_2': 0.727465808391571, 'quantile_3': 0.779328241944313, 'quantile_4': 0.88641816, 'average_similarity': 0.6363042, 'size': 36, 'width_q': 0.2555834949016571}"
2022-12-13 02:39:00,"['のど自慢よかったよねnhk で見させていただきました', 'のど自慢ウェカピポきた', 'cm中にのど自慢の話をr みんながsoul d out好きになっていくのが嬉しくもあり寂しくもある ', 'のど自慢のウェカピポwww ', 'のど自慢の話に触れた   ', '古参の感情で話すrさん', '', 'のど自慢の話 笑', 'ウェカピポ    ', '売れてから好きになった', '長崎サポのウェカピポを観てたのかwwwww ', '触れてくれるの期待してた       ', '  ', '爆笑しながらcm開けたのどうしたんかと思ったら ウェカピポでのど自慢優勝 で笑ってた  ', 'soul doutはみんな好きよ ', '楽しそうのど自慢でウェカピポで優勝大盛りあがり', 'おお 来ましたね のど自慢の話    cm中話されてたんですね', 'のど自慢ウェカピポ優勝   みんながsoul d out好きになっていくのがうれしくもあり なんか さみしくもある ', '気絶してた', '日本語ラップ紹介', 'cm中にのど自慢でウェカピポで優勝した方の話']","{'quantile_0': 0.0, 'quantile_1': 0.0, 'quantile_2': 0.5968784391880035, 'quantile_3': 0.7238889634609222, 'quantile_4': 0.9525017142295837, 'average_similarity': 0.46249163228841056, 'size': 210, 'width_q': 0.7238889634609222}"
2022-12-13 02:40:00,"['拗らせ古参w ', 'いつの曲やおもてんねんwていうか案の定その話したかww ', 'のど自慢のウェカピポの話', '曲紹介  ', 'soul d out最古参', 'soul d out古参ファンのr 思うところあり', 'ウェカピポのど自慢でcm中盛り上がってるのイイネ  ', ' うれしくもありさみしくもある ', 'soul d outリバイバルrさんと仲間たちの中ではずーっとコピーsoul d out ', 'のど自慢届いたねー おめでとうございます  ', 'うれしいんやけどな', 'oscaさんのあだ名 気になる', '笑い声はいり カッコよ', 'rさん確かpekoさんとコピーバンドやってたんだよねw ', '古参ファンとしては   笑', 'sold outの古参のrさん素直に喜べない', 'のどじまん', 'rさんのsoul d outも聴きたい', 'soul d outのコピーバンドってどういうことw ', '絶頂期に有線で聴いて好きに', 'rさんの曲紹介    ']","{'quantile_0': -0.037524924, 'quantile_1': 0.30223413556814194, 'quantile_2': 0.5149022936820984, 'quantile_3': 0.627825528383255, 'quantile_4': 0.83431876, 'average_similarity': 0.47378126, 'size': 210, 'width_q': 0.32559139281511307}"
2022-12-13 02:41:00,"['ニコ動のラップの話だ  ', 'のど自慢ウェカピポ古参ファンのあーるさん嬉しくもあり寂しい', 'ニコラップ懐かしいな', 'ニコ動って0億年ぶりに聴いた', 'ニコ動ラップ    ', '  ', 'ニコラップかニコラップは知らなかったな', '回文で歌作ってんのはバケモンすぎだろ']","{'quantile_0': 0.0, 'quantile_1': 0.12455626577138901, 'quantile_2': 0.4026811569929123, 'quantile_3': 0.545808807015419, 'quantile_4': 0.6899508833885193, 'average_similarity': 0.34892232875738827, 'size': 28, 'width_q': 0.42125254124403}"
2022-12-13 02:42:00,"['あーのど自慢ね', '日本語ラップ紹介   ', ' ニコラップ ', 'ニコ動ラップから', '次郎 仮名 さんの曲紹介', 'うお ', 'リリックが回文って言葉遊びエグいな ', 'そうだったんだ    ', '  ']","{'quantile_0': 0.0, 'quantile_1': 0.0, 'quantile_2': 0.16400863230228424, 'quantile_3': 0.3699917420744896, 'quantile_4': 0.666436493396759, 'average_similarity': 0.2119685234501958, 'size': 36, 'width_q': 0.3699917420744896}"
2022-12-13 02:43:00,"['最近のsoul d outリバイバルな風潮には 少なからずrさんも影響しとる部分あるじゃろ ', '松永がrさんとあそび始めた頃に最初に教えてもらったのが今日紹介してる人', '  ', 'それはエグすぎる', '松 rと遊び始めたときに教えてもらった ヤバい聴いてください って ', 'ニコラップの次郎 仮名  0月にepで帰ってきた  ', 'ニコ動にもラップあったのは知らなかったな ', '次郎 仮名 さん全リリック回文の曲     ', 'あー  ', '  ', '  ', '次郎 仮名 さんはエグすぎる', '次郎 仮名  ニコラップwikiにあるねぇ']","{'quantile_0': 0.0, 'quantile_1': 0.0, 'quantile_2': 0.0, 'quantile_3': 0.6052424162626266, 'quantile_4': 0.9137112498283386, 'average_similarity': 0.2832443981598585, 'size': 78, 'width_q': 0.6052424162626266}"
2022-12-13 02:44:00,"['  ', '  ', '次郎 仮名  おかえりなさい  ', '0分ちょっとの曲なのですね フル行けるかな    ', '次郎 仮名  hard ', ' →真逆様  の歌詞 見てみたら想像以上にエグい 回文のレベルじゃない ', '何だこの曲 何か 凄い   ', 'hard 次郎 仮名  ', '次郎仮名 hard   ', '  ']","{'quantile_0': 0.0, 'quantile_1': 0.0, 'quantile_2': 0.0, 'quantile_3': 0.2596915662288666, 'quantile_4': 1.0000001192092896, 'average_similarity': 0.24205968876679737, 'size': 45, 'width_q': 0.2596915662288666}"
2022-12-13 02:45:00,"['', '歌詞見ながらじっくり聴きたいな']","{'quantile_0': 0, 'quantile_1': 0.0, 'quantile_2': 0.0, 'quantile_3': 0.0, 'quantile_4': 0, 'average_similarity': 0.0, 'size': 1, 'width_q': 0.0}"
2022-12-13 02:46:00,"['すっげー志人かと思った節が', '歌詞見ながら聴きたい  ', '回文のやつはコレ →真逆様    youtubeより', '輪入道さんのラジオとcreepyのラジオで次郎 仮名 聞けると思わなかった', 'この時間にこれは ']","{'quantile_0': 0.32545963, 'quantile_1': 0.5106454640626907, 'quantile_2': 0.5493064820766449, 'quantile_3': 0.6278695613145828, 'quantile_4': 0.7633295, 'average_similarity': 0.5505982, 'size': 10, 'width_q': 0.11722409725189209}"
2022-12-13 02:47:00,"['志人さんのようだ', 'しんどいぞこの感じは']","{'quantile_0': 0.5877098, 'quantile_1': 0.5877097845077515, 'quantile_2': 0.5877097845077515, 'quantile_3': 0.5877097845077515, 'quantile_4': 0.5877098, 'average_similarity': 0.5877098, 'size': 1, 'width_q': 0.0}"
2022-12-13 02:48:00,"['メッセージ性もリリックも密度が物凄い', 'ぐっさぐさ刺してくる ', 'とんでもない歌詞やな', '歌詞じっくり見たい', 'じっくり歌詞を見ながら聴きたい曲ですね rさんの説明を聞いての曲へ   初聴きですが なんか 凄い  ', '歌詞ググって随分と量が多いなと思ったら0分あるのね', '“i was born 故に 愛はずっと胸に', 'ガンに感謝できねえよ何があっても']","{'quantile_0': 0.38008615, 'quantile_1': 0.5174819082021713, 'quantile_2': 0.6309744715690613, 'quantile_3': 0.70180843770504, 'quantile_4': 0.81016046, 'average_similarity': 0.6146571, 'size': 28, 'width_q': 0.18432652950286865}"
2022-12-13 02:49:00,"['hard  次郎 仮名  ', '次郎 仮名 めちゃ久しぶりに聴いたわ ', 'この時間帯にこの曲はダメ', '次郎 仮名  hard ', '狐火とgadoroみたいだ']","{'quantile_0': 0.19014008, 'quantile_1': 0.2203187197446823, 'quantile_2': 0.47432321310043335, 'quantile_3': 0.5574125349521637, 'quantile_4': 1.0000001, 'average_similarity': 0.44287902, 'size': 10, 'width_q': 0.3370938152074814}"
2022-12-13 02:50:00,"['ズシッとくるなぁ そしてすごすぎる  ', '聴き入ってしまった', '結局自分より手強い敵なんていない', '仮宿ってワードにどうしても反応するわ']","{'quantile_0': 0.49191955, 'quantile_1': 0.5447137653827667, 'quantile_2': 0.603072464466095, 'quantile_3': 0.6339468359947205, 'quantile_4': 0.6954402, 'average_similarity': 0.5938339, 'size': 6, 'width_q': 0.08923307061195374}"
2022-12-13 02:51:00,"['', '  ', 'とんでもない曲だな', '韻踏みすぎやけどリリックも深い ', 'お腹いっぱいになるくらい凄い量だ ', '聴き入ったわ', 'リリック通り 0小説も無駄にせず を実現し過ぎてて鳥肌たった']","{'quantile_0': 0.0, 'quantile_1': 0.0, 'quantile_2': 0.0, 'quantile_3': 0.5444434881210327, 'quantile_4': 0.6777508854866028, 'average_similarity': 0.2328977542264121, 'size': 21, 'width_q': 0.5444434881210327}"
2022-12-13 02:52:00,"['ななふぅん    某ケイスケホンダ  ', 'トークと選曲のギャップよ   この時間に聴いてるせいもあるのかグサグサくる曲だなぁ', '0連が気持ちいい', '0分全てこれって松 やば ']","{'quantile_0': 0.20229487, 'quantile_1': 0.30232958495616913, 'quantile_2': 0.4931020587682724, 'quantile_3': 0.5013225302100182, 'quantile_4': 0.658391, 'average_similarity': 0.43161523, 'size': 6, 'width_q': 0.19899294525384903}"
2022-12-13 02:53:00,"['フルで聴かせてくれてありがたい その後にrさんの解説 ちょっと前まで下ネタで笑ってたとは思えない切り替えがcnannですね 笑 今週も素晴らしい曲を教えてくれてありがとうございます    ', '0分  ラジオ版ケイスケホンダ', '提供0社計0社', 'ずっと凄いんだよな ']","{'quantile_0': -0.13008556, 'quantile_1': 0.08142650872468948, 'quantile_2': 0.18032367527484894, 'quantile_3': 0.46193927526474, 'quantile_4': 0.6276707, 'average_similarity': 0.24375074, 'size': 6, 'width_q': 0.3805127665400505}"
2022-12-13 02:54:00,"['松永さんが心配ですねー', 'くんとさんで呼びます', 'エンディング', 'エンディングです', '  ', '0分間 歌詞を見ながら聴いてみたいな ', 'エンディング', '毎週早い もう終わりか   ', 'うっすぅ']","{'quantile_0': 0.0, 'quantile_1': 0.0, 'quantile_2': 0.0, 'quantile_3': 0.4424227550625801, 'quantile_4': 0.9999999403953552, 'average_similarity': 0.21348572853538725, 'size': 36, 'width_q': 0.4424227550625801}"
2022-12-13 02:55:00,"['回文曲 →真逆様  のリリック読んできたけどヤバすぎる  逆様の そう そのまさかさ ', ' リスナーが心配ですねえ 心配されている', '来週 どうなる   ', '来週はio さん とkeiju くん が来てくれます', '0年ズレてる認識w ', '毎週もう終わるの  って言ってる気がする0時間  時間経つの早すぎるてえ', '0年もずれてるwww ', '今のガンダムは水星の魔女なんだよ  ', 'ガンダムは0年前  ', 'あーあれ     ']","{'quantile_0': 0.12375788, 'quantile_1': 0.3714911639690399, 'quantile_2': 0.4523915946483612, 'quantile_3': 0.6775330901145935, 'quantile_4': 0.84052694, 'average_similarity': 0.49435186, 'size': 45, 'width_q': 0.3060419261455536}"
2022-12-13 02:56:00,"[' それ ズゴックだねえ coolリスナー', '0万のジャケット', 'ズゴックだね', 'msの名前わかるやつはこっち側だ安心しろw ', 'ちゃんと0年前笑', '松永さん かんぱつじゃなくてかんはつだよ', 'ちゃんと0年前 笑  ', 'ちゃんと0年前w ', 'ちゃんと0年ずれているw ', 'カールおじさんの亜種     ', 'ラジオリスナーに対する認識が0年ズレてる', 'ニキ呼び笑', 'ニキ呼びwwwwwwwwww ', 'リキ  ', 'ニキwww ']","{'quantile_0': -0.15828128159046173, 'quantile_1': 0.0, 'quantile_2': 0.17640550434589386, 'quantile_3': 0.37221482396125793, 'quantile_4': 0.9999999403953552, 'average_similarity': 0.2417882250488869, 'size': 105, 'width_q': 0.37221482396125793}"
2022-12-13 02:57:00,"['ニキ呼びw ', 'ここに来てニキ', 'ニキwww ', 'ニキw ', 'ニキ', '次郎さんすごい歌詞だ', 'ちゃんと0年  ', 'イオニキケイジュニキキャンディニキ', '  ニキww ', 'ニキ', 'ニキwww ', 'ニキwww ', 'ニキ', 'ニキwwwwww ', '  ニキ 笑  ', 'ラストのラストで ニキ 呼びになる  笑  ']","{'quantile_0': -0.000749684520997107, 'quantile_1': 0.0, 'quantile_2': 0.0708228275179863, 'quantile_3': 0.21844575181603432, 'quantile_4': 1.0, 'average_similarity': 0.15689003140335747, 'size': 120, 'width_q': 0.21844575181603432}"
2022-12-13 02:58:00,"['リスナーはioとkeijuをイジるメール送ることできるんか  ', 'ニキwwww ', 'キャンディーニキはいかんよ', 'ニキwwwww ', 'インターネット老人会じゃんw ', 'ニキ  ', 'リスナーに紳士を求めても無理でした', 'ニキ 良いじゃんww ', 'ニキ呼ばわり笑', 'ニキw ', ' それ ズゴックだねぇ ', '本人にニキ呼びwwwwwwww ', '俺', '一番クール', 'お疲れ様でした', 'creepyニキ お疲れ様でした  ', 'お疲れ様でした', '', 'おつかれ', '  ニキ', '俺 ', '来週kandyニキお疲れ様でした俺', 'お疲れ様でした  ', 'きゃんでぃニキ', 'ニキ', 'お疲れさまです', 'breaking downにすんな  ', 'お疲れ様でしたー  ', '俺 お疲れ様でした ', '俺  ', 'お疲れ様でした  ', '俺  ', 'お疲れ様でした  ', 'お疲れ様でした  ', '  ニキはどうですか ケイジュニキイオニキkandyニキ', 'おれ', 'お疲れ様でした  ', '俺 お疲れ様でした  ', 'お疲れ様でした', 'おつかれさまでした おれ ', 'お疲れ様でした ', 'ニキwwwww ', 'お疲れ様でした 俺', 'お疲れ様でした 俺', 'お疲れ様でした  ', '今週もお疲れ様でした ', 'ここ最近メンタル死んでるので 深夜にこんなえぐいラップ聞いてたら完全に持ってかれてしまう', 'お疲れ様でした 俺  ', 'kyandyニキ 笑  ', 'キャンディーニキw ', 'ブレイキングダウンだ笑', '今週もオツカレサマデシタ      オレ  ', 'おつかれさまでした  ', 'お疲れ様でしたー', 'おつかれさまでしたー 今年の漢字0字は 練習用の地上絵をいじっちゃダメ来週のゲストをどう呼ぶか問題 正解は  ニキでした', 'お疲れ様でした オレ ', 'お疲れさまでした', 'おつかれさまでした', 'お疲れ様でした', 'お疲れ様でした  ', 'ズゴック   ', 'ニキはわらうて', 'ここまでのお相手はcreepy nutsのr指定と俺', ' ニキ ', '俺  ']","{'quantile_0': -0.12686827778816223, 'quantile_1': 0.0, 'quantile_2': 0.279734343290329, 'quantile_3': 0.5584904551506042, 'quantile_4': 1.0000001192092896, 'average_similarity': 0.3495745518614198, 'size': 2080, 'width_q': 0.5584904551506042}"
2022-12-13 02:59:00,"['お疲れ様でした', 'たくさんのkandyニキw ', 'お疲れさまでした  ', 'お疲れ様でした  ', '  ニキwwwwww ', 'お疲れ様でした    ', ' kandytownが0番ニキとか使わへん w ', 'クリピニキお疲れ様やでw ', 'kandyニキ', 'お疲れ様でした  ', '今週もお疲れ様でした俺来週はkandytownのioさんとkeijuさんが登場  ', 'お疲れ様でした  ', 'お疲れさまでした  ', 'リスナーが0年前から置いてかれていた笑笑', 'r 指定と 俺 お疲れ様でした', 'キャンディーニキ 笑 古のインターネット言葉 笑 ニキは無しよ  r ', 'お疲れ様でした 俺 ', 'お疲れ様でした 俺 ', '松ニキ rニキ お疲れ様でした  ', 'ケジュニキイオニキ', 'お疲れ様でした おやすみなさーい', 'ここまでのお相手はcreepy nutsのr 指定と俺 お疲れ様でした  ', '俺お疲れ様でした', 'お疲れ様でした', 'オレ お疲れ様でした', 'お疲れ様でした ', 'お疲れ様でしたー  ', 'ニキ呼びはダメやろw ', '俺', 'お疲れ様でした 俺', '俺 お疲れ様でしたー  ', '俺 ', 'お疲れ様でした  ', 'rニキ 松永ニキお疲れさまでした   ', 'くりぴニキおつかれさまでした  ', 'オレッお疲れ様でしたぁぁぁ', '俺  ', '俺', 'お疲れ様でした ', 'オレッ  ', 'お疲れ様でした おれ  ', '', 'なんか今日は安心して聞けたなー また来週  ', '俺 お疲れ様でしたー  ', 'お疲れ様でした  ', '俺', 'お疲れ様でした', '俺 お疲れ様でした  ', 'クリピニキまた来週', '  ニキ はなしよ ', '来週 果たして呼び方はどうなってるのか 今週もお疲れ様でした', 'お疲れ様でした ', 'お疲れ様でした 俺  ', 'お疲れ様でした今週もあっという間', '', '俺もわからん creepy nutsのr 指定と 俺 お疲れ様でした   ', 'ニキwwwぜったいあかんwww ', 'お疲れ様でした coolなkandytownをどう迎えるのか  ', 'お疲れ様でした ツアーファイナルの話を聴きたかったよ    ', 'おつかれさまでした   ', 'お疲れ様でした   たまアリ話はなしかぁ  ']","{'quantile_0': 0.0, 'quantile_1': 0.0, 'quantile_2': 0.5201900899410248, 'quantile_3': 0.7903087586164474, 'quantile_4': 1.0000001192092896, 'average_similarity': 0.47341177918810823, 'size': 1830, 'width_q': 0.7903087586164474}"
2022-12-13 03:00:00,"['お疲れ様でした来週のspw楽しみにしてます   ', 'お疲れっしたーわちゃわちゃ良かったよ', 'おつかれさまでした   ', 'r creepy nutsのr 指定と 松 俺 お疲れ様でした', '今週もお疲れちゃんな先週は全然w杯見ててリアタイできんくてごめんな', 'おれ おつかれさまでしたー 神様はお見通し ', 'creepy nutsのr 指定と俺', 'お前の劣等感  ', 'くりぴニキお疲れ様でした俺', 'キャンディニキwwww ', 'おれ おつかれさまでした𓈒𓏸 ', 'お疲れ様でした    ', 'お疲れ様でした 来週はキャンディニキ', 'お疲れ様でした  ', 'たくさんのkandyニキ ファン  ', 'ありがとございました おやすみなさい また来週 ', '松 お前の劣等感が火を吹く ', 'お疲れさまでした  ', 'ニキw ', 'お疲れ様でした ', 'ニキお疲れ様でした   ', '今日は久しぶりに馴染みのtemperだった気がする 好き', '0万コート着てくるの弄られちゃうからパーカー着ている笑笑', ' 俺 で締まった 頂きましたっ    ', 'お疲れ様でした  ', '俺 ', '夏フェスいっぱいからのツアー完走もあらためておつかれさまでした', 'お疲れ様でした  ', 'お疲れ様でした 寝るっ  ', ' ここまでのお相手はcreepy nutsのr 指定と  俺  rニキ松永ニキお疲れさまでした 来週楽しみです  ', '俺 今週もお疲れ様でした   ', 'お疲れさまでしたー  来週spw ゲストお0人の呼び方 楽しみです     ', '今日のハイライトそこなん 笑']","{'quantile_0': 0.0, 'quantile_1': 0.49200185388326645, 'quantile_2': 0.627314418554306, 'quantile_3': 0.734490305185318, 'quantile_4': 0.9999999403953552, 'average_similarity': 0.5797628606422663, 'size': 528, 'width_q': 0.24248845130205154}"
2022-12-13 03:01:00,"['0人だけ回お疲れ様でした  ', 'お疲れ様でした', 'お疲れ様でした おやすみなさい  ', 'お疲れ様でした   ', '呼び方へのハードルが天まで舞い上がってて我々の劣等感が火を噴くであろう来週が楽しみです  r殿 松永ニキ お疲れ様でした   ', 'おつかれさまでしたー', 'お疲れさまでしたまた来週', 'お疲れ様でした', 'rニキ 松永ニキ 今週も面白ラジオをありがとうございました ', 'お疲れ様でした  spw楽しみ ', 'ニキ笑笑', '最後に お前の劣等感が火を噴く で終わっていったー    ', '俺お疲れ様でした松永さん来週スペゲス回でシュッとした人が来るからって休まないでくださいよ楽しみにしてまーす  ', '今週も楽しかったです お疲れ様でした  ', 'あははははは フェードアウト ', 'お疲れ様でした', '最近リアタイできてなかったら久しぶりに深夜笑った', 'オマエの劣等感が火を噴く   サンプリング   パッときてサッと消えた    笑  ', '松永ニキrニキお疲れ様でした', 'お前の劣等感が火を吹くギャハハハend ', 'おれ  0人のラジオ あっという間でした来週 spwで何と呼ぶのか楽しみです お疲れ様でした  ', ' お前の劣等感が火を噴く でお別れ', 'rさん 松永さん今週も生放送お疲れ様でしたナスカの地上絵の練習チンポコ絵はさらさないで今年の漢字はなんでもいける菅田将暉に物販買わされたけど 同じく今年の漢字なんでもいけるrさん松永さんは神社貢ぎすぎで破産に注意来週はioニキとkeijuニキ登場 タメか敬語か俺', 'お疲れ様でした ', '松永さんの初詣がどうなるのか申し訳ないけどとても気になるキャバクラ神社トークめちゃくちゃ面白かったrさんの神様役うますぎ松永さんが神社外で神様に会えますように笑来週呼び方どうなってるかな楽しみ  お疲れ様でした']","{'quantile_0': 0.06519909, 'quantile_1': 0.6237892508506775, 'quantile_2': 0.7420923411846161, 'quantile_3': 0.8340929448604584, 'quantile_4': 0.99999994, 'average_similarity': 0.7075951, 'size': 300, 'width_q': 0.21030369400978088}"
2022-12-13 03:02:00,"['お疲れ様でした', '', 'r 指定と 俺 お疲れさまでしたー', 'おれお疲れ様でした  ', '', 'creepy nutsのr指定と俺 お疲れ様でした', 'ちんぽこで始まりニキで終わり  ', '本日もお疲れ様でした  ', 'お疲れ様でした', 'お前の劣等感が火を吹くwww ', '好きな服好きに着れるメンタル私もほしいなみんな色々思いながら頑張って生きてる ラジオリスナーに幸あれ  私含め  ', 'お疲れ様でした 来週はkandyニキ  ']","{'quantile_0': 0.0, 'quantile_1': 0.0, 'quantile_2': 0.6087323725223541, 'quantile_3': 0.7435110956430435, 'quantile_4': 0.9999999403953552, 'average_similarity': 0.48423004872871167, 'size': 66, 'width_q': 0.7435110956430435}"
2022-12-13 03:03:00,"['超楽しかった お疲れさまでした', '来週のswは色んな意味で楽しみです ', 'アルニキ 松ニキお疲れ様 ', '来週 そこには劣等感が火を吹いて燃え尽きたdjニキが ', 'ioさんとkeijuさんの呼び方はどうなるのか  そしてそのまま呼べるのか  お疲れ様でした  ']","{'quantile_0': 0.12146034, 'quantile_1': 0.18890422210097313, 'quantile_2': 0.6088980436325073, 'quantile_3': 0.7213266938924789, 'quantile_4': 0.81269634, 'average_similarity': 0.487017, 'size': 10, 'width_q': 0.5324224717915058}"
2022-12-13 03:04:00,"['今日も楽しかったですお疲れ様でした また来週', 'トレンド入り   松永さんも入ってましたね  ']","{'quantile_0': 0.7856468, 'quantile_1': 0.7856467962265015, 'quantile_2': 0.7856467962265015, 'quantile_3': 0.7856467962265015, 'quantile_4': 0.7856468, 'average_similarity': 0.7856468, 'size': 1, 'width_q': 0.0}"
