created_at,text
2022-12-16 01:00:00,
2022-12-16 01:00:00,
2022-12-16 01:00:00,0時   
2022-12-16 01:00:00,
2022-12-16 01:00:01,
2022-12-16 01:00:01,
2022-12-16 01:00:01,
2022-12-16 01:00:01,
2022-12-16 01:00:01,
2022-12-16 01:00:02,
2022-12-16 01:00:02,
2022-12-16 01:00:02,ナインティナインのオールナイトニッポン ニッポン放送    
2022-12-16 01:00:02,
2022-12-16 01:00:02,
2022-12-16 01:00:02,
2022-12-16 01:00:02,
2022-12-16 01:00:02,久しぶりのリアタイ  
2022-12-16 01:00:03,
2022-12-16 01:00:03,
2022-12-16 01:00:03,
2022-12-16 01:00:03,
2022-12-16 01:00:03,
2022-12-16 01:00:03,
2022-12-16 01:00:03,
2022-12-16 01:00:05,
2022-12-16 01:00:06,
2022-12-16 01:00:06,
2022-12-16 01:00:07,ラストナインティナインのオールナイトニッポン  
2022-12-16 01:00:07,ラスト
2022-12-16 01:00:07,ラスト
2022-12-16 01:00:07, ラスト  
2022-12-16 01:00:07,ラスト 
2022-12-16 01:00:07,
2022-12-16 01:00:08,深夜0時 ラスト ナインティナインのオールナイトニッポン第0回 第0回  
2022-12-16 01:00:08,らすと  
2022-12-16 01:00:08,
2022-12-16 01:00:08,ラスト  
2022-12-16 01:00:08,ラスト
2022-12-16 01:00:08,
2022-12-16 01:00:08,ラスト
2022-12-16 01:00:08,ラスト
2022-12-16 01:00:08,らすと  
2022-12-16 01:00:08,
2022-12-16 01:00:08,
2022-12-16 01:00:08,ラスト
2022-12-16 01:00:09,ラスト  
2022-12-16 01:00:09,ラスト
2022-12-16 01:00:09,ラスト
2022-12-16 01:00:09,ラスト 
2022-12-16 01:00:09,ラスト
2022-12-16 01:00:09, ラスト 
2022-12-16 01:00:09,ラスト
2022-12-16 01:00:10,
2022-12-16 01:00:10,ナインティナインのオールナイトニッポン ニッポン放送  0 0 0 木0 0 0 0    
2022-12-16 01:00:10,ラスト  
2022-12-16 01:00:10,
2022-12-16 01:00:11,
2022-12-16 01:00:11,
2022-12-16 01:00:11,ラスト
2022-12-16 01:00:11,ラスト  
2022-12-16 01:00:11,ラスト ナインティナインのオールナイトニッポン  
2022-12-16 01:00:11,
2022-12-16 01:00:11,ラスト  
2022-12-16 01:00:12,ラスト  
2022-12-16 01:00:12,ラスト
2022-12-16 01:00:12,ラスト  
2022-12-16 01:00:12,
2022-12-16 01:00:12,ラスト  
2022-12-16 01:00:12,ラスト  
2022-12-16 01:00:12,ラスト
2022-12-16 01:00:13,
2022-12-16 01:00:13,ラスト
2022-12-16 01:00:14,ラスト
2022-12-16 01:00:15,
2022-12-16 01:00:16,ラスト  
2022-12-16 01:00:16,ラスト
2022-12-16 01:00:16,
2022-12-16 01:00:18,
2022-12-16 01:00:18,スタート
2022-12-16 01:00:19,ラスト  
2022-12-16 01:00:21,
2022-12-16 01:00:21,
2022-12-16 01:00:21,
2022-12-16 01:00:21,ラスト
2022-12-16 01:00:22,ラスト  
2022-12-16 01:00:23,ラスト
2022-12-16 01:00:24, ラスト 
2022-12-16 01:00:25,ラスト ナインティナインのオールナイトニッポン  
2022-12-16 01:00:25,久々のリアタイ途中で寝落ちするかな
2022-12-16 01:00:25,
2022-12-16 01:00:26,
2022-12-16 01:00:26,ラスト  
2022-12-16 01:00:27,
2022-12-16 01:00:27,ラスト
2022-12-16 01:00:27,
2022-12-16 01:00:27,
2022-12-16 01:00:28,
2022-12-16 01:00:28,
2022-12-16 01:00:30,ラスト  
2022-12-16 01:00:31,
2022-12-16 01:00:31,ラスト  
2022-12-16 01:00:33,ラスト   
2022-12-16 01:00:36,ラスト
2022-12-16 01:00:36,ラスト  
2022-12-16 01:00:37,
2022-12-16 01:00:38,ラスト ナインティナインのオールナイトニッポン 
2022-12-16 01:00:39,
2022-12-16 01:00:39,
2022-12-16 01:00:42,
2022-12-16 01:00:42,ラスト   
2022-12-16 01:00:43,ラスト 通常放送は年内最後
2022-12-16 01:00:44,ラスト
2022-12-16 01:00:45,
2022-12-16 01:00:48,
2022-12-16 01:00:49,この時間から
2022-12-16 01:00:50,癒しの0時間スタート
2022-12-16 01:00:51,ラスト
2022-12-16 01:00:52,ナインティナインのオールナイトニッポン ニッポン放送    
2022-12-16 01:00:54,ラスト  
2022-12-16 01:00:57,サッカーファンにはたまらない決勝カード
2022-12-16 01:01:00,ラスト  
2022-12-16 01:01:01,ラスト
2022-12-16 01:01:02,w杯も残り0試合
2022-12-16 01:01:02,
2022-12-16 01:01:02,ナインティナインのオールナイトニッポンなう 0 0 0 0 0 0 聴いてる 
2022-12-16 01:01:03, ラスト  
2022-12-16 01:01:04,  
2022-12-16 01:01:05,ラスト
2022-12-16 01:01:06,ラスト
2022-12-16 01:01:07,w杯も残り0試合
2022-12-16 01:01:07, ラスト ナインティナインのオールナイトニッポン今週もstart今週も通常放送   
2022-12-16 01:01:08,ラスト ナインティナインのオールナイトニッポン   
2022-12-16 01:01:09,w杯いよいよ大詰め
2022-12-16 01:01:12,ラスト
2022-12-16 01:01:12,ラスト   
2022-12-16 01:01:14,ラスト
2022-12-16 01:01:18,ラスト  
2022-12-16 01:01:22,ラスト
2022-12-16 01:01:24,
2022-12-16 01:01:25,始まった
2022-12-16 01:01:31,ラスト
2022-12-16 01:01:33,
2022-12-16 01:01:41,年末のどなりもラスト やと思ってたから今日ラストかと思ったよ
2022-12-16 01:01:44,ラスト  
2022-12-16 01:01:45,影ちゃんのアルゼンチン優勝予想当たるか
2022-12-16 01:01:46,正々堂々とカンニングしていくスタイル
2022-12-16 01:01:48,ラスト
2022-12-16 01:01:51,
2022-12-16 01:01:52,×
2022-12-16 01:01:53,
2022-12-16 01:01:54,
2022-12-16 01:01:54,ラスト
2022-12-16 01:01:56,ラスト
2022-12-16 01:01:56,岡村さんも矢部さんもサッカーはブラジルが強いが刷り込まれてる世代やからな
2022-12-16 01:02:00,はじまった  ラスト 
2022-12-16 01:02:00,ナインティナインのオールナイトニッポン ニッポン放送    
2022-12-16 01:02:01,
2022-12-16 01:02:02,ラスト  
2022-12-16 01:02:03,ラスト  
2022-12-16 01:02:05,ラスト  
2022-12-16 01:02:07,
2022-12-16 01:02:08,ラスト
2022-12-16 01:02:08,矢部 岡村  ラスト ナインティナインのオールナイトニッポン        
2022-12-16 01:02:09,number取っとけばよかったwww 
2022-12-16 01:02:11,numberプレゼントが裏目にw 
2022-12-16 01:02:13,ラスト恐らく寝落ちします 
2022-12-16 01:02:13,0 0 0 ラスト season0 vo  0 
2022-12-16 01:02:15,ラスト
2022-12-16 01:02:20,ラスト
2022-12-16 01:02:28,w杯もラスト決勝を残すのみ
2022-12-16 01:02:29,
2022-12-16 01:02:35,久保選手の上に自分のサイン書いてるから
2022-12-16 01:02:37,モロッコのベスト0を予想してたのかも気になる
2022-12-16 01:02:39,number置いとけばよかったw 
2022-12-16 01:02:40,ラスト  0分遅れ  
2022-12-16 01:02:41,ラスト  
2022-12-16 01:02:44,w杯も残り試合は0位決定戦と決勝戦のみ ムバッペvsメッシのpsg対決だね 果たして優勝はフランス アルゼンチン 僕もabemaで決勝戦観ます   
2022-12-16 01:02:47,モロッコの躍進は予想外だったけど ハリルホジッチの遺産すげぇなと
2022-12-16 01:02:48,
2022-12-16 01:02:49,そういえばnumber送っちゃったもんねw 
2022-12-16 01:02:49,
2022-12-16 01:02:50,ねえ みんなの実況と私のradiko時間差半端ない 毎回0分遅れでラスト聞いたぞ
2022-12-16 01:02:55,
2022-12-16 01:02:56,
2022-12-16 01:02:57,
2022-12-16 01:03:00,年内最後か  
2022-12-16 01:03:15,フランスアルゼンチンは大本命やから書いてたやろねー
2022-12-16 01:03:26,今週もお願いしナス
2022-12-16 01:03:31,ラスト 岡村さん amp やべっちの予想はだったんですねリスナーnumberを答え合わせ的に今見たい岡村さん 
2022-12-16 01:03:34,ラスト 今週も始まった 
2022-12-16 01:03:38,これは詰め込み教育の敗北者w 
2022-12-16 01:03:43,ベンゼマがいないのは大きい
2022-12-16 01:03:46,フランス二連覇はおもんないからやめて欲しいんだよな
2022-12-16 01:03:53,決勝戦をブラジルと思い込んでた 
2022-12-16 01:04:08,岡村さん  プレゼントした number置いとったら良かった   
2022-12-16 01:04:09,大五郎カット
2022-12-16 01:04:18,ロナウドの大五郎カット
2022-12-16 01:04:19,大五郎カット
2022-12-16 01:04:22,私はアルゼンチン  ー  ノメッシのバルサ時代 カンプノウの見学いったから 笑 でも試合を見に行くのは危ない と謎にガイドに言われた       
2022-12-16 01:04:23,フランスvsアルゼンチンサッカー分からんけど 予想した人いるのかな   
2022-12-16 01:04:24,
2022-12-16 01:04:35,怪我を隠すためね
2022-12-16 01:04:41,大五郎カットw懐かしいな w 
2022-12-16 01:04:41,
2022-12-16 01:04:43,0年のロナウドの大五郎カットwwww 
2022-12-16 01:04:46,フランス怪我人だらけだもんね       
2022-12-16 01:04:52,0ロナウド大五郎カットの真実
2022-12-16 01:04:53,あれケガ隠しだったんだ初耳
2022-12-16 01:04:54,
2022-12-16 01:05:00,ほんとに強豪国多いから どっちが勝ってもおかしくない試合多かったと思うから 予想大変そうだよなぁ
2022-12-16 01:05:03,あ そのブラジルのドキュメンタリー見た めっちゃおもしろかった ロナウドの大五郎カットもロナウジーニョのデカサングラスも 
2022-12-16 01:05:07,ロナウドの大五郎カットw 
2022-12-16 01:05:11,海外ではそういうヘアスタイルも有りだったのかと思ってたけどあれって本人としても変なつもりだったのか
2022-12-16 01:05:15, テレビでやっててん 情報源は一般人と同じ
2022-12-16 01:05:27,
2022-12-16 01:05:32,大五郎カットは怪我を隠す為だったのか
2022-12-16 01:05:45,ロナウドの大五郎カットw 
2022-12-16 01:05:57,骨折アスリート 鉄人衣笠
2022-12-16 01:05:59,衣笠やん 鉄人やん衣笠ではないけどね笑
2022-12-16 01:06:02,日韓のワールドカップね
2022-12-16 01:06:06,ロナウドの大五郎カット 
2022-12-16 01:06:08,モロッコ対クロアチアだったら誰も視ないよ 
2022-12-16 01:06:12,衣笠じゃないけどね 中山ゴンなんやけどね
2022-12-16 01:06:17,ロナウドもこんな感じだった  
2022-12-16 01:06:19,
2022-12-16 01:06:33,大五郎カット懐かしいね  
2022-12-16 01:06:38,昨日やっとグッズ元に戻して整理していたら岡村さんのキーホルダーの部分死んでました替えればいいんだろうけどなんかつらい本体壊れたら立ち直れないからマシかキーホルダーどうしよ 思って車に飾ったら色変わるかなあ     
2022-12-16 01:06:41,フランス アルゼンチンは結構本命に近いと思う 
2022-12-16 01:06:50,
2022-12-16 01:07:08,大久保嘉人のリーガデビューも骨折でゴール決めたっけ
2022-12-16 01:07:17,骨折しながら試合出てたのスゴいな  ゴンちゃん   
2022-12-16 01:07:19,ちなみに0週間前のnumberはコチラ   
2022-12-16 01:07:23,やべっち 0年に中山ゴンさん 骨折しながら試合に出てたのよ 岡村さん 衣笠やん  
2022-12-16 01:07:40,asayanでハエ追いかけて骨折したの懐かしいww 
2022-12-16 01:07:40,岡村さんの ハエで骨折 が懐かしすぎる  
2022-12-16 01:07:51,鉄人ゴン
2022-12-16 01:07:58,星野マネ元気だなw 
2022-12-16 01:08:08,天然の大将話おもろい先週から岡村さんにハマってんやん笑
2022-12-16 01:08:16,numberさん頼みの岡スポ調べ 
2022-12-16 01:08:21,なんで返しちゃったんだろうw 
2022-12-16 01:08:22,岡村隆史さんは おそらく 金本知憲選手が前の試合死球で骨折 翌日 甲子園で片手でヒットを打った 場面のことを話したかったんだと思います
2022-12-16 01:08:26,ハエ叩きじゃ アドレナリン ドーパミンは出ない 
2022-12-16 01:08:27,良いお年を w 
2022-12-16 01:08:29,衣笠 金本 中山 
2022-12-16 01:08:37,新しい形ただの天然でしょ  
2022-12-16 01:08:44,
2022-12-16 01:08:45,ナインティナインのオールナイトニッポン│rnb南海放送   
2022-12-16 01:08:49,星野マネージャーフライング良いお年をw 
2022-12-16 01:08:51,矢部氏いわく星野さんは〝ただの天然〟
2022-12-16 01:08:51,星野の良いお年を
2022-12-16 01:08:53,
2022-12-16 01:09:00,矢部っちずっと生放送で0時までやってて熱弁半端ないなやべっちfc復活したら      やべっちしか適任いねぇから       
2022-12-16 01:09:02,
2022-12-16 01:09:05,咄嗟に出ちゃうのヤバイw 
2022-12-16 01:09:16,良いお年を   
2022-12-16 01:09:30,星野さんの良いお年を  
2022-12-16 01:09:35,矢部氏曰くただの天然www 
2022-12-16 01:09:44,何故か年内まだ一緒に仕事する予定の星野マネが 良いお年を と挨拶してきた笑星野マネ辞めるのかな
2022-12-16 01:09:55,ただの天然w 
2022-12-16 01:10:00,ラジオの前に牛丼を食べるのはタモリさんのスタイル
2022-12-16 01:10:05,良いお年をー wwww星野さん もう仕事納めかな wwww 
2022-12-16 01:10:07,もう本番前の牛丼食べてなかったんだ
2022-12-16 01:10:10,ラスト
2022-12-16 01:10:15,ラヂオの時間  
2022-12-16 01:10:19,良いお年をwww 
2022-12-16 01:10:24,松屋の牛丼ランチこないだ食べた美味しかった
2022-12-16 01:10:27,w杯も残すところ0試合 今日もサッカートークから始まったナイナイann 矢部 あれよ 0年のw杯ゴンさん骨折しながら出てたのよ すごいよね 岡村 俺はasayanの時すぐに病院行ったけどな  pcスマホで聴けます 
2022-12-16 01:10:28,吉本のマネージャー陣はおもしろエピソード多いなぁ
2022-12-16 01:10:35,矢  星野マネは ただの天然 www  
2022-12-16 01:10:55,岡村さんのマネージャーは歴代みんな面白い
2022-12-16 01:10:56,星野のアタマ大盛り
2022-12-16 01:11:18,タモさんはラジオの前に牛丼食べてたのか
2022-12-16 01:11:28,星野のチーズトッピング
2022-12-16 01:11:33,チー牛
2022-12-16 01:11:37,チーズ牛丼の世代
2022-12-16 01:11:42,星野マネはチー牛
2022-12-16 01:11:44,チーズプラス若者
2022-12-16 01:11:51,チー牛
2022-12-16 01:11:52,チーズトッピングwww 
2022-12-16 01:11:52,チー牛世代
2022-12-16 01:11:56,牛丼の上にチーズ
2022-12-16 01:11:56,エピソードの全てが面白いw 
2022-12-16 01:12:01,特盛りチーズプラスw 
2022-12-16 01:12:04,出遅れた今から聴きます
2022-12-16 01:12:17,チーズをトッピングさせてもらいましたwwww 
2022-12-16 01:12:26,頭の大盛り牛丼にチーズかける世代w 
2022-12-16 01:12:30,有楽町の駅前にありますね吉野家 
2022-12-16 01:12:34,星野マネは牛丼にチーズかける世代でした
2022-12-16 01:12:38,
2022-12-16 01:12:41,星野さんはチー牛
2022-12-16 01:12:42,ラスト
2022-12-16 01:12:46,タレントよりもたくさん食べる星野マネ 笑
2022-12-16 01:12:56,タモリさんがannパーソナリティの時 よく牛丼食べていたらしい 
2022-12-16 01:12:59,チー牛マネージャーw 
2022-12-16 01:13:06,チーズ牛丼この前初めて食べたけどけっこう美味かったぜ すき家だけど 
2022-12-16 01:13:06,星野さんチー牛だったのかw 
2022-12-16 01:13:07,岡村さんの参考書のnumberありがとうございます いきなりまたnumberの話してた時鳥肌が立ちました笑
2022-12-16 01:13:09,牛丼にチーズかける世代ww 
2022-12-16 01:13:27,最近は 鍛冶マネージャーより星野マネージャーと一緒が多い岡村さん星野マネージャーのエピソードがさらにいっぱい聞けそうですね 笑  よいお年を  amp 牛丼屋さん 予定してたものにチーズをプラス岡村さん楽しそうー 
2022-12-16 01:13:28,星野さんは牛丼にチーズをかける世代   
2022-12-16 01:13:34,勝手にチーズかけるのはどうかと思う
2022-12-16 01:13:38,岡村おじいちゃん舐められてるww 
2022-12-16 01:13:48,モヒート  
2022-12-16 01:13:49,この時間に牛丼の話聞くとお腹が空く    
2022-12-16 01:13:50,米の方が多いと嬉しい人間だからアタマの大盛りはやったことないな
2022-12-16 01:14:06,飲むんかい
2022-12-16 01:14:07,そういえば チーズ牛丼食ったこと無いなぁトッピングとか色々つけるくらいならいっそ並を二杯食べる量の方へ行っちゃえって思っちゃう
2022-12-16 01:14:13,岡村さんワシは牛丼にマヨネーズもかけるよ
2022-12-16 01:14:14,あたま大盛り チーズトッピング
2022-12-16 01:14:21,日本で0番うれる有楽町の吉牛行ったんかなあ  
2022-12-16 01:14:24,星野さん現代っ子やなぁ
2022-12-16 01:14:35,
2022-12-16 01:14:41,牛丼 食べたくなってきたチーズはいらんけど
2022-12-16 01:14:46,モヒート  
2022-12-16 01:14:48,星野さん
2022-12-16 01:15:01,岡村さんと星野マネは対等 演者は並でマネージャーはお肉特盛チーズ乗せで お代は岡村さん持ち時代というけど 結構珍しいと思う 岡村さん優しいんだろうな 
2022-12-16 01:15:03,
2022-12-16 01:15:14,牛丼食べたくなってきた
2022-12-16 01:15:25,初手にビールじゃなくてモヒート
2022-12-16 01:15:28,0年ぐらい前の吉野家は牛丼とお新香と卵とサラダぐらいしかなかったかね
2022-12-16 01:15:31,全部忘れましたwww 
2022-12-16 01:15:32,全部忘れるのは凄いw 
2022-12-16 01:15:40,忘れ物をした雑誌社の人
2022-12-16 01:15:50,全部忘れましたw 
2022-12-16 01:15:53,全部忘れましたw 
2022-12-16 01:15:56,
2022-12-16 01:15:57,全部忘れました 笑  
2022-12-16 01:16:00,全部ってw 
2022-12-16 01:16:02,  
2022-12-16 01:16:03,一杯目に好きなの頼めるのいいなあビール飲めなくても一杯目は強制ビールだった世代なんで羨ましい
2022-12-16 01:16:07,全部忘れるw 
2022-12-16 01:16:08,岡村さんのモヒート話 久しぶりに聴いた気がする
2022-12-16 01:16:15,岡村さん 牛丼並 星野マネージャー 牛丼アタマの大盛り チーズ お金は岡村さん 笑    
2022-12-16 01:16:19,星野さん 岡村さんw 
2022-12-16 01:16:34,岡村さんが受けた雑誌の取材って switch のことかな 仲良さそうなダウンタウンが表紙の  
2022-12-16 01:16:37,小西さんの作品  
2022-12-16 01:16:44,この時間帯でチーズ牛丼トークを聴くとお腹が 笑 
2022-12-16 01:16:52,牛丼チーズ
2022-12-16 01:16:59,
2022-12-16 01:17:00,チクチク生放送で
2022-12-16 01:17:08,全部忘れましたw 
2022-12-16 01:17:13,全部って忘れ過ぎでしょう
2022-12-16 01:17:13,チーズもっともっとかけていいですからwww 
2022-12-16 01:17:14,全部忘れましたってww 
2022-12-16 01:17:31,なんか昔 岡村さんが ヘミングウェイが愛したモヒート みたいな言葉を スタッフ総出で調べてもらう回あったよねそれ以外は内容は覚えていないけれど 
2022-12-16 01:17:33,ワールドカップのおかげで年末をあまり感じられない 
2022-12-16 01:17:33,星野さんの謎の0分
2022-12-16 01:17:35,最初はパーの曲だ
2022-12-16 01:17:45,チーズ牛丼って年代上だと珍しいんだ   俺普通に大好きだけど笑
2022-12-16 01:17:51,全部忘れましたwww  
2022-12-16 01:17:58,0曲目sixtones good luck    
2022-12-16 01:17:59,全部忘れる   
2022-12-16 01:17:59,チクチク生放送でほんまに しばくリスト第0位確定のオープニングトークやったw 
2022-12-16 01:18:00,星野さんの謎の0分前
2022-12-16 01:18:02,そうかミュージックソン来週やん    
2022-12-16 01:18:15,岡村さん またまた年末年始のスケジュールすごいですねさらに雑誌の取材もあったんですね 
2022-12-16 01:18:17,good luck  
2022-12-16 01:18:34,星野さんも頑張りどき
2022-12-16 01:18:56,謎の挨拶はさすが岡村さんのマネージャー 
2022-12-16 01:18:57,グッドラック  
2022-12-16 01:18:57,もう来週はミュージックソンか そうか だからオードリーann無いのか  
2022-12-16 01:18:57,最初はパーの主題歌だ
2022-12-16 01:18:58, w杯も残すは0位決定戦と決勝戦のみ岡村さん ベタに優勝予想ブラジルやと  矢部さん 僕も思ってましたよ 結果 決勝戦はアルゼンチンvsフランス0位決定戦はモロッコvsクロアチア岡村さん  スポーツ雑誌 numberにどう書いてたか 答え合わせしたかったわ 
2022-12-16 01:18:58,
2022-12-16 01:18:59,
2022-12-16 01:19:00,
2022-12-16 01:19:01,
2022-12-16 01:19:04,お sixtones  の曲
2022-12-16 01:19:11,気づいたらあと何週間で毎年恒例の合図で突入される方が来る時期だった    今年は違うのかな ナイナイのお二人はお正月 働きまくり  忙しい     д   
2022-12-16 01:19:36,ワールドカップが来るたびに私 寝不足 がやってきます     
2022-12-16 01:19:57,今週もシバくリスト0位
2022-12-16 01:19:58,岡0gp   
2022-12-16 01:20:01,牛丼は吉野家かもしれないけど カレーはやっぱり松屋でしょ 俺の好みだけど 
2022-12-16 01:20:07,来週楽しみだ  
2022-12-16 01:20:14,
2022-12-16 01:20:17,岡 0グランプリ
2022-12-16 01:20:21,来週は岡 0グランプリ0  
2022-12-16 01:20:21,来週 岡 0 
2022-12-16 01:20:26,good luck かかってるーそうだよ 来週だよねミュージックソン    
2022-12-16 01:20:27,spw岡 0グランプリ
2022-12-16 01:20:29, luck 今年の
2022-12-16 01:20:37,ミキ高生
2022-12-16 01:20:45,来週は岡 0グランプリ0  
2022-12-16 01:20:48,岡 0グランプリ  
2022-12-16 01:21:01,ミキ昴生 女子高生のイントネーション  
2022-12-16 01:21:07,ミキ高生 女子高生のイントネーションで  
2022-12-16 01:21:14,
2022-12-16 01:21:23,インパルス堤下も背負いつつの
2022-12-16 01:21:26,岡 0楽しみ  ー  ノ
2022-12-16 01:21:27,アーネスト ホースト以上の記録を生み出すミキ昴生 女子高生のイントネーション
2022-12-16 01:21:27,spwのお知らせ 審査員は岡村隆史 岡 0グランプリ 
2022-12-16 01:21:28,いろんなものを背負って参戦なミキ昴生
2022-12-16 01:21:30,岡 0グランプリついに来週  
2022-12-16 01:21:36,堤下さんの魂も背負わされてるミキ昴生
2022-12-16 01:21:45,来週は岡 0グランプリ  
2022-12-16 01:21:45,0タイムスチャンピオン
2022-12-16 01:21:47,来週は岡 0グランプリ めちゃくちゃ楽しみだ 
2022-12-16 01:21:49,いまさらですけどね
2022-12-16 01:21:54,意気込みwww 
2022-12-16 01:21:57,西川さん堤下さんの分も背負って出場w 
2022-12-16 01:22:01,来週は毎年恒例の岡ー0グランプリ  
2022-12-16 01:22:07,基本的なツッコミをされるとこが流石ですよ
2022-12-16 01:22:07,ラスト  
2022-12-16 01:22:07,来週の岡 0楽しみ  
2022-12-16 01:22:07,年末恒例岡 0 
2022-12-16 01:22:07,
2022-12-16 01:22:07,ミキこーせー ファイブタイムスチャンピオンホーストやん
2022-12-16 01:22:12,岡 0グランプリのお知らせ
2022-12-16 01:22:16,とうとう来週岡ー0gpだ
2022-12-16 01:22:23,基本がしっかりしているミキ高生
2022-12-16 01:22:25,岡 0が遂に来週  
2022-12-16 01:22:38,西川貴教の想い 堤下さんの想いも背負った0タイムスチャンピオン基本がしっかりされているピン芸人ミキ校生
2022-12-16 01:22:42,岡村さん ミキ昴生は西川さんを背負いつつ インパルス堤下も背負いつつ 
2022-12-16 01:22:58,岡 0グランプリ楽しみ 
2022-12-16 01:23:18,効果音漫才という新しいジャンルの漫才は0か0か  
2022-12-16 01:23:22,矢部氏は東京ホテイソンとのからみほぼなしか
2022-12-16 01:23:24,
2022-12-16 01:23:31,基礎がしっかりしてるミキ昴生 
2022-12-16 01:23:41,東京ホテイソン 今年のブレイクタレント0位
2022-12-16 01:23:43,色んなこと背負いつつのミキこうせいww 
2022-12-16 01:23:47,来週岡 0本来は西川貴教さんが決勝進出予定だったけど 辞退により悪運強く決勝に進んだ0thチャンピオンのミキ校生さん 
2022-12-16 01:23:48,東京ホテイソン楽しみ
2022-12-16 01:23:53,東京ホテイソン有楽町の歓喜やねw 
2022-12-16 01:23:55,ミキコーセイピンで0回優勝すごい
2022-12-16 01:24:04,なんやあのラジオwww 
2022-12-16 01:24:04,ミキ昴生女子高生
2022-12-16 01:24:11,陰口言われてるwwww 
2022-12-16 01:24:19,基本全員被害者ですからね
2022-12-16 01:24:34,しっかりと基本的なツッコミをされるミキ昴生さん
2022-12-16 01:24:40,西川さんのみならず堤下も背負うとなると重いよね  物理的に  
2022-12-16 01:25:07,矢部氏はマミィ ホテイソンと初対戦という感じがいいですね 何が起こるか分からない岡0 
2022-12-16 01:25:08,東京ホテイソンは再び岡 0 ラヴィットをこなすのね
2022-12-16 01:25:15,ランジャタイは楽しみ
2022-12-16 01:25:21,来週の岡 0グランプリ楽しみ
2022-12-16 01:25:33,劇場版ほんとうにあった怖い話事故物件芸人0 
2022-12-16 01:25:33,たけるさん小話楽しみにしてますよ
2022-12-16 01:25:41,ランジャタイの伊藤さんもヘビーリスナー
2022-12-16 01:25:48,
2022-12-16 01:25:51,岡 0グランプリ楽しみです  
2022-12-16 01:26:06, 悲しいかな  見つかってしまった 決勝進出なのにネガティブ過ぎる岡 0 
2022-12-16 01:26:07,チーズトッピングアタマの大盛0円  
2022-12-16 01:26:18,ランジャタイ的に
2022-12-16 01:26:20,ナイナイannが徹子の部屋みたいになってきたな むちゃぶりラジオ
2022-12-16 01:26:21,ザ マミィー
2022-12-16 01:26:23,本命に近いザ マミィ
2022-12-16 01:26:26,twitterではすでに岡 0は始まっている模様 
2022-12-16 01:26:32,ランジャタイ伊藤は当番組のヘビーリスナー   
2022-12-16 01:26:34,ザマミィはアルゼンチン
2022-12-16 01:26:36,ランジャタイ期待です
2022-12-16 01:26:44,ランジャタイ何してくれるのかな  
2022-12-16 01:26:46,今更だけど
2022-12-16 01:26:49,0年の岡 0グランプリはザ マミィ林田さんのための大会 
2022-12-16 01:26:52,今年は林田さんの大会らしい
2022-12-16 01:26:54,何が自己物件になるか分からないね 
2022-12-16 01:27:01,どの出演者さんも出てくれてありがとうって気持ちだしホント楽しみ  
2022-12-16 01:27:05,ザ マミィは酒井ちゃんが岡 0で向上委員会くらい吐きそうにならないか心配w 
2022-12-16 01:27:18,歌謡祭での岡0面白すぎたwこれこそ岡0だよっ      ́   
2022-12-16 01:27:29, 
2022-12-16 01:27:33,シンプルに難しい岡 0グランプリ
2022-12-16 01:27:33,ナイナイとザ マミィ林田の未知数の掛け合いが楽しみ過ぎる  
2022-12-16 01:27:40,二転三転して色々ご迷惑かけてしまったので 東京ホテイソンだけには特別にカニをプレゼントしなければならない 
2022-12-16 01:27:41,観たことがある人ほどあそこは特筆すべきシーンじゃないことがわかるだけに
2022-12-16 01:27:48,一応 今年の爆笑ヒットパレードには出てた
2022-12-16 01:27:51,
2022-12-16 01:27:56,今年の岡 0はマミィ林田のための大会
2022-12-16 01:28:04, 来なあかん 
2022-12-16 01:28:04,0年の岡 0は林田の為の大会に   
2022-12-16 01:28:07,矢部氏初絡みが多い
2022-12-16 01:28:09,訂正 自己物件 事故物件
2022-12-16 01:28:13,0年の岡ー0グランプリは林田さんの大会ww 
2022-12-16 01:28:20, 
2022-12-16 01:28:24,林田さんのための大会w 
2022-12-16 01:28:27,林田さんの大会
2022-12-16 01:28:37,今年の
2022-12-16 01:28:47,フィッ竹さんやっぱり出ないか 
2022-12-16 01:28:50,フィッ竹さんまさかの 
2022-12-16 01:28:58,ライバルいっぱい  ミキ昴生優勝連覇にピンチ  д   
2022-12-16 01:29:11,やべっちは東京ホテイソン ザ マミィと絡むのは初めてかも    
2022-12-16 01:29:12,弄ばれただけのフィッ竹さんw 
2022-12-16 01:29:18,フィッ竹さん 出場せず  
2022-12-16 01:29:24,ホラー×ミステリーの異色ドラマ この動画は再生できません にご出演のかが屋は呼ばれず  
2022-12-16 01:29:28,
2022-12-16 01:29:29,今年の岡 0はザ マミィ林田の為の大会
2022-12-16 01:29:34,フランスワールドカップのときのカズさんのようなフィッ竹さんまさかのメンバー落ちw 
2022-12-16 01:29:36,フィッ竹さん準決勝ひどかったからなw登場までがピークだった
2022-12-16 01:29:42,番組に向けて なんだこいつら 言ってる可能性
2022-12-16 01:29:52,フィッ竹さん 
2022-12-16 01:29:53,数ヶ月かけてのドッキリみたいな フィット竹村敗退
2022-12-16 01:29:57,ツカミは最高のツカミでしたそっからがね ちょっと 
2022-12-16 01:29:58,
2022-12-16 01:30:00,途中まではフィッ竹さんのための大会だったのに 
2022-12-16 01:30:01,笑われ搾取フィット竹村
2022-12-16 01:30:09,今年の岡0も誰が優勝してもおかしくないな    観戦者とはいえ本当に恐ろしい戦いやで
2022-12-16 01:30:13,鼻王こと矢部さん  
2022-12-16 01:30:16,シークレットは矢部氏
2022-12-16 01:30:24,いかがでしょ
2022-12-16 01:30:29,準決勝敗退の堤下の代わりに牛乳を飲まされ 布団に横になる枠は誰になるかも楽しみにしている今回の岡 0グランプリ
2022-12-16 01:30:29,矢部氏は初絡み多いね
2022-12-16 01:30:37,フィッ竹さん www  
2022-12-16 01:30:52,シード枠な鼻王w 
2022-12-16 01:30:53,ここに来て フィット竹村に対する当たりが強い岡村さん  
2022-12-16 01:31:03,下馬評では林田さんの大会と言われてるがどうなるか
2022-12-16 01:31:03,矢部さんはシークレット扱いだったか
2022-12-16 01:31:04,今大会の前評判 林田さんの大会になるんではないか 最有力候補フィット竹村氏が横浜アリーナで華々しく散った為 林田さんの0人勝ちになるのではないか フィッ竹さんはブチ切れているのではないか と予想される
2022-12-16 01:31:12,フィッ竹さんには本当に嫌われる可能性があるw 
2022-12-16 01:31:21, 次回0 0 木 は
2022-12-16 01:31:24,鼻王こと矢部浩之
2022-12-16 01:31:26,シークレット枠は我らが矢部浩之   
2022-12-16 01:31:33,フィット竹村さんは岡0グランプリ敗退かぁ
2022-12-16 01:31:33,オカリナがオカリナを吹く
2022-12-16 01:31:40,faxの音のモノマネするのかな 矢部氏 
2022-12-16 01:31:42,フィット竹村さんには本気で嫌われてるかもしれないラジオ
2022-12-16 01:31:44,フィッ竹さんほんとに来てないんですか   
2022-12-16 01:31:52,何回もそれ言われてる気がします
2022-12-16 01:31:53,熾烈な予選笑 
2022-12-16 01:32:00,勝手に登らされ梯子を外されたフィッ竹さんにも注目
2022-12-16 01:32:03,フィッ竹さんツカミは最高だったけど出オチでした
2022-12-16 01:32:03,をプレゼント
2022-12-16 01:32:06,定番のカニw 
2022-12-16 01:32:17,来週の岡 0グランプリ誰が優勝するかなミキ高生さん 東京ホテイソン ザ マミィはすぐに反応 ランジャタイは反応がまだなくて スタッフさんがrtしてるだけ  ランジャタイ的にと岡村さんの分析 amp フィッ竹さん 
2022-12-16 01:32:19,今年の商品もカニ
2022-12-16 01:32:23,また全員優勝になりそうな気がwいや今年こそは変わるかな  
2022-12-16 01:32:31,お 出川さんの方か  
2022-12-16 01:32:32,ラブアンドセックスかしら
2022-12-16 01:32:33,年内最後の放送には毎年恒例のあの人が出演  
2022-12-16 01:32:38,再来週d川さん  
2022-12-16 01:32:40,ノロケ回ですね 
2022-12-16 01:32:41,ディレクターさんのキューでおいおい岡村隆史
2022-12-16 01:32:42,個人的にはオカリナさんがオカリナを吹くは好き 
2022-12-16 01:32:44,恒例のカニ
2022-12-16 01:32:45,年内最後出川さんか w 
2022-12-16 01:32:45,やべっちヨロシクね  
2022-12-16 01:32:46,年内最後の放送は出川哲朗氏参戦
2022-12-16 01:32:47,おぉ キューで乱入おじさん  
2022-12-16 01:32:51,お 再来週出川さん  
2022-12-16 01:32:52,出川さん来るんだ かなり久しぶりだと思うけど
2022-12-16 01:32:54,出川氏も年末スタンバイ  
2022-12-16 01:32:54,オカリナがオカリナ吹くww 
2022-12-16 01:32:54,さらっと0日 出川さん確定情報  
2022-12-16 01:33:01,フィッ竹さんには本当に嫌われる可能性があるw 
2022-12-16 01:33:01,再来週0日も特別企画  来週も絶対聴くように  
2022-12-16 01:33:03,再来週0 0 木 はディレクターさんのキューで おいおい岡村隆史  って乱入する人がゲスト 
2022-12-16 01:33:05,キュー振られてから乱入されるあの方がwww 
2022-12-16 01:33:07,来週 出川あり
2022-12-16 01:33:09,ほぼカニとかちゃうやろうなw 
2022-12-16 01:33:13,恒例の出川さん  
2022-12-16 01:33:15,年内最後は出川さん
2022-12-16 01:33:15,出川さん今年も来てくれる  
2022-12-16 01:33:16,絶対に聴くよーに  
2022-12-16 01:33:17,出川さん来るか   
2022-12-16 01:33:22,出川さんも楽しみだなー
2022-12-16 01:33:22,0日に出川さん来る  楽しみー  
2022-12-16 01:33:22,今までとは 違うカニ
2022-12-16 01:33:25,来週は岡 0優勝者とリスナーには冬の味覚 カニをプレゼント    
2022-12-16 01:33:36,m 0と同じくらい楽しみになっている岡 0グランプリ
2022-12-16 01:33:36,あ 来週か うっかりー
2022-12-16 01:33:37,いったい誰が来るんだー マセキ方面を思い浮かべながらのツイート  
2022-12-16 01:33:38,やっぱり キュー の合図のかた来る  ー  ノ
2022-12-16 01:33:39,正直がまるちょばの扮装してパントマイムやって なにしてんねんwwwwラジオやぞww とかやってくれるコンビ出てこねえかな ランジャタイとかやってくれよボボボボンズフリー
2022-12-16 01:33:41,今年から水産会社が変わった
2022-12-16 01:33:43,0分遅れで実況スタート  
2022-12-16 01:33:44,オカリナがオカリナを吹くwww 
2022-12-16 01:33:45,年内最後はうんこポルシェさんが来る  
2022-12-16 01:33:45,今年の times championを狙うミキ昴生 女子高生のイントネーション 底力を見せるか 初代チャンピオン  東京ホテイソン不気味な存在 ランジャタイ決勝に進むべくして進んできた ザ マミィすべり込みで決勝進出 矢部浩之
2022-12-16 01:33:47,出川さん    
2022-12-16 01:33:54,わー 年末出川さん来てくれるのね  
2022-12-16 01:33:56,今の僕はダンガンロンパ観ながらオールナイトニッポン  
2022-12-16 01:34:00,矢 絶対に聴くよーに  もちろん来週のspwも再来週の出川さんとの特別企画も聴きます   
2022-12-16 01:34:06,出川さん楽しみ
2022-12-16 01:34:06,
2022-12-16 01:34:08,オールナイトニッポン│cbcラジオ   
2022-12-16 01:34:11,出川さん楽しみだな
2022-12-16 01:34:19,あら 出川さんお久しぶりに登場なのね  
2022-12-16 01:34:19,やったー ディレクターさんのキューで おい小僧  の人だ
2022-12-16 01:34:20,岡村さん 再来週はディレクターのキューで おいおい  って言って乱入する人  出川さん が来てくれます  すこぶる楽しみ 年の瀬を実感する  
2022-12-16 01:34:25,0日は恒例のディレクターのキューがないと乱入しない人が来るんだ 楽しみ
2022-12-16 01:34:26,年内最後は出川さん登場かw 
2022-12-16 01:34:28,再来週の0日は出川さん 毎年楽しみすぎる
2022-12-16 01:34:29,0日は出川さん登場なんですねスペシャル0weeksうれしい岡村さん amp やべっちのモノマネ 
2022-12-16 01:34:29,面白い奴らばっかりやないか ほとんど視たことないけど   
2022-12-16 01:34:34,今月毎週聴けるありがたさ      
2022-12-16 01:34:37,出川哲朗がアップを始めました   
2022-12-16 01:34:39,再来週はキューを振らない乱入しないあの男が来るのか  
2022-12-16 01:34:41,再来週は 出川さん来るのねそちらも 楽しみだわ   
2022-12-16 01:34:42,矢部さんは w杯イヤーだから リフティングかな 再来週のゲスト バレバレ 笑  
2022-12-16 01:34:42,再来週は出川さんか
2022-12-16 01:34:46,やった 年末恒例
2022-12-16 01:34:46,  
2022-12-16 01:34:47,今年も出川さん   
2022-12-16 01:34:48,絶対に聞くように
2022-12-16 01:34:48,
2022-12-16 01:34:49,年内最後の放送は毎年お馴染みやばいよやばいよおじさんだ  
2022-12-16 01:34:49,0日には例の御方が乱入予定       メモメモ
2022-12-16 01:34:52,0月0日は毎年恒例出川哲朗さんだマジで出川哲朗さんゲスト回は面白いから楽しみ出川さんのおいおい岡村隆史とか小僧とか聞けるかな
2022-12-16 01:34:56,一年早いな 年内最後の放送はゲストキレたナイフさんですね 
2022-12-16 01:35:01,マミィ林田さんはサッカー好きだし矢部氏と気が合う気がする 
2022-12-16 01:35:05,出川さーん   0       0  
2022-12-16 01:35:10,絶対に聴くよに  
2022-12-16 01:35:11,年内最後は出川さん
2022-12-16 01:35:19,年内ラストの 小僧ー が聞けるのか 笑
2022-12-16 01:35:28,年内最後の放送のゲストは出川さんっぽいね石田先生の答え合わせはいつだろう
2022-12-16 01:35:33,出川さんがキレてそうだから 怒りの源さんヘビメタジングル 
2022-12-16 01:35:33,再来週は毎年恒例のあの人の登場か
2022-12-16 01:35:38,ラスト  
2022-12-16 01:35:49,矢部 今夜はおじさんたちと 岡村 一緒に ナイナイ ワチャワチャしよう 
2022-12-16 01:35:51,わちゃわちゃしよう  
2022-12-16 01:35:56,年内最後の放送は出川さんがゲストか わかってはいるんだけど乱入シーンには毎回笑ってしまう 
2022-12-16 01:35:57,わちゃわちゃしよう
2022-12-16 01:35:59,わちゃわちゃしよう  
2022-12-16 01:36:06,再来週はディレクターのキューを合図に石田教授が オイオカムラタカシ  と乱入してくれるそうです
2022-12-16 01:36:10,今夜はおじさん達と一緒にワチャワチャしよう  
2022-12-16 01:36:10,     
2022-12-16 01:36:10,
2022-12-16 01:36:22,もとい 0月0日のゲスト   
2022-12-16 01:36:22,わちゃわちゃしよう
2022-12-16 01:36:30,月曜annspw予告   
2022-12-16 01:36:53,チー牛世代www 
2022-12-16 01:36:55,今夜はおじさん達と一緒にわちゃわちゃしよう   
2022-12-16 01:36:55,チーズあった方がええんか 紅ショウガだけでええわ
2022-12-16 01:37:04,牛丼にチーズでチー牛か
2022-12-16 01:37:07,チーズより紅生姜世代 私もですw 
2022-12-16 01:37:14,麺柔らかい豚骨ラーメン  チー牛世代怖いなー
2022-12-16 01:37:17,岡 0決勝進出者で今年のm 0決勝進出者はいないのか 賞レースは難しいね
2022-12-16 01:37:31,ディレクターのキューで乱入するd川さん
2022-12-16 01:37:33,チー牛世代wwww 
2022-12-16 01:37:37,チーズ牛丼に驚くのは流石におじさん過ぎるだろw 
2022-12-16 01:37:38,牛丼はシンプルに何もかけない派です
2022-12-16 01:37:41,今夜はおじさん達とワチャワチャしよう
2022-12-16 01:37:46,私も紅ショウガなし  ー  ノでもチーズはしないなー 笑  
2022-12-16 01:37:47,マックグリドルって何  
2022-12-16 01:37:47,チー牛世代w 
2022-12-16 01:37:48,ワチャワチャしよう  
2022-12-16 01:37:52,
2022-12-16 01:37:58,チー牛世代w  
2022-12-16 01:38:08,今夜はリアタイでオジサンたちとワチャワチャ チー牛食べた事ないオジサンです   
2022-12-16 01:38:14,チー牛は人生で食べた事ないな くどい気がするんだよな 
2022-12-16 01:38:23,チー牛世代w 
2022-12-16 01:38:23,チー牛世代じゃなくて普通にz世代でよろしよ
2022-12-16 01:38:25,注 マックグリドルが登場したのは0年です
2022-12-16 01:38:39,じゃあ来年は 初めてのチーズ牛丼 マックグリドルsp もやれますね
2022-12-16 01:38:41,出川さんの おい小僧   が聞けるの楽しみ
2022-12-16 01:38:43,マックグリドル  
2022-12-16 01:38:43,マックグリドルは甘い×しょっぱい
2022-12-16 01:38:50,チーズはあった方が良い     ってか チー牛世代て笑
2022-12-16 01:39:03,牛丼は生卵と紅しょうがだけで食べたい
2022-12-16 01:39:11,ちょうど0日前にマックグリドル食べたぜ コーヒーに合うよ 0円で安いし
2022-12-16 01:39:11,朝だったらメガマフィン 笑 朝からがっつり  ー  ノ
2022-12-16 01:39:13,今 気になってマックグリドル調べてるけど 甘いマフィン的なやつなのねぇ これは美味しそう  
2022-12-16 01:39:13,0代だけどチーズ牛丼食べないぞ あれは牛丼の定義からかけ離れてる トッピングは紅しょうがたっぷりに限る  
2022-12-16 01:39:17,
2022-12-16 01:39:18,チーズのトッピングなんて最近出てきたやつだからな
2022-12-16 01:39:31,フィット竹村の0年
2022-12-16 01:39:34,オドぜひで春日とスギちゃんでなんでもチーズかけたら美味しくなるかの検証やってたな
2022-12-16 01:39:37,フィッ竹さんに厳しいリスナーw 
2022-12-16 01:39:53,モロッコみたいな感じでしょ モロッコ林田
2022-12-16 01:39:55,突き詰めた
2022-12-16 01:39:58,甘いパンやめw 
2022-12-16 01:39:58,フィッ竹さんの体たらくw 
2022-12-16 01:39:59,モロッコ林田w 
2022-12-16 01:40:01,しらんわw 
2022-12-16 01:40:02,マックグリドルって何  
2022-12-16 01:40:03,ほぼvやねん フィット竹村な状態だったしw 
2022-12-16 01:40:04,ザ モロッコ林田www 
2022-12-16 01:40:06,フィッ竹さん期待してたんだけどな
2022-12-16 01:40:09,モロッコ林田w 
2022-12-16 01:40:10,モロッコ林田w 
2022-12-16 01:40:10,ザ マミィ林田 ザ モロッコ林田
2022-12-16 01:40:15,モロッコ林田w 
2022-12-16 01:40:15,マックグリドルって柔らかいパンにメープルシロップ埋め込んであるやつでしょ
2022-12-16 01:40:22,
2022-12-16 01:40:36,モロッコ林田
2022-12-16 01:40:37,林田さんは座王でも台風の目だから林田 モロッコは理解できる
2022-12-16 01:40:44,普通じゃないのが岡 0ってことなんですかね
2022-12-16 01:40:50,モロッコ林田        メモメモ
2022-12-16 01:40:52,ザ モロッコ林田ww 
2022-12-16 01:40:53,フィッ竹さんの体たらく
2022-12-16 01:41:05,モロッコ林田www  
2022-12-16 01:41:15,ザ モロッコの林田さん
2022-12-16 01:41:16,モロッコ林田w 
2022-12-16 01:41:24,劇場版ほんとうにあった怖い話事故物件芸人0をもう一度
2022-12-16 01:41:25,チー牛
2022-12-16 01:41:25,モロッコ林田       
2022-12-16 01:41:32,モロッコ林田
2022-12-16 01:41:33,モロッコ林田ww 
2022-12-16 01:41:36,カレーにチーズも抵抗あったけど 今やあったほうがいいくらい 牛丼にチーズはまだ試したことないや 完全に食わず嫌いだね 
2022-12-16 01:41:36,やべっち ザ マミィ林田さんはモロッコみたいですよね  岡村さん モロッコ林田ですよね  
2022-12-16 01:41:40,林田さんここまでブレイクするとは
2022-12-16 01:41:48,体たらくwww 
2022-12-16 01:41:49,モロッコ林田笑
2022-12-16 01:41:55,チーズ牛丼にはタバスコが添えられてくるとかも知らんのだろうな
2022-12-16 01:42:02,si entは来週最終回
2022-12-16 01:42:10,もう忘れてるしw 
2022-12-16 01:42:15,ありとあらゆるものにチーズが進出しているよね 俺が子供の時は チーズと言われたら すぐに頭に浮かぶのはマクドのチーズバーガーと雪印の0pチーズくらいしかイメージ無かったよ
2022-12-16 01:42:24,チーズポカリ思い出した
2022-12-16 01:42:25,ミキ昴生 セレソン
2022-12-16 01:42:27,モロッコ林田
2022-12-16 01:42:28,岡 0のセレソンw 
2022-12-16 01:42:35,フィット竹村とモロッコ林田     
2022-12-16 01:42:43,ブラジルに並ぶミキ昂生
2022-12-16 01:42:45,劇場版ほんとうにあった怖い話事故物件芸人0に出演したザ モロッコ林田さん 
2022-12-16 01:42:49,ミキ高生は勝つことを義務付けらてるのかw 
2022-12-16 01:42:53, あの堤下が 
2022-12-16 01:43:02,堤下選手は怪我なのかぁ   
2022-12-16 01:43:04,si ent 来週最終回   
2022-12-16 01:43:06,ザ マミィ林田いま流行りの細身眼鏡コント師というシソンヌじろうインスパイア系だからね
2022-12-16 01:43:12,事の発端を忘れないでよ  
2022-12-16 01:43:12,思い出したw 
2022-12-16 01:43:15,どうしたんですか 堤下さん
2022-12-16 01:43:28,堤下選手ケガ等により欠場
2022-12-16 01:43:30,チーズ牛丼0回だけ食べたけどグラタンみたいで美味しかった すき家のやつ タバスコ付くんです 
2022-12-16 01:43:32,またタイトル忘れた所からw 
2022-12-16 01:43:38,堤下さん来年こそは 
2022-12-16 01:43:39,どうしたんですか堤下さんw 
2022-12-16 01:43:44,みんなが堤下選手に恐怖を覚えるwwそりゃ怪我するわww 
2022-12-16 01:43:45,岡 0のセレソン ブラジル代表  ミキ昴生 
2022-12-16 01:43:49,岡ー0のセレソンw 
2022-12-16 01:43:51,numberで取り上げられねーよww 
2022-12-16 01:43:52,年内ラストに出川さん
2022-12-16 01:43:56,怪我治るんすか w 
2022-12-16 01:44:00,堤下さんは ある意味ケガだな
2022-12-16 01:44:07,そっか 堤下さん怪我なのか そっかそっかw 
2022-12-16 01:44:14,堤下愛が強い番組www 
2022-12-16 01:44:16,堤下さんは怪我で欠場
2022-12-16 01:44:21,堤下さん大丈夫かなあ
2022-12-16 01:44:23,numberというよりもオリコンさんの気がするw 
2022-12-16 01:44:25,堤下さんがまさかの欠場はでかい 来年に期待です numberに取り上げられるかもしれない   
2022-12-16 01:44:32,
2022-12-16 01:44:58,堤下さん復帰の場は岡 0しかない
2022-12-16 01:44:58,堤下さんは ケガのため欠場残念
2022-12-16 01:44:59,堤下選手 怪我で岡 0欠場www  
2022-12-16 01:45:00,岡 0グランプリ 規模も影響力も大きくなって劇場版ほんとうにあった怖い話事故物件芸人0のザ マミィ林田さんも期待しちゃう岡村さん あのipadでいろんな音鳴らすかも 笑   
2022-12-16 01:45:05,堤下さんは怪我で欠場www 
2022-12-16 01:45:05,足元すくわれないように めちゃイケ最終回を思い出す   
2022-12-16 01:45:12,堤下さんはケガ笑
2022-12-16 01:45:13,どうしたんですか堤下さんw 
2022-12-16 01:45:14, 怪我治るんですか   治ります 絶対 
2022-12-16 01:45:17,ミキ昴生さんはセレソンです 
2022-12-16 01:45:19,ナインティナインannにnumber岡村さんのサインの本のお礼的な感じのことをメールで送りたいけどユーモアつけて送りたいけどなんて送ればいいのか分からない 
2022-12-16 01:45:31,岡 0グランプリ0本当に予想できん堤下さんはレッドカードもらったのはもうどうしようもない 今大会観に来てくれると良いけどね
2022-12-16 01:45:42,
2022-12-16 01:45:43,
2022-12-16 01:45:43,
2022-12-16 01:45:52,ミキ昴生がブラジルなら堤下さんはイタリアか 
2022-12-16 01:46:01,やっぱ今年は堤下は岡 0欠場なのね 
2022-12-16 01:46:17,
2022-12-16 01:46:29,堤下さんが完全復活して決勝進出した際にはnumberで取り上げられるコンテンツへ化ける岡 0グランプリw待ってますよ堤下さん
2022-12-16 01:46:39,   
2022-12-16 01:46:40,堤下がラヂオ聴きながら涙してるのが見えるようだよ 
2022-12-16 01:46:41,宮嵜pも快く送り出してくれるんだろうと信じてる  
2022-12-16 01:47:04,タイムライン  
2022-12-16 01:47:04,ナイナイタイムライン
2022-12-16 01:47:07,林田さん赤坂に出てるのか   
2022-12-16 01:47:17,ナイナイタイムライン  
2022-12-16 01:47:18,0年ぶりさん  
2022-12-16 01:47:28,コーナーナイナイタイムライン
2022-12-16 01:47:30,岡 0の後にm 0の話
2022-12-16 01:47:31,ナイナイタイムライン
2022-12-16 01:47:33,   
2022-12-16 01:47:37,
2022-12-16 01:47:38,モロッコの辰みたいになっとるやないか
2022-12-16 01:47:39,ナイナイタイムライン ありがとうございます 
2022-12-16 01:47:43,火曜ann spw告知   
2022-12-16 01:47:51,コーナー ナイナイタイムライン 
2022-12-16 01:48:02,ナイナイタイムライン
2022-12-16 01:48:15,0年ぶり再開さん   
2022-12-16 01:48:15,巨人師匠と上沼恵美子さんに変わって大吉さんと山田邦子さん 
2022-12-16 01:48:24,岡崎さんじゃなく吉岡さんのほう 
2022-12-16 01:48:25,そっかー 巨人師匠も降りたんだ  
2022-12-16 01:48:29,邦ちゃんは唯一女芸人で天下取った人だからなぁ
2022-12-16 01:48:31,0年ぶりさん
2022-12-16 01:48:41,ラジオで邦ちゃん褒めるyoutubeでウキウキしちゃうぞw 
2022-12-16 01:48:42,のりお師匠もお昼のラジオで色々言ってたけど
2022-12-16 01:48:53,ナイナイannでザマミィ林田さんの話していたら裏のおぎやはぎのメガネびいきに出ているのかw 
2022-12-16 01:49:05,林田さん裏番組に出てる笑
2022-12-16 01:49:19,また堤下さんが岡0グランプリに出た時には numberに載るって岡村さん優しい応援ですね 
2022-12-16 01:49:52, 
2022-12-16 01:49:54,今年のm 0の審査員は勇退した巨人師匠 上沼さんから大吉先生 山田邦子さんへ 大吉先生はカムバックだね   
2022-12-16 01:49:55,さよならだけどさよならじゃない
2022-12-16 01:50:03,ひょうきん絵描き歌あったねぇ
2022-12-16 01:50:08,ひょうきん絵描き歌  
2022-12-16 01:50:21,ngトークじゃなくてイニシャルトーク 
2022-12-16 01:50:27,山田邦子さんと言えば 世代的には やまだかつてないテレビ  そのレジェンドぶりは覚えてる  
2022-12-16 01:50:27,学校では教えてくれないこと   0 0 0 0フジ土0 で共演していたナイナイと邦子さん 
2022-12-16 01:50:30,バナナ大使の事  
2022-12-16 01:51:05,
2022-12-16 01:51:07,m 0の話題からのひょうきん族の話
2022-12-16 01:51:08,邦ちゃん絵描き歌懐かしいm 0の審査も気になる所 
2022-12-16 01:51:23,学校では教えてくれないことって山田邦子だったかぁ
2022-12-16 01:51:25,クイズ年の差なんて もあったな 文枝師匠とw司会だった 
2022-12-16 01:52:06,ナイナイは言うほど邦ちゃんに思い入れ無さそうだな
2022-12-16 01:52:22,邦ちゃんはやまかつとバナナ大使のイメージ 
2022-12-16 01:52:26,学校では教えてくれないこと懐かしい 観てたなー
2022-12-16 01:52:27,そういえば学校では教えてくれない事もそうだった  
2022-12-16 01:52:37,
2022-12-16 01:52:39,恐るべしお笑い怪獣ww 
2022-12-16 01:52:46, もぎたてバナナ大使 イニシャルトークの前にゲストが歌うコーナーもあったよねあれも好きだった
2022-12-16 01:52:51,なーるほどザワールド 春の祭典 スペシャル 懐かしいなw浜ちゃんキレてたんも懐かしいなw 
2022-12-16 01:53:01,俺やろ  by浜田雅功組長
2022-12-16 01:53:11,邦ちゃんって論理的に審査出来るのかなイケメンだからって高得点付けたりしそうなのに
2022-12-16 01:53:23,絵描き歌の元ネタは水森アドかも しれんな 知らんけど 
2022-12-16 01:53:38,次回の pcスマホで聴けます   
2022-12-16 01:53:50,学校では教えてくれないこと   聞いたことないなtl見る限り テレ東で金曜日にやっているあの番組のことではなさそう
2022-12-16 01:53:56,俺やろ w 
2022-12-16 01:53:59,俺やろぉ 
2022-12-16 01:54:01,あのころのフジテレビ帰ってきて
2022-12-16 01:54:22,山田邦子さんって やまだかつてないテレビでフジテレビの冠番組持った唯一の女性芸人なんじゃ  
2022-12-16 01:54:30,ニュースで知った時驚いたけれど 邦ちゃんはよくぞ大役を引き受けてくれたなという驚きだった 審査員が審査される時代 しんどいよ
2022-12-16 01:54:33,  0年ぶり再開さん 0da mtmditnxwzh採用岡村さん 若い子 リスナーさん にはわからないけど 山田邦子さんは ひょうきん族 でピンでコーナーやってて 
2022-12-16 01:54:33,   ひょうきん族  正式には オレたちひょうきん族 フジテレビ土曜夜0時に放送で 当時ドリフターズのオバケ番組 0時だよ全員集合 真裏岡村さん  やまだかつてないテレビ とかな 矢部さん ngワードとか 山田 邦子さんの番組発祥やからね 
2022-12-16 01:54:36,俺やろ  
2022-12-16 01:54:48,岡村さん amp やべっちの若手時代の話も好き周りみんな芸能人すごーいっていう感覚 今とあまり変わらないかもなさんまさん 浜田さん 笑   
2022-12-16 01:54:50,なるほどザワールド春の祭典スペシャル って言葉自体がエモ
2022-12-16 01:55:41,なるほど ザ ワールドの時はどうやったんやろ  その  ダウンタウンととんねるずは    
2022-12-16 01:55:46,ひょうきん族の山田邦子さんは流石に分からないな やまだかつてないテレビも分からないけど 何故かもぎたてバナナ大使は見た記憶がある タイトルは今調べたけど ナイナイの先輩を立てる所は良い 
2022-12-16 01:55:48,ザ マミィ林田さんの取り合い 
2022-12-16 01:57:09,岡村隆史 山田邦子さん凄かったんやで本当 
2022-12-16 01:57:33,山田邦子の最初のネタって バスガイドネタだったような 全然面白くなかった記憶が 
2022-12-16 01:57:56,まだチーズ牛丼
2022-12-16 01:58:07,山田邦子さんの番組とかあまり記憶にないのに やまだかつてないwink だけ覚えてる
2022-12-16 01:58:07,やまだかつてないwinkの曲が好きだったな
2022-12-16 01:58:08,ワールドカップ観て何学んだんですかwww 
2022-12-16 01:58:14,バカぁ  
2022-12-16 01:58:16,ほんとに チーズ牛丼メインなの  
2022-12-16 01:58:19,いらんことせんでええねん
2022-12-16 01:58:21,水曜ann spw予告   
2022-12-16 01:58:27,なるほど ザ ワールド春の祭典スペシャル  
2022-12-16 01:58:31,いらんことせんでええ
2022-12-16 01:58:38,ちょっとわかる
2022-12-16 01:58:39, 0歳なので番組を観た記憶は ぼんやり残っています 岡村さんの身長を伸ばす企画など  wikiによると 学校では教えてくれないこと   は0年0月0年0月にフジ系0時0 0に放送された番組です
2022-12-16 01:58:40,
2022-12-16 01:58:44,岡村さんは金曜シンラジオ毎回聞いてるんだなw 
2022-12-16 01:58:47,
2022-12-16 01:58:52,乃木坂annの宣伝 来週が楽しみ
2022-12-16 01:58:54,要らんことせんでええねんw 
2022-12-16 01:59:01,いらんことせえんでええねん
2022-12-16 01:59:06,チー牛やんか  
2022-12-16 01:59:08,そういえば岡村さん シンラジオ聴いてるんだよな 水曜と金曜は聴いてるのか 
2022-12-16 01:59:11,冨好さんよく出てくるなぁw 
2022-12-16 01:59:21,わたしもアレンジいらん派
2022-12-16 01:59:25,いらん事せんでええねん   
2022-12-16 01:59:36,ライブに沢山行く人はアレンジも良いんだろうけどめったに行かない側としてはたしかにあの時のあれを生で聴きたい  ってなるからすっげぇわかるw 
2022-12-16 01:59:45,w杯見て何を学んだんですか w 
2022-12-16 01:59:57,あの頃の 学べる 知らない世界のあれこれのクイズ番組って 世界ふしぎ発見 だけになったね 常識 雑学 知識を競ういまのクイズ番組とはちょっと違うのよね
2022-12-16 02:00:00,0時
2022-12-16 02:00:00,0時
2022-12-16 02:00:00,0時
2022-12-16 02:00:01,0時  
2022-12-16 02:00:02,0時  
2022-12-16 02:00:02,0時   時報  
2022-12-16 02:00:06, 0時 
2022-12-16 02:00:07,0時
2022-12-16 02:00:09,0時  
2022-12-16 02:00:11,0時  
2022-12-16 02:00:12,0時  
2022-12-16 02:00:13,0時
2022-12-16 02:00:14,0時
2022-12-16 02:00:16,0時  
2022-12-16 02:00:16,0時  
2022-12-16 02:00:16,0時  
2022-12-16 02:00:22,0時  
2022-12-16 02:00:26,0時  
2022-12-16 02:00:28,新ネタ 牛丼漫談
2022-12-16 02:00:31,0時っ    
2022-12-16 02:00:38,0時  
2022-12-16 02:00:54,昔は東淀川にも吹田にもマクドなかったもんなぁ
2022-12-16 02:00:56,
2022-12-16 02:00:58,0時    
2022-12-16 02:01:00,     ノ
2022-12-16 02:01:00,0時 
2022-12-16 02:01:01,0時   
2022-12-16 02:01:15,岡村さん 要らんことせんでええねん 
2022-12-16 02:01:22,ドムドムバーガーw 
2022-12-16 02:01:26,ライブで普通に歌うなら配信 cdでいいんだよなー    
2022-12-16 02:01:33,0時  
2022-12-16 02:01:34,ラジオ関西になった  
2022-12-16 02:01:35,即興で老害漫才作ってる
2022-12-16 02:01:36,ドムドムバーガー懐かしい  
2022-12-16 02:01:37,岡村たかし師匠
2022-12-16 02:01:39,冨好さんの喋り方 じわじわくるww 
2022-12-16 02:01:39,もうこのおじいちゃん漫才を普通にしてくれたらいいのにw 
2022-12-16 02:01:45,
2022-12-16 02:01:48,漫才みたいになってきてるw 
2022-12-16 02:01:49,昔はダイエーに行くと普通に見かけたドムドムバーガー
2022-12-16 02:01:51,富好さんの話題があと0ヶ月早かったら岡 0に出てた気がする
2022-12-16 02:01:52,教えて 老害さんやってるのか  
2022-12-16 02:01:53,コッテコテになってきたwww 
2022-12-16 02:01:54,0時  radiko0分遅れ クリスマス自分にラジオ買おうかなあ
2022-12-16 02:01:58,漫才になってきてるww 
2022-12-16 02:02:00,教えて老害さーん  
2022-12-16 02:02:02,大阪色が強くなっとるやないか
2022-12-16 02:02:02,岡村 0時  
2022-12-16 02:02:05,メール読まれた  
2022-12-16 02:02:06,冨好さん口調漫談wwせやからね いらんことせぃでええw 
2022-12-16 02:02:10,
2022-12-16 02:02:11, 0時 
2022-12-16 02:02:14,まさかのマッククルーの方からのメール
2022-12-16 02:02:15,先週の金曜に話されてましたね シンラジオで 
2022-12-16 02:02:17,もう 食べ物の話しないでください お腹すいてきましたw 
2022-12-16 02:02:19,いらんことせんでええねんwwww 
2022-12-16 02:02:23,岡村師匠と矢部師匠
2022-12-16 02:02:26,なにやら漫才の様相を呈してきたな 笑  
2022-12-16 02:02:27,大阪色強なってまんがなw 
2022-12-16 02:02:34,ドムドムバーガーのcm 
2022-12-16 02:02:38,ドムドムなつかしー
2022-12-16 02:02:52,ライブのアレンジミュージシャン自身が飽きてくるってよく言ってるね往年のファンはいいけど知ってる曲聴きたいからライブに行ってみたって初見さんには発売当時のままで聴きたいってのが多いけど
2022-12-16 02:02:53,漫才になってきてるなwww  
2022-12-16 02:02:58,ポテトは揚げたて一択  中学時代からやってたから   0年以上前からやってるけど でも混んでるときはやらない 地方に行ったときとかかな 
2022-12-16 02:03:04,牛丼漫談ww 
2022-12-16 02:03:04,ある意味コテコテのべしゃり漫才
2022-12-16 02:03:06,ザマミィ林田さん うらのおぎやはぎさんのラジオ出てるじゃん 
2022-12-16 02:03:10,あれ  笑
2022-12-16 02:03:12,関西ローカルみたいww 
2022-12-16 02:03:13,ダブル冨好さん
2022-12-16 02:03:17,京橋のドムドムまだあるかなぁ
2022-12-16 02:03:18,0人とも冨好さんに引っ張られ過ぎでしょw 
2022-12-16 02:03:20,コテコテやな 
2022-12-16 02:03:24,昔はマクドナルド高かったからね ハンバーガーとポテトとジュース頼んだだけで0円以上してたから セットもなかったし 
2022-12-16 02:03:26,むしろ 梅田駅前のドムドムバーガーの方が行ったな      
2022-12-16 02:03:27,メールがきてまんねんw矢部氏の関西弁も濃くなったw 
2022-12-16 02:03:28,マックで漫才やってますやん
2022-12-16 02:03:30,あれ 結果チャレンジの心を取り戻した w 
2022-12-16 02:03:30,大人のモスバーガー  
2022-12-16 02:03:30,ドムドムハンバーガー懐かしい  昔 良く行ったな
2022-12-16 02:03:31,知りませんでっしゃろ 笑    
2022-12-16 02:03:31,冨好さんのトークをめっちゃ記憶してる岡村さんもすごくって冨好さん口調で話す岡村さんは ドムドム派モスバーガーも語っちゃう  
2022-12-16 02:03:35,吹田のドムドムバーガーかな
2022-12-16 02:03:37,マックで論争始まった笑
2022-12-16 02:03:38,かつてモスバーガーはできるまでの待ち時間無茶苦茶かかるのが常識だったけど今はどうだろう
2022-12-16 02:03:39,岡 0も出川さんゲストと楽しみが続く幸せ感
2022-12-16 02:03:39,あれ  0周年記念漫才のコーナー始まってた  
2022-12-16 02:03:49,岡村 ドムドムバーガー 知りませんでっしゃろ  
2022-12-16 02:03:56,どんどん話広がるなぁ すごい  
2022-12-16 02:03:57,  
2022-12-16 02:03:59,二人揃って急激な高齢化が凄いw 
2022-12-16 02:04:00,元マッククルーのベランダから夕日さん   
2022-12-16 02:04:04,のり弁0本で来てましたからね
2022-12-16 02:04:05,漫才かな w 
2022-12-16 02:04:06,ライスバーガー モスバーガーの定番メニューですね
2022-12-16 02:04:07,さかいにね
2022-12-16 02:04:14,
2022-12-16 02:04:18,ドムドムバーガー 象がイメージキャラのファーストフード店 
2022-12-16 02:04:20,結局食べるんかい笑
2022-12-16 02:04:26,0コインで勝負みたいなとこあったさかいにねww 
2022-12-16 02:04:26,チーズ否定チーズ食べる
2022-12-16 02:04:28,関西のお昼のラジオ www 
2022-12-16 02:04:30,しれっと意見を変えるナイナイすき
2022-12-16 02:04:35,あと0時間あるからテイクアウト買いにいけそう
2022-12-16 02:04:43,マクドナルドがごはん マックチャオ を始めたときのcmは山田邦子 
2022-12-16 02:04:44,あれ ナイナイ0周年記念漫才始まった w 
2022-12-16 02:04:48,ナインティナイン師匠みたいな喋りやな 笑    
2022-12-16 02:04:49,大人のモスバーガー    
2022-12-16 02:05:04,ちゃらんぽらん富好の霊が乗り移った岡村さんw 
2022-12-16 02:05:10,美味しいんかいw 
2022-12-16 02:05:12,大人のモスバーガーあるんだ
2022-12-16 02:05:20,やっぱりパスを出し続ける矢部氏も悪いと思うの
2022-12-16 02:05:28,もう漫才みたいになってるなぁw 
2022-12-16 02:05:32,お蕎麦屋さんのカレー美味しいね
2022-12-16 02:05:33,車だん吉さんがモスバーガーのドライブスルーで走りながら注文してもダメでしたね ナイナイナ  
2022-12-16 02:05:42,大人のモスバーガーってあるの  
2022-12-16 02:05:48,すぐ否定するやろ  
2022-12-16 02:05:57,いつか口にしますさかいに
2022-12-16 02:06:06,おろしポン酢とねぎ卵も好きやわ
2022-12-16 02:06:15,岡村さん 完全に親世代の発言w 
2022-12-16 02:06:15,ダイヤルの電話
2022-12-16 02:06:18,ナイナイ師匠
2022-12-16 02:06:18,君たちは恵まれているby岡村たかし師匠
2022-12-16 02:06:25,君らが偉いと思ったあかんでwwwww 
2022-12-16 02:06:26,君らが偉いと思ったらアカンで
2022-12-16 02:06:36,えらいとは思ってない
2022-12-16 02:06:36,うるさいジジイラジオだなw 
2022-12-16 02:06:40,お蕎麦屋さんのカレー美味しいよねwww 
2022-12-16 02:06:46,我々の世代はw 
2022-12-16 02:06:49,トッピングやってる店は牛丼の味があんまり 
2022-12-16 02:07:05,トッピングのキングは高菜明太マヨ   
2022-12-16 02:07:07,田舎住みの両親持つとデリバリーピザなんて無かったとかも言われたりするなぁw 
2022-12-16 02:07:08,関西ローカルの昼の師匠ラジオみたいw 
2022-12-16 02:07:10,
2022-12-16 02:07:18,おーおもしろい
2022-12-16 02:07:18,蕎麦屋のカレーが美味いで共鳴し合うナイナイ 
2022-12-16 02:07:19,イモ食って屁こいて寝よ 
2022-12-16 02:07:21,お蕎麦屋さんのカレー美味しい
2022-12-16 02:07:22,これ完全に老害トークでしょwww 
2022-12-16 02:07:36,君が見てるワールドカップと僕が見てるワールドカップは違うんやからね
2022-12-16 02:07:57,君達は恵まれているwwww 
2022-12-16 02:08:04,ウーバーイーツね笑
2022-12-16 02:08:07,楽しんでるやべっち 岡村さんに乗っかっちゃうそして岡村さんはさらに らしさ 全開に漫才みたいになりました 笑   
2022-12-16 02:08:10,老害化する岡村さんを窘めるやべっちの構図が完全に面白いけど 深夜におっさんの説教とか聴きたくない   
2022-12-16 02:08:11, 君たちはどう生きるか 
2022-12-16 02:08:11,テンプレのおじさんの会話だなwwwこれやで
2022-12-16 02:08:20,チー牛世代に説く岡村さん
2022-12-16 02:08:26,ごめんやでww 
2022-12-16 02:08:29,ベスト0で何が悪いの  by岡村たかし師匠
2022-12-16 02:08:38,キミ言い出したらほんま師匠w 
2022-12-16 02:08:41,お蕎麦屋さんのカレーといえば新潟万代バスセンターのカレー
2022-12-16 02:08:45,
2022-12-16 02:08:45,仲良うやろう そのためのナイナイタイムライン
2022-12-16 02:08:46,ごめんやで 仲良うやろうや
2022-12-16 02:08:49,
2022-12-16 02:08:49,この口調めっちゃ面白いコーナーできへんかなぁ  
2022-12-16 02:09:02,こっちも謝るゴメンやでそのためのナイナイタイムライン違うんかいなwなにこの時間w 
2022-12-16 02:09:04,おじさんたちと一緒にわちゃわちゃするラジオですよ
2022-12-16 02:09:15,ミキ高生  
2022-12-16 02:09:19,ベスト0で何が悪いの w 
2022-12-16 02:09:28,悪い人の夢  
2022-12-16 02:09:29,コーナー悪い人の夢
2022-12-16 02:09:29,マクドのハンバーガー 友達と外で食べ始める高校の時0円 社会に出たもののどこも拾ってくれなくて貧しすぎた頃0円以下で 本当に 本当に食い繋げてくれたありがたい食糧だったなたぶん あの頃マクドが格安で売ってくれなければ 俺餓死していたと思う
2022-12-16 02:09:32,iphone世代もすごいと思うんだけど社会人出たときに メッセージ amp チャット世代だからか 電話応対ができない人多いのよね なんでやろ  д  なんで急にケンカしてんのーやめてー 笑  
2022-12-16 02:09:39,お互い歩み寄るためのナイナイタイムラインやろw 
2022-12-16 02:09:40,0人の師匠口調オモロいなぁwww  
2022-12-16 02:09:41,悪い人の夢  
2022-12-16 02:09:46,
2022-12-16 02:09:47,悪い人の夢
2022-12-16 02:10:01,熱くなる岡村さん 
2022-12-16 02:10:07,今日はいらんことせんでええねんがテーマか  
2022-12-16 02:10:08,
2022-12-16 02:10:10,仲良うやろう その為のナイナイタイムラインww 
2022-12-16 02:10:18,悪い人の夢
2022-12-16 02:10:21,チー牛やらマックやら深夜の飯テロ話聞いてたら なんだが急に腹が減った 
2022-12-16 02:10:24,確かに ワールドカップに出れる事だって凄い事だもんね 
2022-12-16 02:10:26,溝を埋めるためのナイナイタイムラインなのにw 
2022-12-16 02:10:27,仲良くやる為のナイナイタイムラインなのに w  
2022-12-16 02:10:32,コーナー 悪い人の夢 
2022-12-16 02:10:42,悪い人の夢  
2022-12-16 02:10:42,
2022-12-16 02:10:42,歩み寄りw 
2022-12-16 02:10:44,モスは確かにちょっと勇気いる今も個人的には お財布事情的に 頻繁には行けない
2022-12-16 02:10:45,今の若い子 夜中に0代の説教きくかな  笑  
2022-12-16 02:10:46,0年の例の件以来鳴りを潜めてた岡村さんのドロドロとした本音が久しぶりに冴え渡ってる この屈折した闇こそが岡村さんの持ち味  
2022-12-16 02:10:49,悪い人の夢  
2022-12-16 02:11:09,人のふり見て我がふり直せ
2022-12-16 02:11:09,そうですよねナイナイタイムラインのコーナーの目的岡村さん 教えてな  
2022-12-16 02:11:10,ナインティナイン師匠  教えてな  精神を思い出し反省しはった 笑    
2022-12-16 02:11:22,悪い人の夢  
2022-12-16 02:11:24,駅前にほぼ必ずあるものコンビニハンバーガー店ドラッグストアスタバなどのカフェ
2022-12-16 02:11:25,漏らして中村お茶子さんに処理してもらったことあったなw 
2022-12-16 02:11:36,因みに日本人が初めて宅配ピザを知ったのは etというハリウッド映画のなかで主人公が頼んでいた という話 
2022-12-16 02:11:48,エムバペだよぉ
2022-12-16 02:11:50,エムバペは漫談できるんだなw 
2022-12-16 02:12:10,パッケージハンバーグ師匠
2022-12-16 02:12:11,エムバペ師匠 笑  
2022-12-16 02:12:16,エムバペー    
2022-12-16 02:12:17,エムバペのサッカージョークwww 
2022-12-16 02:12:32,エムバペー  
2022-12-16 02:12:39,
2022-12-16 02:12:47,エムバペ師匠w 
2022-12-16 02:12:51,エムバペー w 
2022-12-16 02:13:01,牧瀬里穂はなんばのオッサンの喋りしてw 
2022-12-16 02:13:01,エムバペだよ
2022-12-16 02:13:05,牧瀬里穂てw 
2022-12-16 02:13:07,エムバペー笑
2022-12-16 02:13:07,エムバペ師匠ww 
2022-12-16 02:13:08,エムバペ師匠www 
2022-12-16 02:13:13,0mが関西弁なのはw 
2022-12-16 02:13:13,エムバペのサッカージョークw久々のヒットだなw 
2022-12-16 02:13:15,t a t u の格好のやつやぁ
2022-12-16 02:13:18,エムバペ師匠のサッカージョーク 笑エムバペェー 
2022-12-16 02:13:19, 本当のロケ地は名古屋駅です
2022-12-16 02:13:26,エムパペのサッカージョーク
2022-12-16 02:13:41,まず エムバペ を噛まないのがむずい漫談
2022-12-16 02:13:43,エンバペ師匠w 
2022-12-16 02:13:47,エムバペ師匠www 
2022-12-16 02:13:53,
2022-12-16 02:13:58,エムバペによるサッカージョーク
2022-12-16 02:14:00,bgmを打ち消すw 
2022-12-16 02:14:11,エムバペ 仕上がってる
2022-12-16 02:14:19,エムバペー      
2022-12-16 02:14:37,関西弁の悪牧瀬里穂さんw 
2022-12-16 02:14:40,エムバペ師匠の職人さん天才か  名前聞きそびれた
2022-12-16 02:14:50,クニコパトラ なっつ
2022-12-16 02:14:57,ネタはがきの後にインディジューンが出てくるだろうな
2022-12-16 02:15:04,jr東海じゃなくてjr西日本のシンデレラエクスプレスw 
2022-12-16 02:15:12,牧瀬里穂w 
2022-12-16 02:15:14,0時間山手線は 笑    
2022-12-16 02:15:16,邦子パトラwww 
2022-12-16 02:15:19,クニコパトラw 
2022-12-16 02:15:29,牧瀬里穂さんの要素なんもないけどワロタwww 
2022-12-16 02:15:34,0邦子
2022-12-16 02:15:43,クニコパトラ そういや昔はよく番組内でイジってたな
2022-12-16 02:15:44,山田邦子が凄かったのはやはりバナナ大使やってた頃だと思う 
2022-12-16 02:15:56,0で邦子
2022-12-16 02:16:00,なんで山田邦子だけでこんなネタが思い浮かぶのかほんとクレイジー 褒め言葉  
2022-12-16 02:16:01,邦子パトラw  
2022-12-16 02:16:17,インディージューンズ観たいなー
2022-12-16 02:16:34,
2022-12-16 02:16:45,インディジューンズなっつかしww 
2022-12-16 02:16:47,ハナ肇は銅像
2022-12-16 02:16:49, 思い出だけど思い出じゃない の言い回しが懐かしい  
2022-12-16 02:16:50,クニコパトラって何でしょう 岡村さんもスタジオで見たんですね 笑 都市伝説いっぱい 
2022-12-16 02:16:55,0で邦子 
2022-12-16 02:16:58,山田邦子要素が詰まったネタ  
2022-12-16 02:17:04,かくし芸といえばマルシアぶちぎれ まーごめ
2022-12-16 02:17:15,クニコパトラwwごりらババアさんすげえww 
2022-12-16 02:17:22,邦子パトラ
2022-12-16 02:17:30,くにこパトラとインディ ジューンズ
2022-12-16 02:17:34,クニコパトラwwナインティナインのオールナイトニッポン│ニッポン放送    
2022-12-16 02:17:42,そうそう エンディングから撮るのが流れだったのよね
2022-12-16 02:17:48,z世代にケンカを売る0年代トーク
2022-12-16 02:17:48,完成度が凄い 
2022-12-16 02:17:51,いーてふは ひょうきん族のタケちゃんマンでのお話 
2022-12-16 02:18:01,クニコパトラ懐かしい 笑
2022-12-16 02:18:14,エンディングにオープニングを撮る
2022-12-16 02:18:17,大東めぐみwww 
2022-12-16 02:18:31,かくし芸大会見てたな
2022-12-16 02:18:33,インディー ジューンズ 笑    
2022-12-16 02:18:41,大東めぐみ
2022-12-16 02:18:41,やめてよ大東めぐみで深夜0時過ぎに今日イチの爆笑しちゃったじゃん
2022-12-16 02:18:42,大東めぐみさん とばっちりw 
2022-12-16 02:18:48,邦子パトラww 
2022-12-16 02:18:51,かくし芸大会ってエンディングにオープニングで撮るのね   
2022-12-16 02:18:55,井上順さんはインディージューンズよりもジュンシーの方が好きだったなー 荻野目ちゃんがキョンシーの女の子役やってて可愛かった 
2022-12-16 02:19:08,インディ ジューンズ 大好きだったなぁ
2022-12-16 02:19:10,マルシアさんがガチ抗議したりw 
2022-12-16 02:19:10,インディー ジューンズ 井上順さんによるインディー ジョーンズパロディー  
2022-12-16 02:19:18,かくし芸大会といえば王東順p 
2022-12-16 02:19:21,やっぱり俺は かくし芸といえばマチャアキと井上順さんなんだよなあ 俺のツイート昔の話ばっかりヤダ ヤダ 
2022-12-16 02:19:24,大東めぐみwww 
2022-12-16 02:19:26,マンネリでも良いから季節感 風物詩感ある番組は残ってて欲しかったなぁ最近cmとか歌なんかも季節感強いものが少なくなってて漠然と年末年始が終わっちゃう
2022-12-16 02:19:28,やっぱり出た 大東めぐみのかくし芸話   
2022-12-16 02:19:37,大東めぐみ懐かしいwwww 
2022-12-16 02:19:42,クニコパトラ   インディジューンズ    
2022-12-16 02:19:43,植木等さんが 練習しないとできないかくし芸はかくし芸じゃあない って仰ったのが終わったキッカケやっけ 
2022-12-16 02:19:47,こういう昔のバラエティの裏話聴けるのこの0人ならではだよなぁ
2022-12-16 02:19:55,裏番組ww 
2022-12-16 02:19:59,インパルスミキ昂生
2022-12-16 02:20:09,山浩之w 
2022-12-16 02:20:14,大東めぐみ   なつかしい 
2022-12-16 02:20:14,裏番組を推していくスタイル 
2022-12-16 02:20:16,かくし芸0夜連続の年もあったよ
2022-12-16 02:20:18,山浩之
2022-12-16 02:20:19,本物のオープニング来たwww 
2022-12-16 02:20:20,やま浩之
2022-12-16 02:20:23,正式名称 劇場版ほんとうにあった怖い話事故物件芸人0 この番組で累計もう0回は聞いてる
2022-12-16 02:20:25,
2022-12-16 02:20:31,インパルスミキ昴生www  
2022-12-16 02:20:33,かくし芸のドラマ枠好きだったなひでちゃんのドラゴンボールとかあったよね
2022-12-16 02:20:38,マルシアが怒って帰っちゃったのってかくし芸だっけ  
2022-12-16 02:20:43,山浩之
2022-12-16 02:20:44,tbsからのスパイw 
2022-12-16 02:20:47,e  t を昔話風にしたもので ラストにいーてふの着ぐるみから関口宏さんが出てくる   
2022-12-16 02:20:49,隠し芸大会でやたら張り切ってた堺正章が このオジサンなんなの って子供の頃思ってた あと井上順 
2022-12-16 02:20:57,登山漫談   
2022-12-16 02:21:00,かくし芸 とんねるずが司会をした年は生放送だった
2022-12-16 02:21:00,かくし芸といえばヒデちゃ  ヒデさん   
2022-12-16 02:21:05,岡 0グランプリの紹介ネタすごーい 
2022-12-16 02:21:27,インパルスミキこうせいw 
2022-12-16 02:21:31,趣味はサッカーと登山 ナインティナイン山浩之www  
2022-12-16 02:21:35,山浩之
2022-12-16 02:21:47,インパルスミキ昴生www 
2022-12-16 02:21:47,軽く寝落ちてたけど再来週は出川さんが出るんだ
2022-12-16 02:21:51,茶番劇とかしっかり言われてる 笑  
2022-12-16 02:21:55,自分なりには自信があったんです 悪い人の夢 供養   
2022-12-16 02:21:56,
2022-12-16 02:22:00,ヤマ浩之wwwwww 
2022-12-16 02:22:12,林田さん 
2022-12-16 02:22:13,本当のcmみたいw 
2022-12-16 02:22:14,いやぁリスナーさん本当に上手いなぁ     笑
2022-12-16 02:22:25,新春かくし芸大会とはこんなものです    
2022-12-16 02:22:38,山浩之
2022-12-16 02:22:39,ナインティナイン山浩之w 
2022-12-16 02:22:42, komine パンツ0 0メンズb ack 0xlbに0 割引クーポンが出ております0 0 
2022-12-16 02:22:57, 富士 山 に登るのが好きな矢部 浩之   
2022-12-16 02:23:13,
2022-12-16 02:23:13, 
2022-12-16 02:23:14,
2022-12-16 02:23:14,
2022-12-16 02:23:15,  フランス代表エムバペ選手が ハンバーグ師匠風サッカージョーク    悪い牧瀬里穂さんjr東海cmが 山手線で口悪い 
2022-12-16 02:23:16,
2022-12-16 02:23:16,
2022-12-16 02:23:24,とらのコさんのネタ 次回そのまま使わせてもらえばいいのにwやまひろゆきwww 
2022-12-16 02:23:28,
2022-12-16 02:23:30,刀狩りじゃ
2022-12-16 02:23:31,刀狩りじゃあ
2022-12-16 02:23:32,テレビがめちゃくちゃ元気やった頃の裏話をラジオで出来る人たちって もうナイナイさんくらいかな 
2022-12-16 02:23:40,刀狩じゃ
2022-12-16 02:23:41,港区モデル矢部浩之w 
2022-12-16 02:23:42,コーナー皆の者刀狩りじゃ
2022-12-16 02:23:42,刀狩りじゃ  
2022-12-16 02:23:44,刀狩りじゅぁー懐かしいジングル
2022-12-16 02:23:57,刀狩りジングル水攻めじゃあ皆の者 刀狩りじゃあ  
2022-12-16 02:23:57,刀狩りじゃ  
2022-12-16 02:23:58,刀狩り
2022-12-16 02:23:58,刀狩りのジングルwwww 
2022-12-16 02:23:59,皆のもの 刀狩りじゃ
2022-12-16 02:24:00,アホみたいなジングルw 
2022-12-16 02:24:06,懐かしいジングルww 
2022-12-16 02:24:10,山浩之の登山漫談気になるww 
2022-12-16 02:24:12,刀狩りのジングルの後に刀狩りのコーナーw 
2022-12-16 02:24:16,
2022-12-16 02:24:18,刀狩りじゃ
2022-12-16 02:24:24,ちょっと待って 
2022-12-16 02:24:27,皆の者 刀狩りじゃ  
2022-12-16 02:24:39,刀狩りじゃぁ ジングル コーナー 皆の者 刀狩りじゃぁ   
2022-12-16 02:24:44,
2022-12-16 02:24:45,皆の者 刀狩りじゃ
2022-12-16 02:25:08,アホみたいなジングルww 
2022-12-16 02:25:10,
2022-12-16 02:25:14,港区モデルのやべっち そして刀狩りじゃジングル楽しい 
2022-12-16 02:25:19,平日に来んなw 
2022-12-16 02:25:19,皆の者 刀狩じゃ のコーナー  
2022-12-16 02:25:35,久しぶりに聴く 0年前くらいの 岡村さんの 刀狩りじゃ  のジングルが最高  
2022-12-16 02:25:42,あれれれ 刀狩りじゃ で歓声が 笑  
2022-12-16 02:25:55,マーフィーの法則
2022-12-16 02:25:56,平日に来んなwww  
2022-12-16 02:25:57,チャックのミス
2022-12-16 02:26:00,とらキッチンさん  
2022-12-16 02:26:04,
2022-12-16 02:26:19,刀狩りじぃゃぁ   
2022-12-16 02:26:29,ジングル最高
2022-12-16 02:26:32,とらキッチンさん   
2022-12-16 02:26:32,パパチャリさん  
2022-12-16 02:26:49,平日に来んなwww 
2022-12-16 02:26:56,画面割れてないかヒヤヒヤする
2022-12-16 02:26:58,絶対割れたと思う落ち方するね意外と平気だったり
2022-12-16 02:27:02,ランジャタイは国崎さんのマイムが使えないからナンチャンの間が悪いとね とソッポ向かれたりの被せで行くのかな  
2022-12-16 02:27:03,確かにスマホを落とすのは良くない  
2022-12-16 02:27:04,とらキッチンさん
2022-12-16 02:27:05,前出したネタと被ってたのに自分のは採用されてない悲しみ 
2022-12-16 02:27:14,自分で笑ろてもうてるやん 良く見るw 
2022-12-16 02:27:17,スラップさん  
2022-12-16 02:27:19,終了  
2022-12-16 02:27:21,パパチャリさん   
2022-12-16 02:27:22,短命コーナーでした
2022-12-16 02:27:25,しゅりょ  
2022-12-16 02:27:27,スマホ落としたのを野次で教えてくれる優しい民衆 
2022-12-16 02:27:28,コーナー終わっちゃうのか 早かったな
2022-12-16 02:27:29,短命w 
2022-12-16 02:27:34,早くも刀狩りじゃあしゅーりょー  
2022-12-16 02:27:36,刀狩り終了早いな
2022-12-16 02:27:36,うわ 終了した てってれ 
2022-12-16 02:27:37,終了
2022-12-16 02:27:38,自分で笑うてもうてるやんw 
2022-12-16 02:27:41,皆の者 刀狩りじゃ 終了  
2022-12-16 02:27:43,自分で笑うてるやんw 
2022-12-16 02:27:51,しっぽでシバかれとるやないか www  
2022-12-16 02:28:02,ものすごく短命やったな 
2022-12-16 02:28:05,刀狩り終了
2022-12-16 02:28:06,
2022-12-16 02:28:14,短いコーナーだった
2022-12-16 02:28:19,思ってたよりコーナー終わるの早いやんけ    
2022-12-16 02:28:30,しゅーりょー
2022-12-16 02:28:31,まあ終了だろうな笑
2022-12-16 02:28:33,えもう終了なの  早いなぁ
2022-12-16 02:28:46,刀狩り 終了  
2022-12-16 02:28:46,刀狩りじゃ 撤退早かった あんまり面白くはなかったから良かった 
2022-12-16 02:28:48,木村信長パレードの熱で生まれたコーナーなりの運命
2022-12-16 02:28:53,刀狩りじゃ 終了   
2022-12-16 02:28:54, 皆の者 刀狩りじやぁ  しゅうりょ 専用ジングルも出来たのに 短い間でしたが本当にありがとうございました  
2022-12-16 02:28:56,刀狩じゃ 終了かー
2022-12-16 02:29:00,終了 短ぇ
2022-12-16 02:29:03,終了早い
2022-12-16 02:29:05,西田佐知子コーナー 
2022-12-16 02:29:06,刀狩りもう終了
2022-12-16 02:29:07,刀狩じゃめっちゃ早いなw 
2022-12-16 02:29:11,終了
2022-12-16 02:29:13,刀狩り終了かぃ笑
2022-12-16 02:29:24,刀狩りじゃのコーナーは終了にまた何かコーナーが始まるのかなぁ  
2022-12-16 02:29:24,はやっ     刀狩り大好きだったのに
2022-12-16 02:29:31,え   刀狩り終わった 笑   え 笑      
2022-12-16 02:29:35,
2022-12-16 02:29:42,刀狩り終了
2022-12-16 02:29:43,コーナー 皆の者 刀狩りじゃ  が終了ー 短い間でしたがありがとうございました    
2022-12-16 02:30:03,早っ 刀狩りじゃ 終ー 了ー  0ann第0期の短命コーナーかな  
2022-12-16 02:31:03,
2022-12-16 02:31:04,
2022-12-16 02:31:08,記念漫才  
2022-12-16 02:31:09,近頃甘口が多いとお嘆きの貴兄に
2022-12-16 02:31:17,記念漫才
2022-12-16 02:31:31,短命だったなww 
2022-12-16 02:31:36,記念漫才
2022-12-16 02:31:44,刀狩り終わったはや 短命コーナー
2022-12-16 02:31:46,記念漫才
2022-12-16 02:31:50,
2022-12-16 02:32:04,金曜ann spw予告 フースーヤ   
2022-12-16 02:32:10,コーナー ナイナイ0周年記念漫才 
2022-12-16 02:32:13,タカトシ  
2022-12-16 02:32:20,ナイナイ0周年記念漫才
2022-12-16 02:32:33,ナイナイ0周年記念漫才  
2022-12-16 02:33:10,タカトシ風
2022-12-16 02:33:16,ナイナイ0周年記念漫才
2022-12-16 02:33:16,0周年記念漫才
2022-12-16 02:33:17,タカトシか  
2022-12-16 02:33:24,0本目は タカトシ   
2022-12-16 02:33:24,タカトシか
2022-12-16 02:33:30,張り込みと言えばアンパンと牛乳 みたいな 
2022-12-16 02:33:38,タカトシ風かな 
2022-12-16 02:33:40,とらキッチンさん0通目  
2022-12-16 02:33:54,なすなかw 
2022-12-16 02:33:57,なすなかwwwwww 
2022-12-16 02:34:00,星が見えたり雨が降ったり雪も降ったりと 目まぐるしく天候が変わる中 
2022-12-16 02:34:01,タカトシ    
2022-12-16 02:34:06,なすなかにし風ww 
2022-12-16 02:34:13,なすなかだw 
2022-12-16 02:34:20,タカトシ風漫才
2022-12-16 02:34:20,なすなかかーwとらキッチンさんスゲー
2022-12-16 02:34:22,ドン キホーテは激安じゃなくて驚安 
2022-12-16 02:34:25,なすなかw 
2022-12-16 02:34:26,ナイナイの息ピッタリ  さすが
2022-12-16 02:34:28,なすなか良いな
2022-12-16 02:34:31,なすなかwwうまいww 
2022-12-16 02:34:31,なすなかか
2022-12-16 02:34:41,なすなか
2022-12-16 02:34:45,とらキッチンさん 本日0通目  0本目は なすなか   
2022-12-16 02:35:00,
2022-12-16 02:35:24, 私だwwwww 
2022-12-16 02:35:25,なすなかにし面白いよなぁ
2022-12-16 02:35:27,ナイナイのなすなか息ピッタリやん www  
2022-12-16 02:35:28,モンスターエンジンだw 
2022-12-16 02:35:30,なすなか風
2022-12-16 02:35:33,まさかのモンエンw 
2022-12-16 02:35:34,これは完全になすなかにし  ラヴィット  とか弓木の やみつきちゃん でよく観るくだり  
2022-12-16 02:35:34,神々の遊び
2022-12-16 02:35:38,なすなかにし
2022-12-16 02:35:43,なすなか
2022-12-16 02:35:44,とらキッチンさんなすなかにしさん風 チョイスが渋い 
2022-12-16 02:36:05,モンスターエンジンw暇を持て余した神々の遊び
2022-12-16 02:36:14,0本目は モンスターエンジン   
2022-12-16 02:36:23,森脇健児もそうだけど個人的には乃木坂0期生の五百城茉央のキャッチフレーズみたい
2022-12-16 02:36:25,
2022-12-16 02:36:28,なすなか風漫才ツッコむ前に二人で乗るのがいいよね
2022-12-16 02:36:35,神々の遊び久しぶりに聴けた
2022-12-16 02:36:40,モンスターエンジンもいい  
2022-12-16 02:36:44,なすなかみたいにピッタリ合わせるの やっぱり難しいんやね 
2022-12-16 02:36:52,懐かしい 誰だっけ と思ったら モンスターエンジンさんか 
2022-12-16 02:36:56,モンスターエンジン
2022-12-16 02:37:00,モンスターエンジンw 
2022-12-16 02:37:00,めめネタだーそしてモンスターエンジン 
2022-12-16 02:37:03,出た 神々の遊び 笑
2022-12-16 02:37:05,モンスターエンジン風
2022-12-16 02:37:06,神々の遊び  
2022-12-16 02:37:14,モンスターエンジン 笑    
2022-12-16 02:37:14,激安の殿堂から驚安の殿堂に変わったんだっけな  
2022-12-16 02:37:19,へぇなるほど
2022-12-16 02:37:22,神々の遊び久々だな
2022-12-16 02:37:31,
2022-12-16 02:37:34,モンエン   夜中に笑っちゃった  
2022-12-16 02:37:36,モンスターエンジン風ちょっと懐かしい神々の遊び
2022-12-16 02:37:40,神々の遊び
2022-12-16 02:37:48,一年に一回は見たいあるある探検隊w 
2022-12-16 02:37:49,なんとなく説得力を感じる
2022-12-16 02:37:53,岡村さんはめめと呼ぶの怖いのわかるよ性格上言えないよね
2022-12-16 02:38:07,レギュラーが出てこない 笑  
2022-12-16 02:38:14,レギュラー出てこなかったのかw 
2022-12-16 02:38:18, レギュラー が出てこない岡村さんw 
2022-12-16 02:38:18,あるある探検隊の子らw 
2022-12-16 02:38:29,ナイナイ0周年記念漫才のコーナー0人で同じこと言ったり 神様もでて楽しかったです amp おもしろ荘の前説をレギュラーがしてたと岡村さん 
2022-12-16 02:38:31,わかる あるある探検隊と神々の遊びは定期的にみたい 
2022-12-16 02:38:33,レギュラー出てこないのヤバイw 
2022-12-16 02:38:48,へーおもしろ荘はベテランのレギュラーが前説なのか
2022-12-16 02:38:49,なるほど おもしろ荘は敢えてベテランが前説をやる 
2022-12-16 02:38:59,レギュラーが出てこないwwww 
2022-12-16 02:38:59,レギュラーのコンビ名が出てこないガチおじいちゃん化する岡村おじいちゃんw 
2022-12-16 02:39:00,おもしろ荘の前説がレギュラー
2022-12-16 02:39:09,
2022-12-16 02:39:13,岡村さん老い  
2022-12-16 02:39:23,レギュラー出てこないw皆さんも覚えましょう 笑 
2022-12-16 02:39:26,モンスターエンジンの神々の遊びコントは定期的に見たくなる 
2022-12-16 02:39:32,モンスターエンジン好きやなぁ
2022-12-16 02:39:34,レギュラーが出てこない岡村さん笑
2022-12-16 02:39:34,あるある探検隊の子ら
2022-12-16 02:39:35, あるある探検隊の子等 w 
2022-12-16 02:39:38,あるある探検隊の子らwww 
2022-12-16 02:39:42,あるある探検隊をやってるのはレギュラーというコンビです コンビ名だけでも覚えて帰って下さい
2022-12-16 02:39:53,おもしろ荘は超若手の大会なので前説はベテラン       メモメモ
2022-12-16 02:39:56,あるある探検隊の子らww 
2022-12-16 02:39:59,前説であるある探検隊やってたら凄い楽しそう
2022-12-16 02:40:00,
2022-12-16 02:40:01,  なすなかにし風 僕らのキャッチコピー 矢部さん なすさん役 岡村さん なかにしさん役 とらキッチンさん kitchen tora再度採用 モンスターエンジン風 神々の遊び 矢部さん 西森さん役 岡村さん 大林さん役
2022-12-16 02:40:23,共通テスト  
2022-12-16 02:40:26,sixtonesのエイブルのcm変わってる   
2022-12-16 02:40:31,名前だけでも覚えて帰ってくださいw 
2022-12-16 02:40:32,ナイナイ共通テスト
2022-12-16 02:40:38,岡村さんw老いがw 
2022-12-16 02:40:44,
2022-12-16 02:40:48,番組収録の前にマンキンのあるある探検隊を見るといい感じで緊張がほぐれてこちらも全力で笑いに行くぞー っていう気持ちになる
2022-12-16 02:40:51,
2022-12-16 02:41:02,ナイナイ共通テスト  
2022-12-16 02:41:11,ナイナイ共通テスト
2022-12-16 02:41:13,この子ら どこの事務所の子や 
2022-12-16 02:41:22,ナイナイ共通テスト  
2022-12-16 02:41:27,ナイナイ共通テスト
2022-12-16 02:41:28,コーナー ナイナイ共通テストエイブルさん いつも応援ありがとうございます  
2022-12-16 02:41:50,ジェシーです 髙地です 田中です 松村です 森本です 京本です sixtonesです この時間はエイブルの提供でお送りしています ナイナイ共通テスト
2022-12-16 02:42:15,がんばれー  
2022-12-16 02:42:30,共通テスト
2022-12-16 02:42:39,ホームアローンは0まである
2022-12-16 02:43:06,ワイスピとか沈黙シリーズなんてもう通しno わからない
2022-12-16 02:43:10,ホームアローンは0まである   
2022-12-16 02:43:15,ホーム アローンってそんなにシリーズあったのかたぶん 0までしか見てないな
2022-12-16 02:43:52,0以降は確実に空気なホーム アローン
2022-12-16 02:43:55,ホーム アローンは0まで見た事あるわ アダムス ファミリーも0まで見た事ある 
2022-12-16 02:43:56,どっち悪かった  
2022-12-16 02:43:59,ターミネーターも色々ある気がする 
2022-12-16 02:45:01,うのちんw 
2022-12-16 02:45:07,うのちんとオカチン
2022-12-16 02:45:23,ホテルで贅沢に過ごす損益分岐点がいまだにわからない そりゃあ0泊0 0円と比較すれば全てがいいのはわかるけれど 0泊0万以上の価値がわからない
2022-12-16 02:45:25,うのちんwwww 
2022-12-16 02:45:38,峰さんはうのさんの事を  うのちん と呼んでるw  
2022-12-16 02:45:39,岡村さんが見たランボーも 冨好さんのツッコミが入りそうですね 
2022-12-16 02:45:45,バイオ ハザードもいろいろある気が 
2022-12-16 02:46:18,0月0日の金曜ロードショーは ホーム アローン0です お楽しみに    
2022-12-16 02:46:24,ホーム アローンは0まででよかった     
2022-12-16 02:46:28,ヒデさん事件から色々考えるようになった岡村さん
2022-12-16 02:46:28,岡村さん うわぁ ランボー無茶苦茶やるなぁ  これどっちが悪かった   このくだり 毎回面白い 映画で描かれる 善悪 の垣根の低さを何気に浮き彫りにしてるから  
2022-12-16 02:46:59,ん  
2022-12-16 02:47:19,ヒデちゃん絶対大丈夫やのになーw 
2022-12-16 02:47:20,ヒデさん事件ね
2022-12-16 02:47:21,ヒデさん事件から色々考えるようになったwww 
2022-12-16 02:47:29,ヒデ問題に行くやんw 
2022-12-16 02:47:51,ヒデちゃんのあれ岡村さんの中ではもう 事件 なんだ 笑  
2022-12-16 02:48:06,creepy nutsの二人はキムタクのことアニキムって言っているけどね
2022-12-16 02:48:21,伊藤英明さんだけ兄貴w 
2022-12-16 02:48:29,兄さんメッセンジャー黒田さんじゃんw 
2022-12-16 02:48:30,師匠って呼ばれることもあり得る年齢 芸歴ではあると思うけどねぇ
2022-12-16 02:48:31,とらキッチンさん0通目  
2022-12-16 02:48:46,確かにこの歌よく聞くわw 
2022-12-16 02:48:48,この番組的には竹内まりあ ターキーパーティ
2022-12-16 02:48:51,チコちゃん お正月spでフルネーム呼び楽しみにしてますね 
2022-12-16 02:49:06, クリスーマスが勝手にやって来るー
2022-12-16 02:49:19,ステキなホリデイだっけ
2022-12-16 02:49:21,伊藤英明さんの兄貴話はホントに面白いw 
2022-12-16 02:49:22,伊藤英明さんかアニキと呼ぶの面白い
2022-12-16 02:49:24,とらキッチンさん 本日0通目   
2022-12-16 02:49:29,ナイナイ キムタク  木村拓哉 ん ちょ 待てよ    
2022-12-16 02:49:30,メッセンジャーの黒田さんは兄さん呼びでしょww 
2022-12-16 02:49:31,子供がサンタ
2022-12-16 02:49:37,竹内まりやさんの すてきなホリデイ ですよ 
2022-12-16 02:49:40,cmでお馴染みの曲だ  
2022-12-16 02:49:55,ホームアローンはツーまでマコーレ カルキンとちゃうん 昔のフライデーチャイナちゃうんのコーナーのネタはがきは何故かずっと覚えてる 
2022-12-16 02:50:04,ガチ照れの話する時は標準語になるおかちん
2022-12-16 02:50:06,お子さんがサンタ
2022-12-16 02:50:07,確かに竹内まりやさんのこの曲クリスマスシーズンになるとよく聴くね笑 
2022-12-16 02:50:07,この曲とターキーパーティーとのセットなイメージ
2022-12-16 02:50:17,竹内まりやさんだっけ ケンタッキー
2022-12-16 02:50:20, すてきなホリデイ 竹内まりや
2022-12-16 02:50:26,サンタクロースが登場するの何歳くらいからなんだろう0歳辺りかな  
2022-12-16 02:50:40, 素敵なホリデイ 竹内まりや
2022-12-16 02:50:41,岡村さんの 子供がサンタやねん が微笑ましい  
2022-12-16 02:50:46,岡村サンタの登場はまだ 矢部サンタはどうなる  
2022-12-16 02:50:46,岡村家に訪れるサンタはさんまさん    
2022-12-16 02:50:54,うわあ 岡村家のはじめてのクリスマス 岡村家にサンタが  うわー
2022-12-16 02:50:54,ケンタッキーのcmで流れますね
2022-12-16 02:50:55,子どもがサンタ
2022-12-16 02:51:00,子供がサンタ  ー  ノカワエー岡村氏 もうトナカイした感じ        ヒュー
2022-12-16 02:51:04,
2022-12-16 02:51:04,子供がサンタクロース
2022-12-16 02:51:29,子どもがサンタクロース背の低いサンタクロース 
2022-12-16 02:51:40,サンタさんに何お願いしたんだろうか子供が見える岡村さんはσ      
2022-12-16 02:51:51,やべっちカレンダー  
2022-12-16 02:51:51,wii 
2022-12-16 02:51:52,岡村家のクリスマスはおこさんがサンタ岡村さんがトナカイ奥様がツリー
2022-12-16 02:51:53,ターキーパーリィーの回を思い出した 歌違うけど  
2022-12-16 02:51:55,初めてのクリスマス 岡村さんはトナカイ役に 
2022-12-16 02:51:56,背が低いサンタクロース
2022-12-16 02:51:56,お子さんがサンタさんって素敵
2022-12-16 02:51:59,wii   時代を感じさせるジングルだね
2022-12-16 02:52:01,他の人ならもっと高いのにと思いながら子供を高い高いしてあげる岡村さん想像したらほっこりした
2022-12-16 02:52:02,なんやほんわかな岡村家のクリスマス  
2022-12-16 02:52:04,wiiの時代w 
2022-12-16 02:52:04,やべっちカレンダー
2022-12-16 02:52:09,スマホも0ヶ月くらい充電してないわ
2022-12-16 02:52:12,微笑ましい会話 
2022-12-16 02:52:13,やべっちカレンダー
2022-12-16 02:52:14,男の子はまだいけるよ  女の子の方がもうわかってるくせにわかってないふりしてパパに演技もできちゃうから 笑  
2022-12-16 02:52:23,このジングルあったなw 
2022-12-16 02:52:26,
2022-12-16 02:52:31,今年の岡村家は子どもがサンタクロース
2022-12-16 02:52:32,  
2022-12-16 02:52:33,ジングルだけでもクリスマス気分 
2022-12-16 02:52:35,岡村さん 子供がサンタクロース 背の低いサンタクロースでやらせてもろてます やべっち  岡村さんの トナカイも背低いやん 
2022-12-16 02:52:42,それは 竹内まりあさんのすてきなホリデイです  
2022-12-16 02:52:42,お子様がサンタさんは可愛いな
2022-12-16 02:52:42,岡村さんの赤ちゃんのお話ほっこりする
2022-12-16 02:52:45,m 0審査員の話 一応話は来ました
2022-12-16 02:52:48,サンタさんジングル  wii懐かしい    
2022-12-16 02:52:52,コーナー やべっちカレンダー 
2022-12-16 02:53:03,電池持ちべらぼうに良すぎるw 
2022-12-16 02:53:07,竹内まりやさんのクリスマス定番ナンバーですね タイトルなんだっけな    
2022-12-16 02:53:09,wiiおやすみジングル
2022-12-16 02:53:13,パパチャリさん 本日0通目   
2022-12-16 02:53:13, m 0審査員の話 一応話は来ました w 
2022-12-16 02:53:14,とらキッチンさん0通目     
2022-12-16 02:53:15,こ こ こどもがサンタ 私がトナカイ 妻がツリー まだパパという現実に慣れない でもほっこり
2022-12-16 02:53:16,岡村さん高い高ーいしてるのね
2022-12-16 02:53:23,サンタさんだ  
2022-12-16 02:53:35,お子さんがサンタさん
2022-12-16 02:53:39,m 0審査員の話一応話が来ましたwww  
2022-12-16 02:53:42,懐かしジングル wiiの時代か 
2022-12-16 02:53:43,やべっちカレンダー
2022-12-16 02:53:50,0年後に美輪w 
2022-12-16 02:53:51,wiiかswitchの前の世代
2022-12-16 02:54:02,   
2022-12-16 02:54:09,とらキッチンさん 本日0通目   
2022-12-16 02:54:19,誰   
2022-12-16 02:54:25,お子さん サンタ父 トナカイ母 ツリー岡村さん しっかりお父さんしてるね
2022-12-16 02:54:27,0年後に美輪さんポジに落ち着くw 
2022-12-16 02:54:31,mー0の審査員の話 一応話が来ましたwww 
2022-12-16 02:54:37,0年後は美輪明宏のポジションにwww  
2022-12-16 02:54:43,クリスマスが近づいています矢部 お子さん初のクリスマスちゃうの サンタなるん  岡村 ウチはまだ子供がサンタ 岡村さんはトナカイだそうです 微笑ましいエピソード  pcスマホで聴けます   
2022-12-16 02:54:47,0時間あっとゆーま
2022-12-16 02:54:52,着たら体重減るダウン
2022-12-16 02:54:55,何か曲名についてが流れてしまったので 一応  竹内まりや  すてきなホリデイ  アルバム bon appetit   0年0月  シングル ノスタルジア  0年0月 収録   
2022-12-16 02:55:13,うのちんwwwwww 
2022-12-16 02:55:21,本日は 中途半端やなぁスペシャル と題しまして0時間ブチ抜きでやらさせて頂きました
2022-12-16 02:55:27,わあ ドンカマさん  
2022-12-16 02:55:33,エンディング
2022-12-16 02:55:35,エンディング
2022-12-16 02:55:38,たむけん 芸人引退撤回 
2022-12-16 02:55:49,エンディングです曲はネクライトーキー明日にだって
2022-12-16 02:55:58,雨は夜更け過ぎに 雪へと変わるだろ
2022-12-16 02:56:00,あっという間にエンディング
2022-12-16 02:56:03, 点取り占い 採用された皆さんおめでとうございます  
2022-12-16 02:56:12,安定の平場 星野さんのチーズ牛丼をネチネチ言っていたら 若いリスナーから w杯で何を学んだ と挑戦しない姿勢をこっぴどく言われw紅生姜世代と頭大盛チーズ世代がタイムラインで歩み寄れたハートフルラジオでしたねwついに来週 岡 0が今年もやってくる 
2022-12-16 02:56:40,これで通常コーナーの放送は今年最後ということですね今年も笑わせて頂き職人の皆様ありがとうございました
2022-12-16 02:56:56,たむけんは芸人をやめへんでー     
2022-12-16 02:57:00,スマホも0ヶ月充電してないわwwww 
2022-12-16 02:57:30,チャレンジすること大事
2022-12-16 02:57:40,年内石田教授はいらっしゃらないんですね
2022-12-16 02:57:45,岡村おじいちゃんの場合デジタル機器に謎のトラブル起きて振り回されるのがw 
2022-12-16 02:57:45,なんかいい話どこまで上手くなるんかな
2022-12-16 02:57:47,岡村氏は機器を自分で管理してないので弱すぎる 笑  
2022-12-16 02:57:56,俺の着てるダウン軽過ぎて 着たら体重ちょっと減んねん
2022-12-16 02:57:56,がんばれ
2022-12-16 02:58:00,わーわー言うとりますお時間ですさようなら岡村さん 矢部さんお疲れさまでしたm    m来週は岡ー0たのしみぃー
2022-12-16 02:58:00,俺0年後 美輪明宏みたいなポジションにいると思うねん
2022-12-16 02:58:00,わーわー 来週は遂に 岡 0グランプリ お疲れ様でした  
2022-12-16 02:58:00,わーわー言うとります お時間です さようなら お疲れ様でした  
2022-12-16 02:58:00,わーわ言うております お時間です さようなら
2022-12-16 02:58:00,食べたことないしチーズ牛丼食べてみよかな わーわー
2022-12-16 02:58:00,わーわー言うとります お時間です さようなら ナインティナインさん スタッフの皆さん リスナーの皆さん今夜もお疲れ様でした 来週は岡 0グランプリよろしくお願いします 
2022-12-16 02:58:01,わーわー
2022-12-16 02:58:01,今日も楽しい生放送おじさんvsリスナーの応酬は面白かったけどなぁさぁ来週は岡ー0だし楽しみだではさようなら
2022-12-16 02:58:01,わーわー言うとりますお時間ですさようなら     スヤァ 
2022-12-16 02:58:02,来週はspウィーク 絶対に聴くよーに わーわーゆーとりますお時間ですさようなら
2022-12-16 02:58:04,
2022-12-16 02:58:07,来週は
2022-12-16 02:58:09,わーわー
2022-12-16 02:58:09,わーわー言うとりますお時間ですさようなら
2022-12-16 02:58:10,チャレンジと挑戦は大事よ
2022-12-16 02:58:13,感動をありがとうございました
2022-12-16 02:58:24,わーわー言うとりますお時間ですさようなら
2022-12-16 02:58:26,わーわー言うとりますお時間ですさようならお疲れさまでした
2022-12-16 02:58:28,ワーワー言うとりますお時間ですさようなら  
2022-12-16 02:58:31,年内ラストの通常放送 とても良きでした 来年以降のコーナー 縁ありますように 来週は岡0 楽しみにしています わーわー言うとります お時間です さようなら
2022-12-16 02:58:37,0時間お疲れ様でした 来週岡 0グランプリ わーわー言うとりますお時間ですさようなら
2022-12-16 02:58:38,岡村さん 親目線だなw 
2022-12-16 02:58:38,わーわー言うとります お時間です さようなら お疲れ様でした 
2022-12-16 02:58:39,わーわーいうとりますお時間ですさようなら  
2022-12-16 02:58:41,わーわー言うとりますお時間ですさようなら   
2022-12-16 02:58:41,わーわー言うとります お時間です さようならお疲れ様でした
2022-12-16 02:58:44,わーわー言うとりますお時間ですさようなら
2022-12-16 02:58:50,ワーワー言うとりますお時間ですさようならお疲れ様でしたー  
2022-12-16 02:58:51,わーわー皆さまおやすみなさい  
2022-12-16 02:58:52,チーズ牛丼の回わーわー言うとりますお時間ですさようなら
2022-12-16 02:58:53,わーわー言うとりますお時間ですさようなら
2022-12-16 02:58:54,ワーワー言っております お時間です さようなら 今週もお疲れ様でした来週はいよいよ岡 0グランプリ開催  
2022-12-16 02:58:59,わーわー言うとります お時間です さようなら 岡村しゃん やべっち 今週も生放送お疲れ様でした また来週も楽しみです今週もネタもトークも面白かった 来週のspwの岡 0も出川さんとの特別企画も楽しみ   
2022-12-16 02:59:01,わーわー言うとりますお時間ですさようならお疲れ様でした  
2022-12-16 02:59:03,わーわー言うとります お時間です さようなら   
2022-12-16 02:59:03,
2022-12-16 02:59:03,お時間です
2022-12-16 02:59:05,ワーワー言うとりますお時間ですさようなら
2022-12-16 02:59:05,わーわーお時間さようなら来週は岡 0gpですね 職人の皆さんも一休みできますねお疲れ様でした  
2022-12-16 02:59:07,来週は岡 0グランプリわーわー言うとります お時間ですさようなら  
2022-12-16 02:59:12,わーわー言うとりますお時間ですさようなら今週もお疲れ様でした 来週は年に一度の岡 0グランプリ 楽しみにしています   
2022-12-16 02:59:15,わーわー言うとりますお時間ですさようなら
2022-12-16 02:59:16,わーわー言うとります お時間です さようなら 来週はいよいよ岡 0グランプリ 今年も楽しみです 
2022-12-16 02:59:17,お疲れ様でした  
2022-12-16 02:59:20,わーわーいうとりますお時間ですさようなら
2022-12-16 02:59:23,ヒーヒー言うております
2022-12-16 02:59:24,わーわーいうとりますお時間ですさようならお疲れ様でした
2022-12-16 02:59:33,わーわー言うとりますお時間ですさようなら
2022-12-16 02:59:33,ありがたくも明日も休み今夜は仕事を心配する事無く最後まで聴けて良かった 来週こそ最後まで聴きたいのだけれどね 俺の今夜のツイートは昔話ばかりなのを恥じる金曜日 みなさん無事故でケガ無くご安全に わーわーいうとります お時間です
2022-12-16 02:59:34,わーわー言うとります お時間です さようなら 
2022-12-16 02:59:35,わーわー言うとります お時間です さようなら  
2022-12-16 02:59:43, わーわー言うとります  お時間です   さようなら  
2022-12-16 02:59:48,わーわー言うとりますお時間です さようならお疲れ様でしたー 
2022-12-16 02:59:52,わーわー言うとります 岡村隆史絶賛  祖父との会話は宝物 そんな素敵なミステリー お時間です さようなら     
2022-12-16 02:59:53,わーわー言うとります お時間です さようなら
2022-12-16 03:00:02,わーわー言うとりますお時間ですさようなら チャレンジ がキーワードの0時間だった気がする リスナーの皆様お疲れ様でした  
2022-12-16 03:00:05,わーわー言うとりますお時間ですさようなら
2022-12-16 03:00:07,お疲れさまでした 
2022-12-16 03:00:08,矢部 わーわー言うとおります  岡村 お時間です  矢部 岡村  さようなら    来週はスペシャルウィークです  
2022-12-16 03:00:08,わーわー言うとりますお時間ですさようなら
2022-12-16 03:00:10,わーわー言うとります お時間です さようなら   
2022-12-16 03:00:10,寝落ちしちゃった明日また聴きますおやすみなさい
2022-12-16 03:00:15,わーわー言うとりますお時間ですさようなら
2022-12-16 03:00:19,チャレンジと挑戦は大事
2022-12-16 03:00:30,わーわー言うとりますお時間ですさようならみなさんおやすみなサイ tlお騒がせしました   
2022-12-16 03:00:40,わーわー お疲れ様でした 
2022-12-16 03:00:41,わーわー言うとりますお時間ですさようならナインティナインのオールナイトニッポンまた来週またね  
2022-12-16 03:00:41,オジサンです じゃなかった お時間です
2022-12-16 03:00:43,わわ言うとります お時間です さようなら お疲れ様でした今週も 楽しかったです 来週の岡 0楽しみにしています
2022-12-16 03:00:47,r0はジョイマンが前説だったんですね 岡村さん 来週までにチーズ牛丼食べてくるかな 笑 最後にワールドカップを見て努力してる小学生の子を見かけた 岡村さんのいい話が来週の岡 0グランプリ楽しみにしてますね 
2022-12-16 03:00:55,やべっちカレンダースマホもう0か月くらい充電してないわm 0審査員の話 一応は話は来ました俺の着てるダウン軽すぎて 着たら体重ちょっと減んねん俺0年後 美輪明宏みたいなポジションにおると思う
2022-12-16 03:00:56,お疲れ様でした   o    
2022-12-16 03:01:03,岡村家のクリスマスのエピソードが聞けるなんてこれは岡村家のはじめてのディズニーランドもそう遠い未来じゃないよなあうわあ すごい
2022-12-16 03:01:09,わーわー言うとりますお時間ですさようなら
2022-12-16 03:01:10,わーわーいうとりますお時間ですさようなら  
2022-12-16 03:01:13,この後もパーティーは終わらない    
2022-12-16 03:01:23,つか知らぬ間にこのコーナー終わってて草ここのパート寝落ちてたんで明日tfする    
2022-12-16 03:01:30,チャレンジと挑戦は大事
2022-12-16 03:01:39,今年最後の平場 もう岡0の時期 0年早いねおつかれさまでした  
2022-12-16 03:01:48,ありがとうございました  
2022-12-16 03:01:49,お疲れ様でした 今年もあと0回 夜はだいぶ冷え込むようになったんで 体調に気をつけたいです それではおやすみなさいませ
2022-12-16 03:01:51,
2022-12-16 03:01:52,
2022-12-16 03:01:52, 0度目の採用岡村さん 子供がサンタ 奥さんがツリー 僕トナカイ 
2022-12-16 03:01:53, 0度目採用 0年後 美輪明宏 さん みたいなポジション
2022-12-16 03:01:54,
2022-12-16 03:01:54,
2022-12-16 03:01:57, わーわー言うとります  お時間です  さようなら ナイナイさん スタッフさん リスナーさん お疲れさまでした 来週はいよいよ岡 0グランプリ 楽しみにしてますわたしはチーズ牛丼 食べてみようかな  また来週
2022-12-16 03:02:17,お疲れ様でしたー    
2022-12-16 03:02:40,わーわー言うとります お時間です さようなら 今年ラスト通常放送お疲れさまでした来週は岡ー0楽しみにしてます 
2022-12-16 03:02:40,0つも採用ありがとうございましたわーわー言うとります お時間です さようなら 
2022-12-16 03:03:08,今週も面白かったです チーズ牛丼のメール情報から一気に二人揃って師匠みたいになるのが楽しかったです 来週の岡 0も楽しみにしてます  ミキ昴生 女子高生のイントネーション が0連覇達成できます様にわーわー言うとりますお時間ですさようなら
2022-12-16 03:03:35,ボーナス支給日だ     
2022-12-16 03:03:36,俺の着てるダウン軽すぎて着たら体重ちょっと減んねんww 
2022-12-16 03:04:35,ちなみに 中途半端やなぁ と言ってたのは富好じゃなくて大西のほう 
2022-12-16 03:04:41,来週は0 0は
2022-12-16 03:04:47,矢部さん 岡村さん お疲れ樣でした 公園でサッカーもスケボーも出来ない日本で 今後の発展は有るのかな 
