created_at,texts_by_minute,average_similarity
2022-12-13 01:00:00,"['', '', '', '', '', '', '', '', '', '', '', '', '', '', '', '', '', '', '', '', 'Creepy Nutsのオールナイトニッポン | ニッポン放送 | 2022/12/12/月  25:00-27:00     ', '', '', '', '', '', '', '', '', '', '', '', '', '', '', '', '', '', '', '', '', 'Rさん、松永さんこんばんは ', '', ' ', '', '', '', '', '', '', '', '', '', '', '', '', '', '', '', '', '', '', '', '', '', '', '', '', '', '', '', '', '', '', '', '', '', '', '', '', '', '', '', '', '', '', '', '', '', '', '', '', '', '', '', '', '', '', '', '', '', '', '始まりました！！   ', '', '', '', '', '', '', '', '', '', '', '', '', '', '', '', '', '', '', '', '', '', '', '', '', '', '', '', '', '', '', '', '', '', '', '', '', '', '', '', '', '', '', '', '', '', '', '', '', '', '', '', '', '', '', '', '', '', '', '', '', '', '', '', ' ', '', '', '', '', '', '', '', '', '', '', '', '', '', '', '', '', '', '', '', '', '', '', '', '', '', '', '', '', '', '', '', '', '', '', '', '', '', '', '◆第238回スタート◆  【番組名】 ニッポン放送 「Creepy Nutsのオールナイトニッポン」  【放送日時】 毎週月曜日 深夜1:00〜3:00  【公式HP】    ', '', '', '', '', '', 'しゃあ！今週はバッチリラジオくれぇぇぇぇ！📻  ', '', '', '', '', '', '', '', '', '', '', '', '今年の一文字  戦   ', '', '', '１週間はーやっ。   ', '', '', '', ' おいでよされた気がした', '', '', '', '', '', '', '', '', '', '', '', '', '', '', '犬？ ', '', '', '', '', '', '', '']",0.987963402318576
2022-12-13 01:01:00,"['', '今年の漢字は 『 戰 』  ', '', '', '', '今年の漢字「戦」 ', '', '', '', '', '', '', '戦  ', '', '', '', '', '', '', '', '', '', '', '', '', '今年の漢字は『戦』 ', '', '', '韻   ', '韻 ', '', '', '', '', '', '', '', '', '', '', '', '', '', '', '', '', '', 'Creepy Nutsのオールナイトニッポンなう(2022/12/13 01:00:34) 聴いてる🐱    ', '', '', '', '', '', '', '', 'Creepy Nutsのオールナイトニッポン | ニッポン放送      Nuts   ', '', '今年の漢字の話題を振られてもここ3,4年くらい韻で凌いできたRさん ', '', '', '', '', '韻でしのぐRさんwww ', 'Creepy NutsのR-指定さんとDJ松永さんで生放送。今夜は2人？\u3000今夜も2人。今年の漢字の話から。', '', '', '今年の漢字は戦 ', '', '', 'Creepy Nutsのオールナイトニッポン | ニッポン放送      Nuts   ', 'おっ、オープニングは「ことしの漢字」！', '今日は起きてる！ ', '', '今日ミヤネ屋で観ました😊✨', 'Rさんここ3、4年は 『 韻 』でしのぐ ', '', '戦 ', '「韻」でしのぐw ', '', '', '無敵の漢字:韻 ', '', '', '', 'ラッパーの韻は無敵すぎる(笑 ', '今年の漢字 ', '超久々にリアタイ😊 ', '', 'チェケラッチョ🤘😎🤘   ', '', '', '', '今年の漢字は？で韻でしのいでるR 皿、擦（る）では最悪だと思っている松永  ', '', '', '', '「今年の漢字」といえば菅田将暉ANNを思い出すなあ ', '', '', '', '', '', 'ラッパーの『韻』は当たり前なんだわw ', '', '']",0.9177348911762238
2022-12-13 01:02:00,"['', '', '', '', '', '韻は無敵すぎw  ', '今年の漢字「戦」  ', '今年の漢字…「韻」でしのぐ笑 ', '', '韻で凌ぐw ', '', '繋   ', '今年の漢字「戦」 ', 'ここ3、4年は「韻」で凌ぐR-指定 ', '韻でしのぐw ', 'ずっと「韻」。  ', 'ここ最近は韻 ', '韻  ', 'Creepy Nutsのオールナイトニッポン | ニッポン放送      Nuts   ', '今年の漢字、SixTONESも話してたけど芸能人はみんな聞かれるんですね ', '', '', '韻でしのいでるwwww  ', ' リアタイ久しぶり〜☺️', '', '韻で凌ぐｗ ', 'ラッパーにとって今年の漢字は｢韻｣🤣w ', '『今年の漢字』\u3000', '韻  ', '「韻」で凌いでる笑  ', 'ここ3.4年韻で凌ぐ野上恭平ｗｗｗｗｗ ', '「韻」で凌ぐ笑 ', '「擦」  ', '', 'DJを表す漢字「皿」「擦」 ', '韻  ', '今年の漢字 「韻」Ｒさん最強 「皿」松さん… ', 'ここ三、四年は一年の漢字「韻」w  一生使えるw   ', '', '「皿」 ', 'ラッパーは韻\u3000 ', '戦なんだー ', '', '', '', '「韻」と「皿」 ', '今年の漢字「韻」でしのぐ ', '「皿」 「擦」', 'CreepyNutsのANN  ', ' 出遅れましたが😅', '『韻』『皿』 ', 'ここ3年は韻で凌いできたww  ', '今年の漢字「戦」   ', '「皿」「擦る(=チェケラッチョ)」 ', 'Rさんは「韻」でしのぐ(笑)  ', '', '韻 ', 'リアタイするために仮眠とって準備満タン🙆 ', '', '「韻」はズルいw  ', '']",0.7760794589916865
2022-12-13 01:03:00,"['今年の漢字 やっぱりきた！  ', '今年の漢字、2人はずっと皿と韻 ', '繋 はオフィシャル過ぎる   ', '「韻」「擦」  ', 'Rさんの今年の漢字は今後一生「韻」 ', '  皿と擦る以外でDJを表す漢字、「繋」だとピースすぎるw', '生きる＝韻 ', '', '今年の漢字「韻」が毎年w いいなーかっけー！ ', '皿と擦る🤔繋ぐ、今日は平和なのね ', '今日は出来る限りリアタイするか ', '皿と擦る以外でDJを表す漢字とは\u3000', '松永さんは松でいいじゃん ', '松永さんは「皿」「擦」 ', '', '「皿」 「擦」  ', '「『韻』で凌いでる」\u3000', 'Rさん「韻」 松永さん「皿、擦」w  ', '最初は清水寺の漢字からですね😁 Rさんは「韻」いつでも使える(笑) 松永さんは「皿」「擦」(笑)お？「繋」も？  ', '「繋ぐ」だとピース過ぎる ', '', '', 'Rさんの今年の漢字はずっと「韻」 80年いける！ ', 'HIP HOPというかMCバトル的には戦極の戦だと思うんですがどうでしょう？ ', '', '', '今年の漢字 韻でしのぐラッパー さてDJは？ ', '', '', '皿、擦 ', 'Rさん、今年の漢字はここ3､4年は『韻』でしのいでる。笑  ', '今年の漢字は韻で乗り切るRさん ', '皿・擦＝DJ ', '出遅れた ', 'コーヒー飲んでしまい眠くない！リアタイ！ ', '', 'クリーピーナッツの今年の漢字は？ R｢俺はここ数年ずっと『韻』で凌いできた｣ 松｢それいいなあ～～向こう80年くらい使えんじゃん！｣ ', '', '「繋」ピースすぎる  ', '今年の漢字  指定さん→韻 松永さん→皿  あとはー？   ', '', '繋ぐだとPeaceすぎる ', '今夜は寝落ちしそう😏 今年の漢字「戦」から Rさん\u3000韻   生きると同義✨ 松永さん\u3000擦、皿 繋はPEACEすぎるオフィシャル感の不満ww  ', '今年の漢字「皿」\u3000', '強気な白紙w ']",0.737548287619244
2022-12-13 01:04:00,"['真摯に向き合った白紙  ', '韻、皿、擦、繋。 ', '今年の漢字 Rさん「韻」 松永さん「皿」「擦」「繋」   ', '一文字が浮かばない   ', '', '白紙の哲学 ', '松永さんを表す漢字、「音」だと思ってる ', '', '松永｢今年の漢字、『\u3000』｣ ', '去年めざましインタビューで「ことしの漢字」を聞かれてたふたり。松永は思い浮かばず白紙回答 ', '白紙回答(哲学)  ', '白紙回答は哲学 ', 'まあまあな時間使って考えるも結局何も思い浮かばず白紙解答だった松永 Rが書いてくれて何とか  ', '白紙回答\u3000 ', 'さすがﾏﾂさん白紙回答ｗ ', '哲学？ww  ', 'タブラ・ラサじゃん ', '白紙回答は哲学ww ', '', '『韻』でしのげるRさんと昨年『\u3000』になってしまった松永さん  ', '松永さんは「尿」でいいじゃん おしっこネタでたまアリまで行ったんだから\u3000', '', '食べながら聴いてます♪   ', '今年の漢字、白紙回答は哲学 ', '', '白紙回答 哲学w  ', '去年のめざましテレビの「今年の漢字」に白紙回答してしまったお松さん  ', '白紙回答www さすが！ ']",0.6872211716793202
2022-12-13 01:05:00,"['イメージ商売 ', '「白紙回答は哲学」\u3000', '白紙回答 ', '「『繋』だとオフィシャル過ぎる」？ ', '保険で持ってた方がいい。 あなたの一文字。 ', 'その場の人たち全員困惑(白紙回答) ', '今年の漢字大喜利はムズい ', '白紙回答は哲学。笑  ', '白紙は哲学  ', '', '「答えは沈黙」的な？  ', '空白を想像させた松永さん(笑) めざまし覚えてナイ・・・。  ', '', '', '365日を1字で表すって無茶苦茶かも。  ', '漢   ', 'お松さんイグナッツでも白紙回答(怖い話しない)してたw ', '漢 ', '', 'まあ、何かしら書かんとダメよね  ', 'イメージ商売。笑 ', '漢字の漢😂 ', '', '真摯に向かいすぎ ', '', 'ヒドイwww ', '真面目なんですね😊✨松永さん😊✨ ', '奏とか ']",0.6760174455466094
2022-12-13 01:06:00,"['漢 真の男  ', '真摯に向き合った結果なにも思い浮かばない松永さん。。。笑 ', '松永さん、めざましテレビの取材で白紙回答だったの😂 ', '今年の漢字 白紙回答は哲学 イメージ商売なので ', 'ちゃんと向き合うからこそ出ないのかぁ。 一瞬だと出たね😂 ', '', '「漢」 ', '松永さん真面目だから 考え過ぎちゃうんだね ', '白紙回答🤣 ', '', '白紙解答はどうあれ、正直人間が好き ', '叺（かます） ', '今浮かぶ漢字は？ 松永「漢字の「漢」」', 'めざましTVで今年の漢字をインタビューで白紙回答になりかけで事故る寸前ww  ', '菅田将暉＝今年の漢字なんでもいける CreepyNuts＝今年の漢字ぜんぜんいけない ', '漢字の「漢」！笑 ', 'ツアーした。  埼   か  玉   ', '漢(おとこ) ', '漢 カッケェ ', '漢www ', '取材はちゃんと向き合ってちゃんと思いつかない  ちゃんと向き合って✨ ', '漢字の漢😂 ', 'パッと出てくるの漢字の「漢」w ', 'Creepy Nutsのオールナイトニッポン │ ニッポン放送      Nuts   ', '松永「漢字の『漢』」 ｗｗｗｗｗｗｗｗｗｗｗｗｗｗｗｗｗｗｗｗ ', 'さいたまスーパーアリーナお疲れ様でした(*´ω`) Creepy Nutsの今年の漢字は｢埼｣か｢玉｣ ']",0.6520738577842713
2022-12-13 01:07:00,"['今の漢字 漢字の漢（おとこ？）  ', '漢字の｢漢｣と書いて、｢おとこ｣🤣w ', '「漢字の『漢』」\u3000', 'DJをあらわす漢字が皿、擦、以外にあるのか問題について。 松｢繋……つなぐ？｣ 松｢ちょっとPeaceすぎるな｣ めざましの取材で聞かれたときはなんと白紙回答してしまったwww ', '「漢」ww  ', '', 'さいたまの埼か、たま！笑  ', '漢字一文字で思いつく漢字 「漢」  ', '思いついた事から意味付けるのはRさんの真骨頂よね  ', '真面目だなぁ。松永さん...   ', '漢おとこ ', '埼玉のたま🤣w。', '松永「俺らって、今年何した？？？」 R「しましたよ？？ツアーとか！」', '埼 ', '答えることに真摯に向き合い過ぎなんだろうなぁ ', '埼玉の、埼…？ｗｗｗｗｗ ', '今年の漢字、【埼】【玉】 ', 'パッと思いついた漢字、漢字の「漢」ww ', '「漢」笑笑笑笑 ', '今年はツアーした  ', '今年の漢字「漢(おとこ)」', '埼玉の「埼」or「玉」笑 ', '今年の漢字『漢(おとこ)』www   ', 'うわぁ！！懐かしいそれ！！  ', '俺たち今年何した？ ツアーした さいたまスーパーアリーナで…埼玉の埼！玉でもいい ', '埼か玉ｗ ', '俺ら今年何してたっけ？w ', '玉は大正解なのよ ', 'リスナーが漢字送って、松永さんとRさんが理由をこじつけるコーナーやりたい。  ', '全部に理由付けれる   ', '今年の漢字 「…か、漢字の“漢”」 ', '埼玉の埼 玉でもいい  ', '｢埼｣ ｢玉｣ ', '俺らって今年何した？ ツアーした ', 'でもいいってなんだよw  ', '俺らって今年なにした？ ', '', '懐かしすぎてエモエモ  ']",0.7343691216932761
2022-12-13 01:08:00,"[""菅田将暉凄いな。流石だな( 'ω') "", '菅田さん、この時期にしてたなぁ なつかしい  ', 'Rさんは、埼玉の埼！ ありがとうございます😀 ', '自分には「戦」じゃなくて伐採の「伐」にしか見えなかった。  ', '懐かしっ ', '埼玉の「埼」「玉」さすがRさん上手く言葉でフォロー！  ', '菅田さん無敵だなー ', '出た！菅田将暉の特技「今年の漢字」 ', '菅田将暉の特技は、どの漢字を言われても全部に理由が言える by福田さん ', '「埼」 「玉」でもいいw ', '出た菅田さんの謎の特技😂 ', '漢 いわゆるR指定  ', '多分どの漢字にしてもRさんが理由を後付けしてくれると思います笑  ', '埼玉の埼か玉。笑 ', '懐かしい、あったなあーそのノリ笑  ', '逆菅田 ', 'この今年の漢字大喜利菅田将暉がいっちゃん上手いんだよな  ', 'Rさんの模範解答「埼」の答えがラジオスタッフからオッケーが出る ', '「埼玉の『埼』……『玉』でもいいよ」\u3000', '今年の漢字「漢」、または「埼」か「玉」 ', 'また菅田さんの話題😊💖💕✨大好きなのね😆💖💕✨ ', ' ', '引き継ぐの?  ', '確かそんなのあったな ', '確かに、たまアリは今年の集大成感あったよな、、、🥺 ', '菅田さんのラジオでやってたね〜 懐かしいなぁ  ', '菅田さんの特技なにそれ笑  ', 'なんだその菅田の能力wwwww  ', 'なつかしいww ', 'いやいや、菅田さんのそんな大したもんじゃないよ笑笑   ', '今年の英単語笑  ', 'だぴちすごいなぁ アンミカさんみたいだなぁ  ', '「今福田さんから教えてもらった、菅田将暉は今年の漢字なに言われても理由つけれんねんて」 ', 'そういえば菅田くん、そんな能力あったな 懐かしい  ', '菅田さんのやつ懐かしいな  ', 'Ｒさんの閃きスルスル出てすごい ', '武道館とたまアリを同年しかも2ヶ月連続って相当だと思うんだけど ', '「玉」でいいじゃん そうだね 不気味な金玉だしな… ']",0.7988882306459788
2022-12-13 01:09:00,"['菅田さんの今年の漢字芸懐かしいwwwwwwww  ', '菅田さんの今年の漢字の流れ懐かしい笑 ', '菅田さんは全てに理由を言える特技  ', '今年の英単語😂   ', '菅田さんがやってたなー 特技、今年の漢字！ ', 'まって！やってたなー！菅田さん！！なつかしいー！！って声出た😭😭😭😭あああ恋しい😭😭😭  ', ' では漢字無双だった菅田くん creepyというか松永さんが、、🤣  ', '菅田くん、凄いな😀 ', ' は『韻』 ', '確かに凄かったけど   ', '菅田さんの特技懐かしいwww ', '今年の英単語w ', '菅田くんの特殊能力www ', '菅田将暉はなんでもこじつけれる ', 'めっちゃ思ったwww 菅田将暉ANNトーク思い出した😂  ', '', 'それ結構フリースタイルに必要な能力よね 菅田いけるんか  ', '何を言われてもその理由を言える特技を持つ菅田将暉  ', 'こじつけ能力草 ', '松\u3000俺らって今年何してた？ 漢字のために振り返る さいたまスーパーアリーナやった  「埼」Ｒさんはどんどん言葉が出てくる 菅田将暉も同じ才能あり、英語でもイケル ', '「ぜんぶに理由をこじつけれる」\u3000', 'しゅだぴの特殊能力懐かしい！ ', 'そんなしっかりやってないよ  ', '松「バカだ」  ', '菅田さんの特技あったなぁ、何でも理由つけられるやつ  ', '菅田さんの特技懐かしいなww ', '菅田さんの特技だったのか！ 「バカだ」松\u3000おーい！！！(笑)  ', 'バカだww  ', 'できるじゃんR  ', '菅田さんのこの流れ懐かしいなぁw ', '菅田さんのやつ懐かしい ', '「埼」     or  「玉」←ずっとじゃね？😂 ', '菅田将暉、すごい✨ ', '菅田将暉の特技「今年の漢字」  福田メモ（漢字は出てこない） R「漢字は？聞かれても漢字は出てこないんや」 松「バカだ、ああ、バカなんだ」 ', '菅田さんの懐かしww ', '2人とも色んな意味でバカでかいニュースあったし、アルバムの新鮮さは過去1 ', '菅田将暉 来てくれねぇかなぁ  ', 'Summer の理由  (ﾟ∀ﾟlll)oＯ〇(スゲェ…）😂😂😂   ', '今年の英単語😂 ', '', '菅田将暉の今年の漢字懐かしい……… ', 'しゅだぴち漢字説明くん懐かし ', '今年の英語 今年の英単語でもいける菅田将暉 ', 'あったなーその能力ww  ', '今年の英単語ｗ  ']",0.7837515446272764
2022-12-13 01:10:00,"['', 'あら、ツアーファイナルの話してくれたのかなこれは……そういうことにしよ😌(埼やら玉や ら) ', '漢字で一言やんけ  ', 'さすがしゅだぴち ', '懐かしいww確かに菅田将暉もやってたww今年の漢字w   ', '勉強できないかしこ ', '', 'それでいいんだw ', '', '山 ？   ', '', '', '菅田さん特技懐かしい ', '国王、真面目に今年の漢字考えてください ', '  菅田さんの特殊能力', '「英語もいける」\u3000', '菅田さんの特技、凄いなぁ\u3000 ', '', '今年の英単語www  ', 'いやでもかしこやで、あの高校は ', '菅田くんの話嬉しすぎる🤦\u200d♀️ ', 'Rさん賢だ!!!!!!  ', 'Rさん、カシコ👏👏👏', 'もぉ、次のSPWは菅田さん呼ぼうよ🤣w。 ', 'あー、本当に懐かしいなあ私のラジオ人生、お芝居大好き人生は菅田さんのANNから始まったんだ😭😭😭  ', '菅田のこじつけ能力高い！と思っていたけど漢字は出来ない。だけど英語はできる。謎！', '何かゲームが始まったw ', '  俺ら何した？ ツアーした🤗  もうちょい下さい🤩', '今年の英単語？？ 今年の〇〇に理由つけるのRさん絶対得意だよね  ', 'すげえRさん ', '菅田くんの漢字のやつ懐かしい〜 ', '今年の英単語w ', 'Rさんこじつけ上手いでしょう  ', 'まじでもうすぐ番組終了から1年だし菅田将暉ANN特番期待しちゃう時期に差しかかるなぁ ', '英単語もいけるww  ', 'がんばれ松永さん！もうちょい頑張ってこじつけていこ！！Rさん見倣って！！！╭( ･ㅂ･)و ', 'summer！summer！ ']",0.7122675726811091
2022-12-13 01:11:00,"['Rさん「summer」凄い！！！ さすがだな～！！！出てきますね！！！  ', '漢字ドリルではばか ', '今年の英単語 「summer」  ', '山 \U0001f7f0 新幹線から沢山見た  邦さん……🤣🤣🤣   ', 'あれから2年。その芸はちゃんと継承されてます。   ', '富士山が見えた思い出 修学旅行かな？ ', 'いくつか用意しておくといいのかも ', 'Rさんのこじつけ力 ', 'Rさん模範解答:夏\u3000も良かった！\u3000', '今年の英語！ やってた！確かにやってた！ 菅田さんの特技、懐かしいなー ベスト3言うのとかも懐かしいなー ', 'なら「頂」では？w ', 'Rさん繋げるの上手すぎるって…笑笑 ', '', '山 東海道新幹線によく乗る 富士山が見えたなという思い出  音楽という山を登っている途中  ', 'すごいなRさん ', '山…ガンバレ、松永さん‼️', '', 'Rさんもいけてる ', 'なんか卒論の想定質問対策を思い出してシンドくなってきた…  ', '月曜1部の引き継ぎ「紳士たれ」から8ヶ月の時を経て、特技「今年の漢字」が引き継がれ始めた ', 'Rさんの添削すごい◎  ', 'Rさん流石👏🏻✨✨✨ summerからの流れ、完璧！！ ', 'あーるさんのこじつけ能力の天才ぶりすごい ', '', 'やっぱ松永さんの聞くとRさん上手かった笑 ', 'Rさんの答え方が数学の定理の説明みたいでめっちゃ丁寧だったww  ', 'また菅田将暉の今年の漢字なんでもいけるやつ聞きたいな  ', '東海道新幹線🤣🤣🤣🤣   ', '突然のsummer ', '', 'なんか薄いよ…😂  ', 'Rくん、天才やわ。 ', '松永チャレンジ:山 東海道新幹線よく乗るんです。富士山よく観たなー。', '「山」 山なんですよね、あのー、よく乗るのが東海道新幹線、窓見ると山が、富士山が見えたなって思い出がありました！ ', 'Rさんも漢字も英単語もこじつけイケるぢゃん\u3000', '東海道新幹線好きね笑  ', '「山」 よく乗る東海道新幹線 富士山がよく見えたな  ', '静岡横に長いから､､､ ', 'すげえええええぇ ', '松永さん全然賢じゃないな笑笑  ']",0.7917324671378503
2022-12-13 01:12:00,"['新幹線の話しかないw ', 'Rさんこじつけ天才じゃん ', 'Rさん天才！  ', '松永さん、東海道新幹線とお茶と窓大好きかww(*ﾟ∀ﾟ) ', '東海道新幹線から窓見る話ばっかり笑 ', '今年の英単語は？ Summer 制作したアルバムの中から二曲を夏フェスでやった時に確かな感触を得たから  ', '東海道新幹線縛りなのw ', '今年の英語って何？😅 でも、それで答えられるさすが菅田くん😀また、ゲストに来て欲しいな😀 ', '', 'Rさん模範回答 ', '菅田さんと聖徳太子今年の漢字スタイルしてほしい  ', 'Rさんうますぎない？？？', 'Rさん相変わらず語彙力が凄いなぁ ', 'もはや漢字じゃないサマー 漢字に弱いから単語に振り替えたRさん😏 こじつけというか、説得力さすがやわぁ エピソードと感情を組み込む！なる😲  ', 'フリースタイル今年の漢字スタイル爆誕wwwwww ', '例えが「山」松永さんのこじつけも頑張った！ それ以上を出してくるRさん！！凄い能力！！  ', '松永さん真正面から向き合いすぎるんだろうな〜 ', 'まじで菅田さんと全く同じゲームしてるやん笑 ', '富士山見えたなって思い出がありまして  薄っwww ', '静岡ばっかりww ', 'インタビューというより面接感ある🤔  ', 'Rさん面接強いんだろうな ', '2問目！ 「茶」！', ' ', 'さすがフリースタイル王 ', 'Rさん凄い(笑)  ', '松永さんの喋り方が小学生の夏休みの作文みたいでかわいい///  ', '今年、新幹線の思い出しか無いのかw ', 'さすがRさん！  ', 'こじつけはRさんの右に出る者居ないだろ多分。完全にMCバトルのスキルだろうがよ。   ', '菅田ぴちすげぇ ', '松永さんの浅いやつも好きだよ笑  ', '出身地ディスられてる…？ お茶煮出したらアカンよ  ', '今年は東海道線新幹線をたくさん乗って、山いっぱい見ました(小学生の作文感笑)', '漢字一文字フリースタイルバトルだ ', '  Rさん、さすが！ 何でもいける😁', 'Rさんすごいな😂  ', '東海道新幹線しか記憶にないのか笑 ', '松永「あのー、東海道新幹線が」', 'また東海道新幹線w  ', 'Rさん凄すぎひん？ 本当に教祖様誕生しそう  松永さんは教徒でいよ笑  ', 'Rさん上手すぎるし、松永さんは下手すぎるw ', '松永さん東海道新幹線大好きじゃん ', 'こじつけの才能。 ', 'なんかゲームがはじまった🤣 ', '東海道新幹線から逃れられない松永さん ', '面接練習してるのか？？？？🤔  ', '「茶」 東海道新幹線(笑)  ', 'こじつけ感www  ', 'Rさんのフォロー能力すごすぎる ', 'Rさん、話の肉付け方が凄すぎる  ', '東海道新幹線ver.2 ', '東海道新幹線からじゃないとダメなの？笑 ', 'Rさん特技に追加で！  ', 'こいつの1年の思い出東海道新幹線だけやんｗｗｗｗｗ ', '静岡ばっかりw  ', '松永さん理由が全部東海道新幹線🤣🚅💨wwwwwww ', 'Ｒさんの頭の回転よ、ほぼラップ   ', 'Rさんもこじつけ上手 松「そりゃ優勝するわこの人」 ', 'Rさんうんま！ ', 'Rさん…松永さん…ちょっとナニ言ってるかわかんない\u3000', 'Rさん天才的だなぁ。  ', 'Rさん凄すぎ  ', 'R「音楽という山の頂」←上手すぎる 松「そりゃ優勝するわこの人…」 ', 'すぐ隣にプロがいた！']",0.7642581705003977
2022-12-13 01:13:00,"['松永さん よく乗るのが東海道新幹線だから今年の漢字は「山」', '新幹線から山がいっぱい見えたからww  ', '特に梅田サイファーにはこの手の遊び上手い人多そうやわw  ', '松永さんの「茶」 あのー……東海道新幹線！静岡通るんすよ！！静岡といえばお茶だな〜とか、思いながら、窓を見るんですね… ', '菅田さんの今年の漢字フリースタイル 触れてくれてる懐かしいな  ', '東海道新幹線・・・じゃないねん！   松永さんはむしろ上越新幹線なのでは。', 'いつか菅田さん呼んで「今年の漢字王決定戦」やろうよ！ ', '茶 ', '東海道新幹線ばっかりで草 ', '菅田将暉そろそろ月曜1部ゲスト来いよ〜 年末になったから特技「今年の漢字」やってくれよ〜 アバター公開されそうだから来てくれよ〜 頼むよ〜 ', 'まつながさんに添削出来ちゃうあーるさん天才だな🤔🤔🤔 ', '茶 東海道新幹線 静岡通るんすよ 静岡といえばお茶だなと思いながら窓を見るんですね  その時に思ったのがお茶の葉のように煮出して味が出るそんな楽曲を作っている。煮詰まることもある。才能がカラカラに枯れてしまったのかと思うことがある 芽を摘むことが仕事なのかな  ', '結局Rさんがフォローしてんじゃんｗｗｗ ', '同年代(菅田、松永、R)が月曜1時に変な特技を継承してる  ', 'ノリ付け足すwww  ', '東海道新幹線、万能。 ', '東海道新幹線好きすぎ笑 ', 'もうRさんいないとダメじゃんw  ', '年一でしか使えない特技「今年の1文字」  ', 'そりゃ３連覇しますわ。。。 ', 'Rさんすごいw ', '富士山、茶 静岡のことばっかりありがとう←  ', 'あーるさんさすがうっっまwww ', '最早もう今年の漢字 静か岡にしろよww ', '東海道線新幹線乗るんですよ、静岡通るんですよ、静岡といえばお茶だな～って。', 'Rさんすげえww ', '全部東海道新幹線😂 ずっと窓の外を見てるしwww ', '', '東海道新幹線から逃げれない😂   ', '上手だほんと ', 'Rさんすごすぎる。面接得意なんだろうな… ', '結論：Rさんと菅田さんは凄い(松永さんには無理だし東海道新幹線から逃げられない)  ', 'R劇場じゃんw  ', '東海道新幹線から逃げられないなぁ☺️ ', 'お松さんの薄い説明にRさんが味付け追加するの凄い(笑)  ', '東海道新幹線(2度目) ', '俺じゃ無理だ、R、すごすぎるって ', 'Rさんすごすぎ\u3000ゴンフィンガーです ', '菅田vs Rやろうよ  ', '松永くん、逆に東海道新幹線にこじつけられるんじゃない？ ', 'Rさん上手すぎて怖いwwww  ', '東海道新幹線好きやなwww ', '芽を摘むことが！うま すごすぎるって ', 'あーるさん大得意分野じゃん ', 'Rさん流石やわあ   ', 'Rさんさすが頭の回転が速い ', '福田さんありがとうらぶ  ', 'Rさんも凄いし菅田さんも凄い👏 ', 'こじつけ練習 お題は「山」 松\u3000移動で富士山見た Ｒ\u3000山を登るように  「茶」 松\u3000東海道新幹線で静岡通るんです Ｒ\u3000煮出す、新鮮なことの積み上げ  松さん目の前のことしか言えません ', '静岡の茶！うれしー ']",0.7691149687280461
2022-12-13 01:14:00,"['そんなに東海道新幹線大好きか  ', 'ﾊﾟﾁﾊﾟﾁﾊﾟﾁすげええ ', '菅田さんはできます  ', 'Rさんさすが。   そして菅田もできるw', '「茶」静岡と言えばお茶・・・松永さん🤭(笑) そしてやっぱり出てきますねRさん！流石！！！菅田さんラッパー？！(笑)  ', '・お題、今年の漢字「山」 よく東海道新幹線乗るじゃないですか、富士山がよく見えたなーって言う思い出www ・お題、今年の漢字「茶」 よく東海道新幹線乗るじゃないですか、静岡通るから、窓の外を見て〜www  松永さんのめっちゃ笑うwww ', '「茶」のRさん追加回答を聞いたまつなが 松永「俺じゃ無理だよ」', 'Rさんスゴすぎやって… ', '松「俺じゃ無理だ」  ', 'Rさん😆🎵🎶✨‼️漢字は書けないのに、フリースタイルで理由考える事は得意なのね😊🎵🎶✨ ', '全て東海道新幹線のことに結びつけてる松永さん😂 ', '「おれじゃむりだ」\u3000', '確かにラッパーならわかるけど菅田さんができるのはすごい(笑)   ', 'ちなみに今日昼ナゲットです(笑)  ', 'すごぉ…………… ', 'Rさん天才すぎるwww  ', 'ヨ！バトルMC日本一！そして菅田将暉！ ', '山🗻ねー ', '菅田さんもＲさんすごすぎるな…。 ', 'UberEATSでマック  マック🍔🍟 ナゲットがいちばん美味い   ', 'Rさん……すげぇ……w ', '菅田と同じ特技を持ってたRさん笑笑 ', '菅田さんは偉大 ', ' 松永さんがポロっと言う「そりゃ優勝するよ(rさん)」みたいな言葉だいすき', '東海道新幹線連発、めっちゃ笑ったwww ', '松永さんの今年の英単語は｢nugget｣ 結局1番美味しくて好きなのはナゲットだと気付いた1年でした  ', 'こじつけうますぎるわ笑笑  ', '今年の漢字はDJには無理 ', '茶？🍵 ', 'お茶煮出してるの？Rさん ', '松永さん向いてない😂😂 ', '菅田さんラッパー説 ', 'マック頼むんですよ、あのね…マック頼むんですよ… ', 'やっぱり作詞する人はこうゆうの得意なんかな？  ', '菅田将暉最強だよ。笑  ', 'ナゲットきても東海道新幹線待っちゃうんだけどw ', '今年の英単語「ナゲット」', '菅田くんも、Rさんも凄い!! ', '今年の漢字エピソードトーク大喜利！！笑 ', 'Rぐらいじゃないと出来ないぜ☺️ ', 'クリピ静岡にもライブ来てください\U0001f979 ', 'ナゲットってチキンマックナゲット？  ', '静岡来ねーじゃん！ ', 'ウーバーでマック頼むんですよ……(完) ', '「これあーるくらいじゃないと出来ないぞ」\u3000', '菅田さんをスペシャルウィークに呼んでRさんと今年の漢字で バトルして欲しい  ']",0.7529888365003797
2022-12-13 01:15:00,"['nugget ', '', '相変わらずお松さんの閃かなさww  ', 'UberEATSでよくマック頼むんですよ\u3000あのね\u3000頼むんですよ\u3000すごい ', 'あーるさんはこういうの得意そうだけどすださんが出来ちゃうの確かにすごい ', 'Ｒさん助け舟出すけど受け取られず…🤣🤣', '今年の英単語は、nugget！！(ナゲット！！) ', 'マック頼むんすよ…………… ', '優勝できますわ ', 'いつも即興物語作ったりするし、Rさんの才能改めてスゴすぎるな… ', '松永さんは真剣に向き合いすぎて動けなくなるのでは ', '東海道新幹線から逃れられない松永さんw ', 'ナゲットはなんなら金塊って意味だから割と色々付けられそう ', 'マック頼むんですｗ がんばれwww ', 'NUGGET   ウーバーでマックを頼むからwwwwww   えーっと本来金貨って意味なのよ。', '菅田くんとRさんで今年の単語こじつけ合戦 ヒートアップしそうだなぁ😏 生電話でやってくれないかと密かに期待w   ', '「ナゲット」お、リスナーさんもお題を投げてきたぞ🤭楽しみだなRさん松永さんの回答！  ', 'レベルの高い遊びになっちゃった もう大会優勝できるって ', '「Rぐらいじゃないとできないぞ」 さりげない相方マウントありがとうございます‼️ ', '菅田将暉はラッパー ', '流石スリータイムチャンピオン ', 'とりあえず、松永さん東海道新幹線降りようか…… ', '大喜利はじまった。笑  ', '結局ナゲットが1番美味しいと気づいた1年 ', 'なんかソニックマジカルソロバナナのノリを思い出すなぁ笑 ', 'ナゲットが好きだな〜って気づいた一年でしたw ', 'CMかよ笑  ', '  月曜日枠のMC特技w 好きだな～☺️', 'マックのナゲット、結局1番おいしいな結局1番好きだなあって ', '菅田=R指定≠松永  ', '菅田さんきてほしい笑笑笑笑笑笑笑 ', '漢字はわからんけどとりあえずこじつけられる能力さえあれば解決するアーティストの今年の漢字問題。菅田さんはなんでもこじつけられるそうで……やってみる二人。お題『山』。 松｢東海道新幹線によく乗るんですが富士山が綺麗なので……山(終わり)｣ その後Rさんが物凄い立て板に水。 ', '結局1番すきだなぁ。。。 可愛いすぎ  ', 'ウーバーでね、よくマックを頼むんですよ  …マックを頼むんですよw ', '菅田くんインタビュー受けすぎてるんだろうね😎 ', '菅田さんはいつ  に来てくれるん？', 'マックのCM出来ましたよ！ マクドナルドさん！  ', 'お正月CM ', 'プレッシャーハンパないRさん   ', 'ｱｲﾑ ﾗﾋﾞﾆ！(*ˊᗜˋ)v ', 'すごすぎるRさん😂 ']",0.6420124381780624
2022-12-13 01:16:00,"['ナゲット⇨金塊、はテークさんの曲 ', '今年の漢字、英単語→理由のこじつけ大会始まってます笑 ', ""なんとか かんとか…i'm lovin' it‼︎ "", 'テークさん出てきた笑  ', ""ナゲット ウーバーイーツでマック頼むんですよ 1番結局おいしいのがナゲット、好きと気づいた。  金塊という意味があるらしい。チキンの金塊、輝いているようにも見える。 仲間から刺激ももらえてジャンクフード大好きでナゲットを食ってナゲットを生み出す作業をしているんだな I’m lovin' it  "", '今年の漢字の上手さは Rさん＞菅田さん＞＞松永さん なきがするな ', '何かにつけて薄い松永さんと何でもこじつけるRさん  ', ""I'm lovin' it www "", 'またマックのCM来たらいいな〜 ', 'インチキ詐欺師   ', 'マクドCM狙ってたw ', 'テークさんかな？ ', 'R「ナゲットにはもともと「金塊」という意味もあるんですよ」 R回答のはじまりがすげぇな！しかもテークさんから教えてもらったん！', 'ナゲット→金塊にいけるRさんすげー。笑  ', 'がち？！Rすげえええ笑笑 ', '結局締めるのはRさん(笑)  ', 'リアル教祖誕生  ', 'あっ ', 'Rさん😆🎶🎵✨凄すぎ😆💖💕✨‼️ ', '死神Tシャツ ', '  菅田将暉＝インチキ詐欺師ww', 'ﾏ「Rぐらいじゃないとできないよ」  のっけから強火投下してくるやん😍✨ 2人ラジオ尊い( *´艸｀)♡ ', '死神Tシャツww 懐かしすぎるw ', 'ちゃんと金塊って意味に行けるRさんやっぱり凄いんだよなwww  ', ""i'm lovi'n it!! "", 'まっ、デリ、おいしかっ  ', 'インチキ詐欺師w ', ' Rがひたすらすげぇよw', '金金金！！！ ', 'お見事ですわ ', ""I'm love it "", ""I'm lovin'it😉最後笑った  "", 'また闇マック？？？ ', 'お題、「ナゲット」 「ウーバーイーツでマック頼むんですよ、マックを頼むんです、結局ナゲットが1番美味しいなーって気づいた1年でした」 wwww ', 'お正月cm笑 ', '今年の漢字はナゲット､､??  ', 'ｱｲﾑﾗﾋﾞﾆｯ🎶お正月CMでした ', 'ナゲットの豆知識 ', '死神の物販Tシャツ笑 ', 'マクドナルドのキャッチコピーやん…😅  ', 'もうRさん政界進出しなよwww 答弁無敵すぎるだろw  ', 'ケンタに続いてマックからも仕事を貰おうとしてるな ', '懐かしいな… 時々あの時間が恋しくなる  ', '何でもかんでも素晴らしい回答に変換してくれるR好きすぎる ', ""I'm love it  "", '物販のTシャツ🤣   ', 'あのシャツ面白かったなぁ 笑 ', '松永さん全然説明できねえ笑  ', 'いきなりCMw     ', 'インチキ詐欺師wwww ']",0.7591288418185954
2022-12-13 01:17:00,"['菅田将暉をインチキ詐欺師呼ばわりしとる( ･ㅂ･) ', '今年の漢字は「ナゲット」よくUber eatsでマック頼むんすよ、 マック頼むんす 結局1番ナゲットが好きだな〜て気づいた一年でした ', 'アイムラ～ビニッ！(笑)Rさん最高です！！！  ', 'マックCM待ってます ', '懐かしい死神tシャツwww ', '「死神」と書かれた変な服 ', 'Rさん博識やから出来るんやな 松永さんは知識偏ってるから…  ', '騙されたあのTシャツ ', 'これできる人インチキ詐欺師 ', 'インチキ詐欺師笑 ', 'インチキ詐欺師w ', '変な服買わされたって🤣wwwwwww ', ""R「I'm Love it」 "", ""i'm lovin' it ‼︎‼︎‼︎ "", 'インチキ詐欺師www ', '死神T ', '上手すぎてインチキ詐欺師 ', '急にマクドの正月CM笑 ', '死神T、懐かしい 菅田さん絡み多いな サントラかけるの？ ', '懐かしい死神Tシャツwww  ', 'インチキ詐欺師 ', 'ソウルイーターのTシャツ懐かしい ', ""ナゲット I'mlove it Rさんの締めさすがやわ🤣 菅田くんを外野からイジるcreepy 死神Tシャツ買わされるってww  "", '最後何？笑 ', 'I’m lovin’it ', 'これ出来るやつインチキ詐欺師ww  ', '松「これできるやつインチキ詐欺師だろ」 R「俺はまだしも菅田さんのことディスんな！」  松「お前そういや変なTシャツ買わされてたな」 R「死神って書いてあるやつな」 ', 'プチ情報もブチ込むこともできる。 3連覇王。  英単語もいける。   ', 'この能力ビジネスチャンス…！！！  ', '死神Tシャツ！！！ ', 'インチキ詐欺師ｗｗｗｗｗｗｗｗｗｗ死神懐かしすぎるｗｗｗｗｗｗｗｗｗｗ ', ""Rさん「…ということで今年の英単語はナゲットです！I'm lovin' it!」"", '菅田さんに変な服買わされてたなww死神www ', 'rさん\u3000すげ〜 ', '死神Tなつかし ', '変な服買わされるインチキ詐欺師  ', 'マック頼むんだ！ナゲット ', '死神懐かしすぎるwwwwwwwww ', 'ソウルイーターのやつ笑 ', ""こじつけの鬼だ笑 I'm love it!!! "", ' ', '懐かしの死神Tシャツw ', '死神T懐かしいなwwwwwwwwwww ', '菅田さんに買わされた死神Twww ', 'CreepyもそろそろⓂ️🍔🍟のCMきてもいいよねぇ ', 'だぴちラジオやってたら完全にビーフの流れ ソウルイーターTシャツなつい！ ', 'Ｒさんにしかできんわ ', 'Rさんさすが。立て板に水とはこのこと ', 'ソールイーターの物販w ', '邦さんの今年の一文字  七   ', '死神シャツを買わされたwwww懐かしいなww  ', '菅田将暉に変な服買わされたwww ', 'I’m lovin it😍 ', 'TFで聴く ', '今年は物販も熱かったよね。番組的に。 ', 'Rさんうますぎ！！ ', '出た出た  ', '今年の英単語\u3000 ', 'うわー！ソウルイーターの物販の話！！ほんとすき！！ ', 'グッズ買わされたの草、笑ったわ ', '菅田くんとRさんインチキ詐欺師扱い😂 ', '突然蘇るソウルイーターTシャツ問題(なつかしいな！)', '菅田将暉はインチキ詐欺師   ', 'ナゲットの意味は『天然の金塊』だそうです。    ', 'みんな知ってた😂その通り😂  ', '懐かしいTシャツw ']",0.7711421544735249
2022-12-13 01:18:00,"['死神Tシャツ  ', '菅田将暉はインチキ詐欺師なのか！？  ', 'まぁ、言われたら買っちゃうな ', ""そういや年始に賽銭箱とATM往復したんだっけか。初っ端からやらかした1年でしたね( 'ω') "", '指定さんすごない？？ ', ' ', '死神さまねｗｗ ', '意味わかんないの、みんな知ってるよ笑  ', 'これか(笑)   ', '変な服買わされてたな  ', 'あいつ…やりよるな… ', '最後はマックCMで締めるww ', '菅田将暉さんの話聞くと久々に菅田将暉さんのラジオ聴きたなった  またCreepy Nutsと共演しないかなラジオ     ', 'みんな思ってたよ ', '今から ', 'ふりにしか聴こえない😂  ', '『インチキ詐欺師』🤔🙄🤔\u3000', '七👏👏👏 ', '松｢お前菅田さんに変な服買わされてたな！｣  ', 'コスパ悪すぎ😂   ', '何割か菅田さんに入ってるww  ', 'R「あいむらびにっと」  ', '菅田さんからもらった「死神T」懐かしい！ 詐欺師・・・(笑)  ', '死神Tシャツか...    ', '聞いてる ', 'テークさんナゲットなんて曲あるんだ 調べよ笑 ', '  得意分野やのに… インチキ詐欺師w', 'お賽銭7万は全員イカれてると思ったんじゃないかな？ その前年の1万の7倍も効果がなかった。  ', '  菅田将暉さんにソウルイーターの物販の服買わされた話', '今年の年始、お賽銭に7万ぶち込んだ松永さん  「もう絶対にしない」 「意味わからない」  R「みんな知ってた」 ', '『今年の漢字  なぜその漢字になった？』 リスナーからガンガンくるぞー。 Rくん、がんばって！！ ', ' 死神Tなつい', '7万は聴いた瞬間知ってた。 ', 'みんな知ってたわ😅💦。 ', 'もういいよどうせ10万こえるよこの人  ', 'お賽銭に7万😳  ', '菅田さんは死神Tシャツ買わせてるからインチキ詐欺師 ', '死神Ｔシャツ🤣 ', ""I'm lovin' it.   "", 'インチキ詐欺師＝菅田さん・Rさん\u3000', 'お賽銭にコスパの概念あったんやな ', '死神Tシャツwwwww  ', '菅田さんに買わされた変なドクロTシャツもめっちゃ懐かしいwwww ', '今年お賽銭七万円→もうやらない！！', 'ハガキ職人リスナーが再燃しそうなこじつけお題合戦の予感😏 Rさん腕の見せどころ  ', '神様を買収🤣   ', ' ', 'お賽銭と御神籤の話大好きだからそんな事言わず来年もしてくれwwww ', '今年はお賽銭しないの！？  ']",0.6795434256394705
2022-12-13 01:19:00,"['松永さんの来年のお賽銭、どうなるんだろ😂 ', '松永さんがハッとしてくれてよかったです。', 'え？フリですか？笑  ', '松永「意味わかんない！」 R「知ってた。」', 'あっ行くんだ 彼女とじゃなくて？  ', '全然7倍じゃない、コスパ悪すぎ ', 'ソウルイーターの物販買わされてた  ', '菅田さんに変な服買わされてたRさんw 懐かしい！   ', '神様にスパチャしとるw  ', 'みんな知ってた！ ', '今年の年始の松永の謎ムーブね笑 ', '  “絶対”が来たら危ないww', ""まつながさんがナゲットで撃沈した後のあーるさんの「これ俺のプレッシャーはんぱないな……」わらった、けどやっぱり天才だった 「I'm lovin' it.(ﾄﾞﾔ」 "", 'かます！！！と注ぎ込んでたからw ', 'Rさんは単語ひとつで即興で話出てくるのすごいし、来年松永さんはきっとまたやる ', '神へのスパチャって言われてたのクソ好き  ', '松永お賽銭7万使ったのあったなぁ！ 懐かしすぎる、、、 ', '松永と朝井リョウガチ頭おかしい、何で7万もぶっ込んだ？？？？？？？？？？？  ', '菅田くんのことインチキ詐欺師っていう松永さんw  死神ってTシャツ懐かしすぎる😂 ソウルイーターのやつね😂 ', '菅田の時の今年の英語「キャプテンポールスミス」だったのめっちゃ覚えてるわ  ', 'お賽銭7万なので七 松「俺本当心に決めた！来年絶対そんなことしない」「意味わかんなかったなって」 R「みんな知ってた。」 ', 'Rさんの死神Tシャツ懐かしい。笑   ', ""朝井さんなにも悪くないのに…むしろ松永さんに捲き込まれた可哀想な被害者なのに…( 'ω') "", 'インチキ詐欺師なのか！？  ', '流石に賽銭金に7万はエグ過ぎるって🤣 ', '菅田さんに死神って書かれた変な服買わされてた 「あいつやりよるな」 ', '松「お賽銭に7万っておかしい」 R「みんな知ってた」   ', '絶対しない。は危険🤣🤣🤣   ', 'コスパ悪いことに気付いた\U0001fae2 ', '改めて聴いてもイカれてるわｗｗ ', '皆知ってたwww  ', '1年学ぶ必要もなく、みんな知ってた ', '意味分かんねえ→みんな知ってた  ', 'I’m loving’ it.   ', '年始の奇行を「意味分かんない」と振り返る。 松永さんだなーwww  ', 'お賽銭のコスパ、最悪 ', 'よかった お賽銭7万円「意味わかんない」って自分で気づいてくれて ', '「絶対」はフリ ', '「絶対」はダメ笑 ', '『絶対』が来たら危ない😂申し訳ないけど年始放送楽しみ  ', '聞く耳持ってなかったからちゃんと覚えてないw ', '福田さん「ブラフだな」 ', 'お賽銭にコスパの概念あるん？wwww  ', '松永「ちゃんと覚えてないもんね。ちゃんと止めた？」', '意味分かんない事付き合わされた朝井さんの立場よ  ', '絶対というおなじみのフリですね ', '「聞いた瞬間、知ってた」\u3000', 'お賽銭7万意味わかんないのは皆知ってた⋯！', 'Rとスタッフとリスナーの共通認識  松永の「絶対」は危ない ', '懐かしいなぁぁ ', '勉強なるなぁ ', '松永さんもう万札ぶちこむなよ…😅💦。 ', '神罰が下る(笑)  ']",0.8131220352191192
2022-12-13 01:20:00,"['松永さんの「絶対」がきたら危ない ', 'これ出来るやつインチキ詐欺師笑笑 ', 'お賽銭DJ今年も 期待してるんだけど😂 ', '松永の絶対はフラグ ', '死神買わされたよねー  ', 'あの時の松永は狂ってた ', '1番の被害者朝井リョウ先生なんよな笑 ', 'DJ松永さんは来年こそは七福神に1万円ずつお賽銭はやめる？\u3000', '絶対という壮大なフラグ ', '初詣の予定立ててるんだ🙄 ', '松永さんの絶対は危険だ。。。。 ', 'こちらで7万でしたよね🤭 「神様を金で買収」(笑)お！来年も？？？  ', '賽銭ドボンフラグ ', 'お賽銭七万←意味わかんない‥(&gt;_&lt;) ', 'みんな知ってたわ😅 しかも、神罰がくだるって😅 ', '前振りの絶対  ', '意味わからんことをしたことに自分で気づけた松永さん ', '松「朝井リョウと初詣行く計画立ててんだけど…」 ', '「絶対」はフラグ ', '来年も朝井さんと参拝予定😂  ', '松永さんの「絶対」はフラグ  ', '賽銭にぶち込んだ話あったなぁ 普通に意味わからんて思った笑  ', '松永さんから「ぜったい」が来たら危ない ', '全然7倍じゃない！！ …皆知ってた。笑 ', '松永さんの絶対＝フラグ  ', '男気賽銭wwww ', '朝井さんが来る⁉️  男気賽銭   ', '絶対 が来たらヤバイ   ', 'お、朝井リョウとの初詣の予定は立ててる！けど「ぜったいしない」と宣言したのでこれは大量お賽銭ありますね。', 'もう初詣の予定立ててるとか仲良すぎだろ ', 'だってRさんソニマジソロバナナとかもやばかったもん、基本教祖だもん、そりゃ得意だよ。 松｢もう詐欺師じゃん、俺に壺売るつもりだろ｣ いいえ、壺売られたら買うのはわたしたちです😌 ', '年始は浮かれておかしくなってる？来年は7の7倍ですか…', '男気賽銭✊✌️🖐  ', '福田さん「フラグ」 ', '松「絶対やらない」 R「あっぶないかもなぁ。絶対が来たら危ないかもなぁ」 福「裏側」 ', '7万話聞いたのが2部だったの感慨深い ', 'Rさんの言葉への執着がすごすぎてワーっていうことしかできない ', '漢気賽銭 笑 ', 'お賽銭に対してコスパは草 ', '男気賽銭ww ', 'Rさんすごすぎて尊敬の眼差し...  ', '神様を金で買収は草 ', '絶対が来たら危ないなあ  フラグ立てたなあwww ', '松永さん、天然でフラグ立てまくり🚩', 'あー「絶対」出ちゃった ', '今日も邦と行くか…🎶 ', '変なノリ笑  ', '朝井さんの復讐(笑)  ', '賽銭配り側ですからね \u3000', '今年もクニと！(朝井さん) ', '「絶対」がきたら危ないねw ', '松永さんの「絶対」はフラグ🤣 ', 'なつかしすぎる... いつかまたゲストに！  ', '7！来年はどうすんだろ？  ', '漢気賽銭w ', 'フラグ?w  ', '男気賽銭 笑ったーーー ', '朝井さん「漢気賽銭」ww ', '朝井リョウ「男気賽銭♪」 ', 'まつながさんの「絶対」は危ないwwwww ', 'ベッタベタのフラグww  ', '松永さんの『絶対』はホラー。   ', '何%か入ってる説笑 ', '1級天然フラグ建築士 ']",0.8001947942234221
2022-12-13 01:21:00,"['いこうぜクニ！男気賽銭！ ', '松永さんの絶対は危ない\u3000はなんかわかるわ ', '男気賽銭♫ ', '絶対とか言わないほうがいいよｗ フラグが立っちゃうからｗｗ ', '朝井さんのイメージがwww ', '男気賽銭w ', 'お賽銭7万お兄さん 今年思ったこと お賽銭に七万ぶち込んでも意味ない 「俺、去年一万今年七万入れたけど、ご利益7倍じゃない」  ', '「『絶対』が来たら危ない」\u3000', '朝井さんと初詣の予定アリってことは今年も帰省できない位忙しいのかな？', '朝井リョウさんも大概変だからな( ￣▽￣) ', '来年は朝井リョウに逆にやられる可能性も？ 男気賽銭！ 100礼100拍手賽銭14万  ', '出た「絶対」のジンクス🤣 ', 'R再現の朝井リョウ草 ', '100礼100拍手👏🤣  ', '漢気賽銭ww ', '「絶対しない」→お賽銭14万フラグ  ', '朝井さんがそんなノリ？ ', '松永さんが変な初詣させたせいで朝井さんの初詣感が狂ってしまって…(›ᾥ‹ ) ', 'また朝井さんと初詣いくのね🥰 たのしみすぎー  ', '逆に朝井さんがそのノリするかも？  ', '逆に朝井側から仕掛けられる可能性を示唆してくる ', '来年の初詣も松永さん、朝井リョウさんと行くそうですw ', ' 笑笑笑笑 ', '男気賽銭w ', '松｢朝井リョウそんな奴じゃない！！！！｣  ', '男気賽銭ww  ', '男気賽銭w ', 'フラグ建てる松永さん   ', 'そしたら直るってこと😅💦？二度手間だなー😅💦‼️ ', 'あのお賽銭話で、もう1年の早さを感じるやで ', '初詣で100礼100拍手とかくそ迷惑🤣  ', '漢気賽銭~♪  ', '男気賽銭🎶ｗｗｗｗｗｗｗｗｗｗｗｗｗｗｗ ', '男気賽銭はやっば笑 ', '男気賽銭 ', '男気賽銭🎶 ', '男気賽銭wwwwww ', '「漢気賽銭」？？？(笑)  ', '男気賽銭   ', '男気賽銭を始める朝井さんなんて想像できない……笑 ', '漢気賽銭…朝井さん絶対しなさそう笑 ', '朝井リョウさんと松永さんと遭遇したい🤗 ', ' 神様買収懐かしい', 'トラウマで変になっちゃった朝井リョウ ', '男気賽銭wwwwwwwww ', '男気賽銭w ', '客扱い🤣🤣🤣   ', 'お礼参り？ ', '漢気賽銭\u3000 ', '気付きの松永さん🤭 ', '男気賽銭ww  ', 'R「男気賽銭！」  ', '結婚するんだ…！ ', '♪男気賽銭✊✌️🖐️ ', '漢気賽銭w ', '男気賽銭 ', 'あさいさんからのパターン笑 ', '「男気賽銭！！」「あいつそんなノリじゃない！」w ', 'まっっちゃんおもしろいなーー 最高 大好き ', '男気賽銭wwwww ', '男気賽銭ww ', '漢気賽銭wwwww ']",0.7779900304606704
2022-12-13 01:22:00,"['朝井さん。。。どうするの ', '○○フラグ。。。？！ ', '100礼100拍手ｗｗｗｗｗｗｗｗｗｗ ', '賽銭14万w  ', '100礼100拍手賽銭14万 ', '100連100拍手賽銭14万 ', '男気賽銭wwwwww ', '朝井リョウの「漢気賽銭🎶」、最悪すぎる笑笑笑笑 ', '漢気賽銭！！ ', '行こうぜ、くに！男気賽銭っ︎︎ᕷ·͜· ︎︎ ', '？？？「太客来たで」 1→7→49  ', '男気賽銭♪（朝井リョウ） ', '男気賽銭♪ ', '男気賽銭⛩ ', 'あるさんの口から出る『くに』は刺激強い ', '男気賽銭、100礼100拍手www ', '100礼100拍手(笑)  ', '漢気賽銭www 百礼百拍手www  ', '男気賽銭www ', '朝井リョウさんから漢気賽銭をやらされるの、松永さん？笑  ', '百礼百拍手賽銭十四万 ', '完全に筋トレ…😅  ', '男気賽銭🤣💸  ', '七福神コント🤣 ', '今年もくにと初詣行くか🎶 ', 'ぶっ壊れ賽銭www ', '来年は、朝井さんが男気賽銭！🤣 ', '去年1万今年7万来年49万？ ', '神様の期待を背負う松永さんの初詣ww✨🍾(*ﾟ∀ﾟ)🥂✨ ', '1万→7万→49万 ', 'リョウ「おっとこ〜ぎさ〜いせ〜ん」 Creepy Nutsのオールナイトニッポン │ ニッポン放送      Nuts   ', '男気賽銭wwwww ', '男気賽銭っ🎶www ', '百礼百拍手は筋トレ ', '朝井リョウ｢漢気賽銭♪漢気賽銭♪｣  ', '百礼百拍手🤣 ', '男気賽銭w ', '朝井リョウさん｢今日もくにと初詣行くか｣ ', '百礼百拍手は迷惑笑 ', '太客とか言うなww ', '松永と朝井リョウを見つけたいつもの神社の神様たち「太客来たで！」 ', 'お百度参りってのもありますよ ', '神様は覚えてるよ〜松永さん ', '今日菅田くんのこといっぱい話してくれてて嬉しい😆✨  毎年、菅田くんが今年の漢字から、話を繋げてくれるやつ(上手く説明できん)すごい懐かしい…🥺💗    ', 'あーそうね、お守り系は返さないとだもんね！七万の神社には行くことにはなる…', '朝井リョウ氏「いくぜクニ！！男気賽銭♪男気賽銭🎶」お腹痛いw ', '神様「太客来たで」 ', '神様「太客来たで！！」 ', '初詣はぶちかます   ', '男気賽銭wwww ', '漢気賽銭ｗ ', '漢気さーいせん漢気賽銭👏👏 Rさんの煽りww 来年は松永さんいくら神様に課金するんだろ？ 松永＝太客\u3000シャンパンを出す毘沙門天🤣  ', '神様達に太客と認知されている松永氏 ']",0.6949814409017563
2022-12-13 01:23:00,"['男気賽銭\u3000百礼百拍手\u3000', '神様って毎年出雲で会議してるから松永さんの事は全国の神様が知ってると思うよw  ', '神様には太客(笑)  ', '男気賽銭ww  ', '49万はシャンパン出るw ', '朝井さん｢漢気賽銭♪｣ 楽しみにしてますwww  ', 'キャバレーじゃんww ', '『漢気☆賽銭』💸💸💸\u3000', '太客来たで⛩️', '毘沙門用意しとるがなシャンパン ', '太客ww  ', 'ウッキウキ七福神(太客松永が来るから)', '私もちゃんと5円お返しに行きます ', '男気賽銭に百礼百拍手、すごくリズムいいな ', '七福神をキャバクラにするなww  ', '百礼百拍手w お腹痛いw ', '  はい、いこうぜぇ！ 男気賽銭～♪  愉しそう😁', '1円も！？  ', 'シャンパン出るよwwwww 七福神大喜び ', '朝井リョウの勝手すぎるイメージでバカ笑ってる ', 'ぶちかます…ぶちかます…ぶちかます…を7回…。 ', 'あー、あれ貰ったんだ。私もそのうち行かないとな… ', '神様ヤクザ説ww  ', '前の神社は行かないといけない、5円を返しに行かなければいけない、  七福神「太客きたで！」w ', '関西弁で太客言ったらもう、ハゲタコなのよ。 ', '「漢気賽銭っっ🎶」  「朝井リョウそんなノリじゃねえ」 「百礼百拍手賽銭十四万🎶」  ', '再来年は343万円 ', 'Rさんが妄想でセリフつけるの面白すぎて大好き😆💖💕✨w ', '『太客来たで！』笑 ', '月曜に、Creepy Nutsから菅田さんの話聞けて生き生きとしたわ ', '聞く耳持ってないから、ほんとにひとつもおぼえてないもんね  凄い、感心する   ', 'なんで初詣で「ぶちかます」って感情がわくの ', '漢気賽銭www ', 'えびす様「ぶちこみのクニが来たぞ!!」 ', '(（∩ ◆罒◆ ∩））   ', 'お松さんキャバクラと言わずキャバレーって言うんだよな  ', 'やべぇ数列笑笑 ', '男気賽銭！やって欲しい朝井さん笑 ', '松永さん、神社で太客扱い😂 ', '男気賽銭w やっば  ', 'キャバレー ']",0.7333458870649338
2022-12-13 01:24:00,"['今年、お賽銭ブチ込んだ割にはバッシングされたりとか御利益なかったな。邦彦 ', '七福神「太客来たで〜！！」 ', '毘沙門シャンパン用意 ', 'お賽銭はみかじめ料ではありませんよ。', '次は一円も払わない、五円玉だけ返す ', 'みかじめ言うてるやん😖😖', 'ぶちかます(1万×7神様) ', ""仏と違って神は祟るから。ほら、ちゃんとご挨拶しやなな松永さん( 'ω')💴 "", '神様に期待を持たせているDJ ', 'ﾌﾞﾁｶﾏｽ…🙏💸を7回 ', '男気賽銭笑笑 ', '見か締め～🤣🤣🤣 ', '7ヶ所全部に「ぶちかます……(10000円in)」って宣言してきた男\u3000', '手短に済ませられるかな…', '神様のみかじめ ', '挨拶だけ…… それはダメ┓(*´ﾟω｀)┏   ', 'キャバクラ賽銭スタイルw ', 'R「ずっと供え続けないと逆に祟るよ？」 ', 'おもしろすぎるよ、松永さん。  ', '課金し続けるしかない ', 'ヤクザにやるのは上納金なのよwww   ', '一昨年\u3000一万 去年\u3000\u3000七万 今年\u3000\u300049万？！  ', '神様はヤクザｗ ', 'みかじめ料形式www ', 'ありがとぉ~~~   ']",0.7389684567848841
2022-12-13 01:25:00,"['初チクリ詣 ', '893じゃん(笑)  ', '昔話みたいな展開くる？ ', '百礼百拍手 笑笑 ', 'シャンパンかよっ ', '神様神社でdisるのは本当に怖ぇぞ  ', 'このラジオもたぶん神様たち受信してるから心配 ', '7万ぶち込んだ割にwwww  ', 'やっば  ', '  神様同士の連絡網ヤバイww', '一円も払わない？ 払うという表現も…', '神様同士の連絡網😂 ', '松永「申し訳ないんですけど、七万つぎ込んだ割には…」', '1神1万✖️7 ', '出遅れた！   ', '神様同士の連絡網  神様協会😂   ', '別の神社に愚痴言うのやばくて草 ', '｢申し訳ないっすけど…7万ぶち込んだ割に…ですね…(^_^;)｣ ', '爆媚び賽銭 ', '男気賽銭w ', 'なんか罰が当たりそうなことを言っていますが、大丈夫ですかね…。DJ松永さんもR-指定さんもたぶん「無敵」(笑)。', '去年 今年の賽銭 7万➤0円  ', '神様協会w ', 'また極端なとこ出たよｗｗｗ ', 'コワイ怖いこわい。。。 ', 'そりゃ祟られるわｗ ']",0.719106707572937
2022-12-13 01:26:00,"['ダメだ、先週ラジオで聴いた朝井さんの話し方と声で『漢気賽銭♪漢気賽銭♪』って脳内再生されちゃう。笑   ', '？？？「どうやって処す？」  ', '松永さんすごい祟られそうわらわらわら ', 'Rさん「ずっと供え続けないと逆に祟るよ？」 松永さん「ヤクザじゃん」  ', '処す  て久しぶりに聞いたw  ', '『7万ぶち込んだくせに(\u3000ﾟдﾟ)､ｹｯ』 5円玉返して別の神社に行く ', 'どうやって処す？松永どうやって処す？？ﾅｰ( ˘•ω•˘)(˘•ω•˘ )ﾈｰ ', '今年の最初の放送で話してたから、ブログ見返してきたら内容これだったw 松永さんはお買い物が大好き！  ', '反社はあかんwwwwwww  ', '7万の割に？何が割にだったの？良く聞かせて貰いましょうか？って弁財天が言うかも…🤔 ', 'どうやってシバく？  🤣🤣🤣🤣 Ｒさん、最高か🧠‼️✨   ', '神様ってヤクザ？  願いは叶えてくれるけどお参りしないと祟られる ', '１０月に神様集合したばっかりだからねー🤣🤣', '神様協会w ', '神様会議やばいw ', '神様にお願いする時って名前と住所言わなきゃいけないらしいけどただ『かます』しか言わなかったのかな？？それなら神様に伝わってない可能性もある…？  ', '処す🤣w？ ', '神様協会に所属の神様は通通  ', '神様協会😂😂😂 ', '神様きょうかいwwwどっちのきょうかい？ ', '神様協会wwwwww ', '神様協会(笑)  ', '神様事情に詳しいRさん  ', '七万ぶちこんだ割に…ですね  なんて、罰あたり発想😅', '神様協会で情報はツーツーww ', '人として終わってるわwwwww   ', '松永さんがRさんに丸め込まれそう笑  ', 'どうやって処す？ ', '神様たちにこの冗談通じるかしら？😂 ', '神様協会の連絡網！www ', '出雲でサミットあるからねぇ ', '処す(笑)  ', '神様をヤクザ扱いするの無法すぎて草  ', '松永さん神様に課金しないと呪われる 7万課金、来年5円玉返し 七福神を敵に回す松永さん 神様協会の連絡網でブラックリストww 処される🤣  ', '今年挨拶行かなかったら 神様「どうやって処すぅ？」 ', '神「どうやって処す〜？」 ', '神)どうやって処す？ ', '賽銭払わないと祟るって 神様＝893じゃん  友だちと根まで行く松さんの性格を神様にやっちゃうの？ Ｒさんは神様の協会に詳しいので全てお見通しらしい。ので、処される松さん  ', '神様はツーツー 10月に集まるからね…。 ', '神様教会の可能性もある？ ', 'ヤクザ神様 ', '処すwwwwww ']",0.758010291471714
2022-12-13 01:27:00,"['R「ツーツーやから 神様協会みたいのあるから」 松「どういう協会？どっちのきょうかい？」 ', '神様協会でツーツー ', '神様協会？教会 に処される ', '神様協会怖い どうやって処す？ ', '別の神様に愚痴を言っちゃうのは、良くない気がする…😅 ', '来年は地元神に落とす   ', '神様はキレやすいからねwww ', '神「どうやって処す？」笑 ', '地元神笑  ', '挨拶も無しにやりますかー？！😁😁😁😁😁😁😁  ', 'R「神様はキレやすいからね」', '地元神に落とさないと  ', '毎年10月にやってるからな 神様サミット  ', '神様の悪口はアカンやろ😂 ', '「人類史いろいろ見てきて」 ', '神様同士の連絡網 神様協会 ', 'あ、そうだよ松永さん お願い事は氏神様だけなんですよ それ以外はただ伺ったご挨拶だけなのよ  ', 'どうやって処す？ww  ', '地元神 ', '1円だけでも入れてお礼言って帰りな、、笑 ', '神を神と思ってなさすぎて草  ', 'Rさんは地元・堺でお参り ', '神様の概念どないなっとんねんw  ', '神様協会?教会? 「どうやって処す？」  神々の会議こえぇぇ😱 ', '神様協会おもろすぎる ', '神様協会のネットワーク 処す？ww ', '処すwww ', 'え？松永さん😅ちゃんと返してくださいね！！！って私も来年返しに行かなきゃですな💦(苦笑) 神様はキレやすい R 気をつけます(笑)  ', '来年のまつながさんが神様を粗末に扱った結果の天罰がどんなことになるのかこわい🥶 ', '絶対に😂😂😂   ', '神様はキレやすい笑 たしかに笑 ', 'Rさんは今年地元堺の神社で初詣  ', 'かみさま協会の連絡網すごいw 処すw ', 'どうやって処す？www ', '松永「絶対をやめます。絶対に」  ', '神様協会→どっちの「きょうかい」？はちょっと思ったわw ', '神様協会 ', '七福神「どうやって処すぅ？」 ', '氏神様に行くのね。 ', '  挨拶もなしに？ 7万円も入れたのに？  別んとこ？ よしよし…怖っ🤣', '新潟帰れるのかな…。松永さん。ゆっくりできるといいね😊✨ ', '絶対を絶対やめますww ', 'そもそもお賽銭の事を金払うって言う寺の孫って・・・  ', '神様「どうやって処す？ ']",0.7995466950327851
2022-12-13 01:28:00,"['くりぴが「神様」って言うと「紙様」で脳内変換されるんだよね勝手に。 ', '賽銭各神に｢ぶちかます｣｢ぶちかます｣とブツブツ言いながら7万ぶち込み年始初詣をし、それを意味がないと学んだ1年だったDJ。果たして来年は浅井さんは無事に巻き込まれずに済むのか。神様は浮き足立って去年越えレコードの賽銭を待ってる説を唱えるRさん。相変わらず神様寸劇が最高～～笑 ', '地元神(じもとしん) ', '7万💸からの、処す😂 ', '地元神(じもとしん) ', '神様の会議 「あいつどう処す？」 こわいこわいて ', '今年は地元帰ってなかったので来年は地元の神社にお参り！落としていく！！', '【悲報】松永さん、神に処される ', '絶対を辞めます、絶対にwww ', '今年の漢字「七」（暫定）  ', '松永さんの今年の漢字(暫定) 七、夏 ', '今年の漢字は暫定「七」 ', '巡るなら三社参りよお松  ', '七。又はニ。 ', '氏神様に参らなあかんでﾏﾂさん ', '松「今年は""絶対""を辞めます！絶対に！」 ', '東京の神社、信用ない どゆこと⁈w  ', '｢今年は絶対をやめます！ 絶対に！！｣ ', '絶対をやめます🤣w。絶対に🤣wwwwwww ', '今年は絶対をやめます！絶対に！！  ', '今年は絶対をやめます、絶対にw  ', '神様教会 情報網ツーツーやから 「去年お前んとこ七万行ったやつ、、、 どうやって処す？」 罪民松永 ', '「絶対はやめます！絶対に！」w ', 'フェスに出たランキング2位 ', '神様協会😂 ', '絶対を辞めます！！！絶対に！！！！ ⚡️ ', '七福神さん達怖ー協会あるんだ  ', '「それはどうなんやろ？」\u3000', '「今年は絶対をやめます！絶対に！」 ', '今年は絶対をやめます！絶対に！ それや！w ', '地元神 ', '松永「今年は「絶対」を止めます！絶対に！！」', 'こわwww 地元神wwwに ことしはぜったいに\u3000ぜったいにをやめますっ！ ', '松永さんの今年の漢字は「七」に決定 ', '絶対にを絶対やめます(笑)  ', 'そりゃあ1番信じてるのは地元神⛩ ', '絶対に絶対やめます！wwww  ', '絶対にww ', '今年の一文字  夏   七    二      ', '「絶対をやめます！絶対に！」⚡️ ', '大阪って社会主義国やったんや() ', 'アンプレで新潟と神戸の神社にお参りしてきた⛩ ', '絶対をやめます、絶対に😂 ', '地元神がいるなら何人神様いるのww  ', '地元神に「今年は""絶対に""やめます！絶対に！」w ', '今年は『絶対』を辞めます、絶対に！！！ ', '松永さん、ほんとに朝井さんのこと リョウって呼ぶんだなー。   ', '七 ']",0.743684913249726
2022-12-13 01:29:00,"['フェス出演数2位！？すごい👏👏 実際めちゃくちゃ飛び回ってたもんなぁ ', 'フェス出演ランキング2位👏 ', '地元神 ', '今年の漢字は「七」に決定！', '地元神に「絶対を辞めます！絶対に！」(笑）   ', '地元神\u3000長岡と堺にそれぞれ課金するcreepy 東京の神様は資本主義ww  ', '「七」→「二」 ', '2位はすげえ ', '去年正月から楽曲制作って言ってたもんな  ', '絶対を やめます。絶対に！   ', 'お正月、新潟に帰郷出来ればいいよなぁ、松永さん... ', 'あともう少しだったのに ', '絶対に！絶対をやめます！！ ', '今年フェス出たランキング2位！！  ', 'フェス出たランキング2位?!  ', '今年の漢字は暫定的に七か夏 ', 'フェス出演本数2位！\u3000', '絶対をやめます！絶対に！ ', '今年の漢字「二」 2人組  他に良いのがあれば募集  ', '今年は絶対を辞めます！ 絶対に🤣🤣', '今年は絶対をヤメます！ 「絶対に！！！」 ', '今年のフェス出演者ランキング2位！🎊 ', '色々新しい言葉が出てくるwww ', 'フェス出たランキング2位！？👏 ', '今年フェス出たランキング2位！ ', 'ぜったいをやめます、ぜったいに！ ', '今年フェス出演ランキング2位！？！？！！凄 ', 'ふたりの今年の一文字   ', '絶対を辞めます絶対にww  ', '朝井さんと初詣の約束してるから今年も帰省なしかと思ったら、帰省するかもなのね😊 ', '確かに有名なフェスのタイムテーブルにはいつもクリピいた気がするな ', 'フェス2位！ ', '1位誰やねん ', 'フェス出たランキング\u3000 ２位 おめでとう🎁🎂🎉 今年の漢字「二」 二人組…ふうーー wwww ', 'なぜ2way nice guyが出てこないのw ', '二 ', 'どうやって処す？笑笑 ', 'Creepy Nuts 今年のフェス出たランキング2位  ', '【二】 2位、ふたり組 ', '地元神 松永さん「今年は絶対に「絶対」をやめます！」  ', 'つまり「ニ」でもいい！ 松永「ふたり組だし、…………………………ふぅ〜………」', 'Creepy Nutsフェス出たランキング2位すごい！ ', 'あっ、某雑誌で見ました、そのランキング\u3000 ', 'フェスでたランキング2位！ すげーCreepy Nuts！ ', '松「ふ〜〜〜」  ', 'フェス出たランキング2位！！おめでとう！ ']",0.7887161466810438
2022-12-13 01:30:00,"['「絶対」やめます！絶対に！！！！！！ ', 'フェス出たランキング2位👏  ', '2といえば、そこは2way nice guyじゃないの🤣？ ', 'ナスカの地上絵めっちゃ可愛かったな ', '１位誰だろう？   ', 'フェス出演数2位！毎週のように出てたもんなぁ。すごい。 ', 'お！Creepy Nutsフェス出演2位ですか！！！ 「二」・・・からの松永さん出てこず！(苦笑)  ', '2人組だしィ…フゥ…… ', '「今年は『絶対』を辞めます！絶対に」\u3000', '毎週フェス出てたイメージよ。 そらー２位になるわ。 ', '地元神ねぇ ', '2位すごい！1位は誰なんだ ', 'Rさんと真逆でアドリブ弱すぎ松永さん🤣wwwwwww ', 'リスナーに漢字を募集して投げていくスタイル ', 'フェスいっぱい出てたね  ', 'ナスカの地上絵、描き放題。こじつけ放題。 ', 'フェス出たランキング２位！ CreepyNuts凄い！  ', 'Rさんは金 ', ' ', '地上絵   ', 'やはりRはすごかった、！ ', '突然ナスカの地上絵の話！', 'Creepy Nuts, フェス出演数2位らしい！？✨ ', '1位誰か気になる ', 'フェス2位だし 2人組だし… ', '俺らのナスカの地上絵…？  ', 'ﾌﾝ~ アハハッ ', 'フェスランキング2位はスゴすぎる\U0001fae3 ', 'フェス出演ランキング2位🎉 ', '夏フェス出演ランキング2位！ おめでとうございます！🎉👏👏👏来年は1位!! ', '今年フェスに出た数ランキングで2位らしいCreepy Nuts  R「2位？じゃあ『二』でもいいな」 松R「「2人組だし」」 松「こういうことか」 松「あと〜………すごいな」 ', 'やっぱ「玉」でしょ ', '夏フェス2位👏 逆に1位は誰なんだろ！？ ', 'ナスカ見ました？新しく168点！ 知らなかった！ ', '2位！？おめでとうございます！！ ', '山形大といえばナスカの地上絵の研究だよな ', '日経エンタ調べの2022年フェス出演ランキングでCreepy Nutsは24本で2位だったの凄い。 ']",0.7840030938386917
2022-12-13 01:31:00,"['七、よりベストな漢字。 ', '俺らの知ってるナスカ ', '今年の漢字は「二」 二人組だしぃ…ふぅー…(ため息) ', '「ふったぁりぐみ」  ', 'また増えたらしいけど😅💦。', 'ナスカって逆に何で今まで見つかんなかったんだろう? ', 'え？！ナスカの地上絵新しいの見つかったの！！ ', 'アラバキ ビバラ TFT JJ メトロック大阪 メトロック東京 ミザワビ ミリオン デトポ サウンド 大作戦 ナンバショット ラッキーFM ジャイガ ナマハゲ ロッキン ライジング ソニマニ モンバス ラブシャ ラシュボ ワンチャンス ベリテン インスパ ワイバン ドリフェス 氣志團 四星球 夢番地 CDJ ', '', 'ナスカの地上絵の話題今出すの意外すぎて声出たww ', '砂場に描いた絵   ', 'ナスカの地上絵\u3000新たに168点発見\u3000最新技術で高速化“世界唯一”山形大研究グループ  ', 'それで言えば「五」じゃない？ メジャーデビュー5周年、cnann5周年 ', 'ナスカの地上絵の画風…。 ', 'ばちあたりハシゴ初詣かまそうとしてる松永さん。 R｢あ～～了解、神様ネットワークですぐ広まるわ。『こいつどうやって処す？』｣ 松｢金払って処されんのいちばん嫌ぁ！｣ ', 'これか  ', 'ナスカ見たけど緩かったw ', '地上絵みたみた ちびまる子ちゃんの落書きみたいなやつあったね ', 'ナスカの地上絵作風変わったよなw  ', 'え？すごっ！ ナスカの地上絵のニュース知らない😅  ', 'カールおじさんの地上絵が見つかってたな🙄 ', 'ナスカの地上絵？！皆知っているように2人話してますが・・・？😅ﾜｶﾗﾅｲ💦  ']",0.6907608565830049
2022-12-13 01:32:00,"['おかっぱの可愛い ', 'ナスカのゆる〜〜〜いネコの絵ww  ', 'ペルー由来なのかな？ カールおじさん。 ', 'カールおじさんの亜種なのか？ ', 'ナスカの地上絵ってなんかもう絵的に幼稚園児が書いたような絵みたいなんだよなぁ〜  ', '新しく見つかったナスカの地上絵→カールおじさんの亜種？ ', 'わかるちょっと雰囲気違く見えるよな新しく見つかったナスカの地上絵ww ', 'カールおじさんの亜種😂 ', 'ナスカの地上絵の作者のタッチが変わった……確かに……それだ…… ', 'ニ……オールナイトニッポン2部卒業とか？ ', 'ナスカの話も菅田さんで聴いたような朧気な記憶… ', '山形大の名前をここで聞くとは  ', '夏フェス出演ランキング Creepy Nutsは2位！！ おめでとうございます～～ ', 'カールおじさんいるw ', 'これか。(ニュース観てないから知らんかった！) 確かに画風が……   ']",0.7586137992995126
2022-12-13 01:33:00,"['カールおじさんの…  ', 'ペルー由来のカールおじさん笑 ', 'カールおじさん亜種(笑)  ', 'ナスカの地上絵はハチドリが好き  ', 'ナスカの地上絵かぁ ', '確かにクオリティ下がってた、、笑笑 ', 'うわさの、初期の絵柄！ ', 'タッチの違うナスカの地上絵   ', 'フェス出演ランキング2位凄っ  ', '今回発見された地上絵はデモ ', '練習、デモの地上絵   ', 'カールおじさんの亜種🤣  ', 'いや、その説あるねw ', '「カールおじさんの亜種？」\u3000', 'ナスカの地上絵のクォリテイがラフい ', 'こちらでしたか！  ', 'まってナスカの地上絵見て見たら本当に思ってたんと違った😂😂 ', 'カールおじさんの亜種w  ', '世に放って欲しくなかったデモw ', 'AI活用で見つけたナスカの地上絵  ', 'ムーミンのモランみたいなやつおる\u3000かわいい ']",0.782752251625061
2022-12-13 01:34:00,"['消し後残り？😂 ', ""ナスカの地上絵を掘り起こしてしまった黒歴史扱いしよるやん('ω' ) "", '地上絵新たに発見したのはデモだった説 ', 'カールおじさんの亜種は草   ', 'ナスカの新しい地上絵\u3000カールおじさんの亜種\u3000', '未発表曲(笑 ', '幻の未発表曲   ', '幻の未発表曲www  ', '今回発見されたのはデモ ', 'カールおじさんの亜種 ', 'ファンも喜ばないデモテープ説 ', 'ナスカの地上絵といえば やっぱり須藤元気だよね  ', 'ペルーの地上絵の進化は田んぼアートの進化と似てるかも。 ', '天井の木目！わかる ', '今回見つかったのは下書きw  ', '「未来の人間に発見してほしかったのはあそこまでというか デモ、下描き」 ', 'futureのオールナイトニッポン  ', '新発見を失敗作扱いすなw  ', 'カールおじさん ', '未来のANNでいじられる😂   ', 'ナスカの地上絵のデモ音源wwwww ', 'カールおじさん 確かに口回りに泥棒ひげみたいだった ', 'カールおじさんの亜種www  ']",0.6714007285508242
2022-12-13 01:35:00,"[' ', 'TL皆様仕事が早いです！教えて頂きありがとうございます！！  ', ' ', 'カールおじさんはペルー由来🇵🇪 ', 'マスクオフ？ ', '画家の落書きも美術館に飾られてるんよ  ', '「幻の未発表曲！みたいな ふざっけんな…！」w ', 'ラップ始めた頃のデモ だっさwww ', '過去のデジタルタトゥー的なヤツよまぢで  ', 'まだタイトルコールしてないよね？   ', 'おんたいむ！   ', 'フューチャーのオールナイトニッポン ', '実家の木目をジーッと見てたら見えてくるカールおじさん または、誰にも聞かせないデモ曲   ', 'フューチャーのオールナイトニッポンwww ', 'R-指定こんなヘタやったん！？って未来のオールナイトニッポンでいじられる フューチャーのオールナイトニッポン！ ', 'フューチャーのオールナイトニッポンｗｗｗｗｗ ', 'Futureのオールナイトでいじられる(笑)  ', 'プロのイラストレーターが描いた絵と、気まぐれな落書きを同一視されてるような可能性あるのか…w ', ' ']",0.7054832047886319
2022-12-13 01:36:00,"['フューチャーのオールナイトニッポンでdisられるってww  ', '', 'カールおじさんでいいんかい(笑)  ', 'デモ中のデモは発掘されたくないw ', 'フューチャーオールナイトニッポン ', '「フューチャーの  \u3000オールナイトニッポン！！」 ', 'デモを見なかったふりの心づかい ', '   黒歴史なのか下書きなのか。', '下ネタの絵🤣🤣🤣   ', 'ドローンで探すからまだ出てくるかも…。ち○ぽこ😂 ', 'また下ネタ🤣wwwwwww ', '絶対ありそう最新技術で出てきそうw ', '発見されたナスカの地上絵は、 最初のリリックノート、未発表曲w 出したくなかったやつw ', 'ナスカのちんぽこ？ ', 'クリエイターごろしのナスカの地上絵発見 ', 'どこに想いを馳せてるねんw  ', 'ペルーの古代人、下ネタ描くこと断定される\u3000 ', '想像の倍カールおじさん亜種でわろた ', 'クリエイター殺しww  ', 'ほお…これのことなのか～   ', 'チン〇も出てくる(笑)  ', 'これカールおじさんって言ってるのおもろすぎるｗｗｗｗｗ  ']",0.7802985651152474
2022-12-13 01:37:00,"['それはヤバい。。。 ', 'R「俺ら古代人やったらちんぽ描くとか」 松「絶対やる 絶対やる」 ', '', '古代ペルー人もまさか未来で下ネタ残した人たち扱いされるとは思ってなかっただろうな ', 'キタ\u3000○ﾎﾟｺ ', '未来のANNで弄られる(笑) 松永さんのノリが😂漢字一文字の時よりメチャ生き生きと(笑)そして下ネタへ(笑)  ', '「おめでとう」の文字とﾁﾝﾎﾟｺが書いてあるナスカの地上絵 ', '下ネタの絵😂  ', 'ち×こだらけだったらニュースにできない  ', '相変わらず発想が中学生www ', 'でもどこの遺跡でも絶対シモ落書きは見つかったりするから、あるよね  ', 'そのうち、ちん とか出て来たらどうする？ 俺らだったら絶対やるー 全員やる古代人も  え？チンとかすでにあるの？  種類ってなによ（女にらわからんの）', '学生のノリで下ネタw  ', 'あってもおかしくないです笑笑 楽しいわそんなナスカの人々 ', '「俺だったらチンポコ描く」w ', 'ラヂオの時間）クリーピーナッツのANN ']",0.7349243481953939
2022-12-13 01:38:00,"['🤣🤣  ', 'リリックノートに下ネタ絵 ', '山形大の優しさw  ', '須藤元気の背後にち×ぽこが？？  ', 'カールおじさん😂はヤバい🤣   ', '神様のネットワークて Rさんが言うとなんかこわいわーw ', '剥けてる、剥けてない、カントン ', '剥けてる剥けてないカントン全て習作 ', '無数😂 ', 'ワールドオーダー懐かしいw  ', ' 確かに見なかった事にしたかった地上絵😓', 'ちんぽこ地上絵はオンエアできない ', 'ナスカの地上絵からここまで好き放題言える人たち初めて見たwww ', '山形大学の優しさ ', 'むけてる むけてない かんとん 😂😂😂  ', '4日前にさいたまスーパーアリーナでワンマンライブやったユニットが  「俺がペルーの古代人やったら絶対ナスカの地上絵にチンポ描くやん」とか言ってるのほんと草  ', '剥けてる剥けてないwww ', '今年最後の2でのラジオ下ネタ祭りw  ', 'そんなナスカの人々と友達になりたい ', 'ち○ぽこ描くなwwwwwww ', '無数のち○ぽこはキモ過ぎ😅💦wwwwwww ', 'ポコポコ言うな笑 ', 'これかな 生えてるやつww  ', '「チンｐコ」\U0001fae3\U0001fae3\U0001fae3\u3000', 'オンエア出来ない  ', '良心   ']",0.6675343990325928
2022-12-13 01:39:00,"['いったいどれが・・・(笑)チ〇チ〇にされているんだ？2人に🤣(笑)  ', 'ひとつだけかんとん死ぬ  ', '160個あまりの地上絵全部アレは終わってるだろwww  ', 'ナスカの地上絵イジりwww ニュースには出せない絵😏 須藤元気さんの背中に背負わせるな🤣  ', 'ち○ぽこ...w    ', 'あの背中には無数のちんぽこだのカールおじさんだの みんなで踊って ', 'そうです。ここはぽこちんラジオです。 ', 'なんでチ◯ポコの話ばっかりやねん… ', '無数のﾁﾝﾎﾟｺやｹﾂとかｳﾝｺを経てコンドルwww ', '168中150はち×こかも（）  ', 'ナスカのCreepy Nutsやん  ', '剥けとる剥けてないかんとんww  ', '古代ペルー人の地元ノリ ', '安定のちんぽこうんこラジオ ', 'バカじゃないのwwwwww ', 'コンプラに合わせて ピーなやつはあげないw ', '神様と変な関係性できちゃうじゃんと言う松永さん、好きですね。 ', '山形大学とかの優しさでちんぽこOAできないw ', '下ネタ入れちゃうのかー  ', '描き手の気持ちwww ', '先っぽ🤣🤣🤣🤣   ', 'どうしてもシモにいってしまうこのラジオ(笑)  ', '須藤元気に怒られろ。   ']",0.7900642671368339
2022-12-13 01:40:00,"['ちんぽこやらうんこやらの ', 'モザイクの概念 ', 'エロ漫画の先っぽの黒い線（）  ', '山形大学の優しさ😂 ', '今日アホすぎるだろｗｗｗｗｗ  ', '子供の、大人の、おじいちゃんのチ○ポ ', 'エロ漫画の黒いモザイク笑笑 ', '山形大、👏✨️✨👏   ', '0140 ', 'そやったタイトルコールまだやった ', 'ちんぽこ何回言うんだよwwww ', '各所に熱い風評被害w  ', 'Creepy Nutsのラジオめちゃくちゃおもろいけど下ネタ凄すぎ最高wwwwwww  ', '今の須藤元気こうだよ。   ち●ぽこで話を広げんなw ', '漢字一文字からチ〇ポコの話にノンストップで流れる2人のトーク流石すぎるな(笑)そして40分経過してるし🤣(笑b)  ', 'あの黒い線なんなのか未だ理解できてない ', 'タイトルコール！ 40分話しとる😂   ', '世代別tnpkは爆笑  ', 'めちゃくちゃﾁﾝラジオ📻🤣  ', 'エロマンガみたいな先っぽの黒いやつ\u3000', '色んな種類の╰ꂹ╯のナスカの地上絵おもろすぎるｗｗｗｗｗ ', '山形大の良心の限界？  ', 'それでは始まったw  ']",0.7261199951171875
2022-12-13 01:41:00,"['無数の ', 'その頃からあのモザイクだったのwww  ', '今夜チン◯コの話ばっかりやんけ… ', '2ヶ月ブリにリアタイしたらチン○コラジオでした😹 ', 'こどもの、おとなの、おじいちゃんの。。。笑   ', '４０分経過してのタイトルコール😏😏', 'ちんぽこ連呼したあげく、歴史のロマン感じて拍手で締める🤣 ', '紀元前にモザイクの概念www ', '地上絵は男子中学生の机上の落書きではありません   ', '最終的に素晴らしいです！  ', 'Rさん、学生時代にノートにギンギンのスヌーピー描いてたよね😅💦w？ ', '神様コント笑ったーwww\u3000', '紀元前のモザイクww 山形大の研究をリスペクトして、タイトルコール！！  ', '黒いやつ草 ', 'こいつら古代ペルー人に呪われろw  ', '埼玉であんなにかっこよくぶちかましてんのにラジオの話題男子高校生なの好き  ', '山形大学の発見チームに拍手して始まる番組 ', '松永さん先走ったなw ', '山形大に拍手 ありがとうございます それでははじめていきましょうCreepy Nutsのオールナイトニッポン！ ', '描き手の気持ち…とか話しながらも人様が描いた地上絵にちんぽことか名付けてんの草 ', '今曲行こうとしたな笑  ', 'もうチ〇コの話ばっかりやんけw ', 'オープニングトーク40分 ', '頭からち◯ぽこ生やしてるのどっちだ？w   ', 'テストステロン😂  ', 'ここで一曲… と聞こえた気がする ', '曲いこうとしてたなwww\u3000', 'ちんぽこラジオスタート ', 'ラヴィットとはるくらい オープニング長いwww ']",0.6553793719836644
2022-12-13 01:42:00,"['オープニングトーク40分！(ちんぽこ有り) ', '今日の放送、後で何回ちんぽこ言ってるか数えよう ', 'なんか喋ってる笑 ', '提供11社  邦さん飛ばして曲紹介しかけた (先走りました)   ', '先走り永 ', '第35回  ', '結局山形大素晴らしい！！👏 ', 'つまってたねw ', 'ここで一曲…ww  ', 'オープニング、40分。笑   ', 'タイトルコール入るまでに何回ち○ぽこ言ったんだこの2人はwwww ', 'ナスカのxxxx絵ww  ', 'デモナスカの地上絵を経て あの綺麗な絵になったとな ', 'また長かったなw ', 'なんか声入ってたぞ何言った松永 ', '凄い流れでタイトルコール行きましたな(笑) ま、通常通りですね(笑)うす。 ん？提クレ読む前Rさん笑いこらえた？😅  ', '協賛読みをすっ飛ばして1曲かけようとする松永さん ', 'ここで一曲じゃないのよw  ', '先走り ', 'OPのタイトルコールまでに40分www ', '先走ってたね ', '松永さん今日たくさん先走りますね ', '先に歌に行こうとした？ ', 'ここで一曲を先走った笑 ', 'オードリーばりのOPオーバー ', '松「うす！」  ', '松永さん？？笑笑 ', '先走っちゃった？w ', '神回 ', ' ', 'title callはリアタイ2回目だ！ わ〜い聴けた❣️  ', '松永さんフライングw ', 'オープニングトーク長すぎる😂 ', ' ', '先走ったのねｗｗｗｗｗ  ']",0.746877438881818
2022-12-13 01:43:00,"[' ', '  Cholie Jo (CHOUJI &amp; Olive Oil) / kamasereba  @YouTubeより', ' ', 'うす！ ', 'これもちんぽこぽい😂   ', 'おっす\u3000', 'うす！笑笑 ', ' ', 'うっす ', ' ', ' ', '', 'やっとタイトルコールじゃんか  ', 'ナスカの地上絵 描き始めたての練習バージョン(黒歴史)は草 自分の落書き帳とか誰にも見せられないもんな ', '画像上げてくれる方々、仕事早くて助かる...ありがたく見させてもらってます🙏  ', 'CHOUJI来ると思った😊 ']",0.768282155195872
2022-12-13 01:44:00,"['紀元前に下ネタのモザイク笑笑 ', 'かっこいい  ', '「kamasereba」    ', '何か言ってたのは先走ってたのね。 ', '松「ここで1曲聴いてください、Cholie Joでkamasereba」 ', '先走りしてしまった松永くん （(=ﾟωﾟ)ﾉっ  ', '先走った松永さん\U0001fae3💕 ', '笑っちゃってるあーるさん  ', 'こちらですかね？ カマしてましたよね！埼玉で！！   ', '先走ってる ', ' ', '今日は告知ツイートからずっと先走りまくりだな松永さん(*ˊᗜˋ)笑 ', 'OP40分です笑笑 ', 'CHOUJI😍😍💗 ']",0.7217779342944806
2022-12-13 01:45:00,"['夜中に聴くとまたグッとくる ', 'ﾏﾂさんCHOUJIにハマってるなあ ', ' ', '時々ある須藤元気弄り大好き ', 'Cholie Jo (CHOUJI &amp; Olive Oil)  『kamasereba 』   ', 'エイブル   ']",0.6484976291656495
2022-12-13 01:46:00,"['今年１年、お正月の願い通りにカマしてましたよ！', 'このラジオでさまざまなCHOUJIさんの曲を知る。良  ', 'kamaserebaのフックに長渕を感じるの俺だけ？  ', ' ', 'Olive Oilのビートいいよな好き ', '新しく発見されたナスカの地上絵は下書きだった説……真実味あるな\u3000', ' ', 'でもさ、ちんぽこの地上絵から当時のペルー古代人陰茎の詳細が詳らかになるし、必要な研究材料なんじゃないかなって思えてきたから多分山形大はぜんぶ把握して比較検討してるはず……わたしなら縮尺をきちんと割出してだな(もうちんぽこの話やめろや) ', 'オープニング終わってこの時間！ ']",0.7097276747226715
2022-12-13 01:47:00,"['', '今日の松永さんは、何か先走ってるなぁ...     ', '久しぶりに聞いてるんだけど、ビタースウィートサンバまで40分超えってどんなオープニングなん笑 しかもナスカの地上絵下ネタにしされたら呟けんꉂ🤣ꉂ🤣ꉂ🤣  ']",0.645044595003128
2022-12-13 01:48:00,"['そうそうなんか菊政宗スポンサーついてんだよね  ', '一文字と地上絵で40分 ってスゲーって思うよ   ']",0.8549990653991699
2022-12-13 01:49:00,"['松永さんの｢うす！｣｢押忍！｣のお返事良いなあ～～とじんわり聴く深夜2時近く ', '歪    ', '「歪」いいんかw  ', '流す曲とトークのギャップがありすぎて情緒不安定になりそう笑  かっこいい曲だったな。  ', '松永さん、告知から先走ってたよね。笑  ', 'レコード歪んでたね…。 ', '今起きた。  おはようございます。 ', '歪 ', '画像探してました  ', 'フェス2位凄いな LIVEからLIVEへ梯子しまくってたからな 半端ないな ', '歪みなるほど ', 'カイロプラクティックス  ', 'いいね、いいね！ ']",0.7217758943637212
2022-12-13 01:50:00,"['カイロプラクティック行きたい ', 'リスナーメール「今年の漢字は「歪」」 松永「背骨と骨盤の歪みをよく取ってもらった1年でしたね！！」', '歪み、丁度いいかも。  ', 'ああ！「歪」！！！レコード曲がりましたね～。 え？カイロプラクティック通ってたの？松永さん！  ', '松永は歪まないゆえの変 まっすぐすぎて変 まっすぐがコロコロ変わる。あみだくじっぽい  ', '歪んで  ただ変じゃなくて 色んな方向で歪んでる   ', 'よくカイロプラクティックスに 歪 ', 'レコード歪みあったな  ', '歪んで変なのではなく、真っ直ぐ過ぎて変な松永さん(ただし真っ直ぐの方向はあみだの如くめちゃくちゃ曲がる)  ', '「背骨と骨盤のゆがみをとってもらいました」\u3000', '松永さんが学んでる…  ', '歪まない故の変？  ', '✉️『 歪 』 松「今年はよくカイロ プラク ティックに通いましたね  R「——こいつは真っ直ぐで変やから…歪まなすぎて変やから 歪んで変な人じゃないからな ', 'R「歪まないゆえの変やから、まっすぐすぎての変やから」 ', '真っ直ぐすぎて変 歪んでない ', 'R-指定さんによるとDJ松永さんはあみだくじみたい？\u3000なるほど(笑)。', '歪 引きで歪んでるんや😏 松永さんの1年\u3000カイロプラクティック通いww  ', '真っ直ぐで方向性が変わるはアミダくじ。 ', '松永さんはまっすぐゆえに変な人。確かに。 ']",0.7150424818197886
2022-12-13 01:51:00,"['「歪んで変なひとじゃないからなぁ」\u3000', '松永さんはあみだくじwwww たとえが最高過ぎて  ', '真っ直ぐがコロコロ変わるから引きで見たら歪んでるお松さん(あみだくじ) ', 'R「松永はまっすぐやけど方向性すぐ変わるからあみだくじみたいになってる。引きで見たら歪んでるけどよく見たら直線」 ', '松永さんはあみだくじ。なるほど〜  ', '松永さんが歪んでるんじゃなく世界が歪んでる ', 'あみだくじwwそうだわ ', '炎天下でレコード歪んだ→「歪」→ カイロプラクティックよく通った ', 'R「いろんな方向にまっすぐ行くからあみだくじみたい」まっすぐの方向性 ', '歪まないゆえの、変。 ', '朝井氏曰く「歪んでるのは世界の方」だから世界の方を歪ませるの意味で「歪」でもいいんじゃないですか？ ', '色んな方向で真っ直ぐだからあみだくじｗ ', '歪み ', 'いけてる『歪み』ええやん ', '朝井さんと同じ松永評だ ', 'あみだくじ ', 'あみだくじｗｗｗｗ 上手いこと言うわぁｗｗ ', 'なるほど〜 じゃねえよwwwwwwwwww  ', '歪まない故 真っ直ぐ故の変な人 ', '特別感 ボトルキープ   ', 'あみだくじ ', '松永さんは真っ直ぐ過ぎて変やから。。。笑 ', 'そっちにいくのねw ', 'カイロプラクティックに通ってた松永さんw ', '七福神キャバクラメタファー ', 'とりあえずオープニングトークまでで寝る💦 最近寝不足で😓 ちん○ことカールおじさんで盛り上がる2人の声も聴けたし😂 2人の笑い声が癒しでしかないわぁ✨ おやすみなさーい😴 リアタイの皆様楽しんで💕 ', 'レコード欲しかったなぁ ', '完全に店   ']",0.7828788558642069
2022-12-13 01:52:00,"['歪みかぁ ', '「歪」 でも松永さんは真っ直ぐすぎて変な人、でもその真っ直ぐの方向性が変わっていくからそれが歪んでいくw ', '松永さん＝あみだくじ  ', '歪まないゆえの変な松永さんw ', 'Rさんの松永さん評 歪んでんじゃない 真っ直ぐな故の変  さすが相方 メッチャ理解者  ', 'ｱ「真っ直ぐすぎて変」  R さんの松永さん評😍✨ ', 'R「松永さんは、歪んで変な人ではない 」 愛があるねー。 ', 'ストックに入った「歪」松永さんキープ！  ', 'すごいストンと落ちた！あみだくじw ', '神様ってそーゆーお店のシステム？  ', '全神様の六番手   ', '背骨と骨盤の歪みをとってもらった一年だった R「お前は歪んでるゆえの変じゃなくて真っ直ぐすぎて変やからどう言ったらえんやろ」 真っ直ぐがコロコロ変わるからあみだくじみたい ', '確かに松永さんは、真っ直ぐな人、そこが良い所なんですけどね😅 ', 'ボトルキープも忘れずに(笑)  ', '松永の歪みはあみだくじ Rさんうまいな  ', '初詣、キャバクラちゃうねん😅💦w。 ', '神のアフター ', '七福神の本指名！www\u3000', '今から😂お賽銭の話しかな？ ', '誰の一番にもなれなかったのぉ😆 ', 'アフター狙ってるｗ 本指名を誰にするか ', '神様は893かと思いきやキャバ嬢？ ', '神様に何とも思われてない順位 ', '松永さん、真っ直ぐに見えるけど近づいてみるとあみだくじになってる歪み\u3000', '色んな真っ直ぐがいっぱいであみだくじになってるwwwwwww ', '神社はキャバクラシステムだった…？ ']",0.750109269618988
2022-12-13 01:53:00,"['神社界で😂😂😂   ', '本指名はアリだな 来年はそーしよ！ ', '「Creepy Nutsのオールナイトニッポン」で山形大学のナスカの地上絵メッチャいじられてる🤣😹🤣', '歪みいけた！ ', 'あーるさんがまつながさんの「変」な部分を「歪み」ではなく「真っ直ぐゆえ」ってこういう時に必ず言うのすっっっごく好き ', '神様をキャバ嬢扱いするなよw  ', 'まっすぐ故の変さ しっくり来る表現  ', 'アフターw神社外w ', '松永さんの今年の漢字は熱で曲がったレコードの『歪』をリスナーが提案。 R｢コイツは歪んで変なんじゃなくて、真っ直ぐすぎて変やから｣ R｢真っ直ぐの規定がコロコロかわるからな｣ ', '本指名神 ', 'Rさんの表現10000000000000点 ', '松永さんは、歪んでない 真っ直ぐな方向性がいくつもあって あみだくじみたい ', '場内もあるといい！ ', 'ボトルキープも忘れずに♡ 神様も誰指名か ', '松永さん、本指名をこの中から選びましょうね。笑   ', '芸能なら、弁天様じゃない  ', '誰の一番にもなれない  ', '松「アフターに来てもらうことが大事だもんね？」 R「神社外にね！」 ', '店外(神社外) ', 'お賽銭コーディネーターR ', '神社のアフター ', 'ボンバーマンかっ  ', 'もう入れないつもりの松永を陥れようとしているR  ', '邦さんの👛状況   ', 'ボトルキープでアフター狙う初詣ってなに？w ']",0.7191894426941872
2022-12-13 01:54:00,"['ボトルキープも忘れずにwww  七福神の中の誰が本指名か 神のアフター ', 'キャバクラかよ(笑)  ', '誰か1人だけに特別に打っ込む。ボトルキープ。 キャバじゃねーかw  ', 'ドルオタ的にも耳がいたぁい！  ', '本指wwwwwwwww  ', '豊川稲荷＝お店 怒られろ。笑  ', '神社外でお会いできるのが良いｗ ', '七福神をキャバクラみたいに言うなw アフター入るてwww ', 'そして「一人に」太く出すと(笑) すっかり内容がスナックに(笑)神社外でお会いして・・・がいいの？か？？(笑)話を膨らますの本当に上手すぎて😂  ', '太客だの本指名だのアフターだの 初詣をキャバクラに変換して話すのマジで笑う  ', '阿弥陀籤の様な歪み笑笑 ', 'アフター狙いの参拝⛩️', '神社をキャバクラ例えずーっとしている大丈夫？www  ', 'Rさん松永さんのこと ほんと良くわかってるんだね🥰 ', 'アフターって神様は、キャバクラじゃないんだから😂 ', '松永さん神様ばかり相手にしてると仏様が嫉妬するよ！  ', 'こんな罰当たりラジオある？ ', 'アフター狙い ']",0.7805176762973561
2022-12-13 01:55:00,"['同伴は、御守りかしら。 ', '地元神  張り紙貼る⁉️ 🤣🤣🤣🤣🤣🤣   ', '初回www  ', '神様の太客 ', '初回で1万w  ', 'アフターできてもらうことにが重要な初詣ってなによ😂 ', '見知らぬ初詣客と張り合う松永さん ', '神社外ってなに笑 ', '神様も結局は金なの？w ', 'アフター狙いのお参り 神社外でお会いするGOD同伴もあり ', '1番になりたくて一万以上の賽銭禁止😂 ', '神社に勤めることになるw ', '', '1人1だと差が付かないから 金額をバラけさせる笑 アフター狙ってる笑笑 ']",0.6626752614974976
2022-12-13 01:56:00,"['今年は初めての神社 ', '来年大穴BETにしよ  ', '張り紙www ', '神の世界に夜のシステム持ち込まんでもろて ', '＊彼らは初詣の話をしてます ', '一万円以上のお賽銭禁止(笑) え？正月ずっといるの？？松永さん？？？(笑)  ', 'それなら、何回も来て欲しい。 ', 'つかめ幸福     ', '地元帰ったら昨年行った神社にも行く ', '「一万以上の賽銭禁止」の張り紙(笑)  ', '留まることでやがて松永さんがその神社の神となるわけで…？ ', 'そうそう。もしかするとDJ松永さんを表す漢字一文字は「偏」かもしれませんよね…。「歪」でもなく「変」でもなく(笑)。']",0.7213340510021556
2022-12-13 01:57:00,"['こんな話しててバチ当たらないか心配になってきた...笑  ', '太客笑  ', 'キャバクラなのオークションなのか初詣ってなんだったっけ？？  ', '神々をキャバ嬢に例えているの不敬すぎる ', '平等に1万円ずつ入れると特別感がなくてアフターまで行けない問題www 神社をキャバクラに例えるのとんでもないばちあたりな気がするけどさっきからシステムがしぬほどわかりやすいんだよな……太客とか🤭(誤ったバブリーな認識やめなさい) ']",0.7902059257030487
2022-12-13 01:58:00,"['神様に火遊びしてたら頻尿治らないわ  ', '年明け一発目ラジオ楽しみだなあ ', 'ずっと正月神社で1万以上の賽銭入れないように待ってるとか面白すぎるやん🤣 ', 'まじめな話、お賽銭はその時のその人の経済状態で妥当な額を自分で決めて入れるのを神様は見ていてくれるって聞いたぞ\u3000', '他人のお賽銭も規制するDJw ', '新婚旅行、商船三井フェリーに乗って自家用車で行ったなぁ〜北海道1週間…このCM聴くと毎回思い出すわ😂 ', 'Ｒ\u3000神社を夜のお店扱い 松\u3000「一万以上の賽銭禁止」張り紙して自分だけ入れる  二人ともバチ当たりな話ししてるけど 神様に愛されてるよ 絶対 ちゃん見てるのよ']",0.8183399240175883
2022-12-13 01:59:00,"['いつも以上に時間の経過があっという間過ぎてる?!   ', 'まさか豊川稲荷がお店になってしまうとは🤣天罰当たりませんように！！！  ', 'お賽銭で7万と1万打っ込む松永さん。 調べたら全国平均¥150でした。 7万で、新幹線に取り残されて爆速で消えてったAirPods何個か買えるよw  ', '松永さんは真っ直ぐ、の部分後で聴き直す✍︎ ', '百礼百拍手がじわじわきている  ', '他に1以上行かれたら 持ってかれるから止める笑笑 ', '上柳さんｗｗｗｗｗｗ ']",0.7793448666731516
2022-12-13 02:00:00,"['長過ぎよ、韻……😂😂😂😂   ', '来週、SPW   ', 'お知らせ！スペシャルウィーク！ ', 'ホテルの激ザコドライヤー  残ってるエビとタコもらいや ', '来週楽しみだなー ', '韻長っ  ', '松永さん、今年は忙しかったでしょうから、お正月は地元でゆっくりしてしてください😀 ', 'ホテルの激雑魚ドライヤーw ', 'Blass Monkey!! ']",0.7312786430120468
2022-12-13 02:01:00,"['ホテルの激ざこドライヤー エビとタコもらいや  ', 'ホテルの激雑魚ドライヤー (あいつの)海老とタコと貰いや？ ', '先週のビュッフェラジオがwww ', 'なんか上手く言えないけど、ＲさんがSPW告知する時の｢ゲストが来ます！｣の言い方大好きなんだよな  ', 'アツいなKANDYTOWN ', 'ホテルの激雑魚ドライヤー 残ってるのエビとタコと貰いや〜 うわぁ…すっげぇ… ', '韻踏みジングル ホテルの激ザコドライヤー エビとタコ貰いや（？）  ', 'ホテルの激雑魚ドライヤー 残ってるエビとタコもらいやー ', 'ホテルの激ザコドライヤー (バイキング)あいつの残ってるエビとタコともらいや ', 'KANDY楽しみ ', '韻すごい！ ', 'ホテルの激ザコドライヤー あいつのエビとタコもらいやー  すげぇ ', 'SPW KYANDY TOWNのIOとKEIJU  ', 'ホテルの激雑魚ドライヤー 残ってるエビとタコもらいや って長いわwww  ', '来週ですね！SPW！！楽しみです☺️  ', '来週のSPW!!楽しみだな😀 ', '先週サッカー見ながら聞いたような気がしたキャンディータウンゲスト本当だったんだ ']",0.7529521081596613
2022-12-13 02:02:00,"['我々といちばん遠い存在 ', '', '毎週思うけど、うまいよねっ💘サスガ！  ', '来週、SPW!!!(きっと、いい感じになるよね？！)\u3000 ', 'えげつなく踏み倒した韻ジングル ', 'この前からKANDYTOWNのこの曲聞きまくってる ', 'SPWは来週です。今週は2人です。 ', '今週のゲスト発表はちゃんとイメージ重視の静かめでわらった ', 'ホテルの激ザコドライヤー 残ってるエビとタコもらいや  ', ""怖いよりクールに親和性のない深夜ラジオリスナー。 もうなにも言えない('н' ) "", '目の前にシュッとした人が出てきたとき何も言えなくなる深夜ラジオリスナー  ', 'ｸﾘﾋﾟと一番遠い位置にいるグループ ', 'ホテルのガキ雑魚ドライヤーすごいわかる😂 ', '何も通用しないやつだよなw ', 'ホテルの激雑魚ドライヤー 残ってるのえびとタコ貰いや～  ﾜ､ｽｹﾞｯ ', 'coolが1番深夜ラジオリスナーから遠いwwww ', 'Rep.東京・世田谷のクルーKANDYTOWNが来るぞー！   一番深夜ラジオから遠い人達が来てくれます。', 'COOLが一番遠い 深夜ラジオリスナー  ', 'ゲストすげ～ ']",0.716541674402025
2022-12-13 02:03:00,"['来週楽しみ過ぎるよ  ゲスト：KANDYTOWN(IO/KEIJU)   ', '🤐 ', 'クールが1番深夜ラジオリスナーと1番遠い ', 'キャンディータウン高校の時めちゃ聞いてたからマジ嬉しいなー  ', '劣等感が火を吹く笑 ', 'SPW、来週楽しみです！！ ', 'シュッとされたらお前の劣等感が火を吹いて死ぬwwwwww ', 'KANDYTOWNはクール。深夜ラジオと最も親和性がない？？\u3000なるほど(笑)。', '深夜ラジオリスナーの劣等感に火がつくｗ ', '松永さんが今年行ったお店は女の子たちのチャームポイントもちゃんと書いてある。笑  恵比須天は『とにかく釣りが大好き❤︎』笑   ', '劣等感でまた欠席しないで下さいね🎵健康で来週もおいでよしてね。 ', 'KANDYTOWN好きになったのに解散決定してるの悲しすぎる、、 ', '劣等感が火を噴く(笑)  ', 'オマエの劣等感が火を噴く！松 そうなのですね！！！(笑)  ', 'KANDYTOWN嬉しみ！  ', '「シュッとされたらお前の劣等感が火を噴くぜ」 ', 'イカチイより親和性低いCool😂 ']",0.5803732573986053
2022-12-13 02:04:00,"['Coolから1番遠い深夜ラジオリスナー ', 'おまえの劣等感が火をふく。 ', '偏見がひどい笑  ', '松永「自分の劣等感が火を吹いて燃え尽きて死ぬ」 きゃんでいたうんと対峙したリスナーたちはこうなる予想 ', '格好良さをfeel…。 ', '松永さん「深夜ラジオリスナーと一番遠い、目の前にシュッとした人が現れるほうが困る、己の劣等感が露わになる」ほらね！！！ 笑  ', 'うまさを強調しない、さらっと あっやば ', 'おまえの劣等感が火を吹くぜ\u3000', '劣等感が火を噴くそしてしぬ笑笑 ', 'ラジオリスナーには眩しすぎるKANDYTOWN笑 ', '寝る体制に入ります （寝落ちしそうです） ', 'どんな話が聴けるのかめちゃくちゃ楽しみよ。   ', 'Rさんの解き明かしたがりすらも拒むかっこよさ 「feelしてもらうしかないんですよ」 ', '劣等感で火を吹いて自分を燃やしながら死ぬ ', '劣等感で火を噴く🔥 ', 'お前の劣等感が火を吹く  ', '「シュッとした人に来られたらお前らの劣等感が火を噴いて死ぬ」wwwww ']",0.7260040640830994
2022-12-13 02:05:00,"['劣等感で火を吹くwww ', '火を吹いて死ぬwww 表現www ', '松永さんイケメン来るとお休みしがちですが来週大丈夫ですよね？  ', '来年3月を以ってKANDYTOWN解散します。けどHIP HOPでちゃんと解散するのは稀有 ', '初対面…… (緊張してる？邦さん)   ', '来週はCreepy Nuts揃ってSPW！！！ 今年最後ですし松永さん体調気を付けてくださいね！！！  ', 'キャンディ×くりぴは、未知。   ', '活動終演してしまうのか…。 言い回しおしゃれね…。 ', '松永「一番難しいんだけど、なんて呼べばいいんだろう？」']",0.718727596104145
2022-12-13 02:06:00,"['ァルさんちょくちょく東京弁が出るようになってる？ ', 'なんて呼べばいい？ マジ初対面だから ', '邦さん、タメ口から入る   ', '今朝ツイートしたヤツをもっかいあげとく。 等身からして違うよな…👀‼️  ', 'SPW真面目に音楽の話したらいいんだよ たまにはそれも聞きたいよ？  松さんなにかいじってる音がする 赤ペン？ ', '呼び方からですよねー ', '松永さんマジ初対面！なんて呼べばいいかタメ口敬語本番前確認 ', '全国ネットで来週のゲストへの呼び方に悩む話🤣  ', '来年3月で終演するんだ ', 'mudマジ好き  ']",0.8241341180271573
2022-12-13 02:07:00,"['マジ初対面なんですね！松永さんお二人と！ ・・・BAD HOPの時にも確認してましたよね？そして「さん」呼びになった記憶ありますな～。懐かしい！  ', 'KANDYTOWN、聴く側も何か、ドキドキ...😅   ', 'SPWにお休みしませんように。 ', ' ', 'お松まじ初対面 ', 'まじ初対面なの！？ ', 'ハマくん確か話してた記憶があるなぁ…。 ', 'ずっと敬語でいいよ、会ったとたんに敬語しか出てこないでしょうに…。 ', ""OKAMOTO'Sフィルター☺️   "", '心の準備にどうぞ！  ', '松永「会いたかった！！」 笑笑 ', '「おもいっきりタメではじめてみれば？」\u3000', 'R「KANDYTOWNさんになってしまう」 ', '松永さんまじ初対面！ 「なんて呼べばいんだろう」  タメ口敬語確認しとこ ', ""和光の同級生が多いんだっけOKAMOTO'SとKANDYTOWN "", '和光とかそんな感じ。   ']",0.7460929592450459
2022-12-13 02:08:00,"['DJ松永さんはすぐ出てくるが R指定さんがパッと出てこん!!!!!!! ', '会いたかったーyes！ ', '敬語かタメ語で行くか問題 ', 'youngjuju〜〜  ', 'リスナーより先にパーソナリティー達がまずゲストとの距離の詰め方を決めかねている(*ﾟ∀ﾟ)笑 ', ""和光！OKAMOTO'Sフィルター "", '初対面に思いっきりタメ語は松永さん難しすぎるんじゃない😂 ', 'ｸﾘﾋﾟの雑魚さが好きｗ ']",0.7330998011997768
2022-12-13 02:09:00,"['邦さん……敬語 Rさん……タメ語  歪みが生まれる？   ', ""OKAMOTO'Sフィルター  "", '予行練習してる！  ', 'ふたりそろうと R「KYANDY TOWNさんになってしまう」  ', 'KANDYTOWN 呼び方問題 Rがタメ口なのに松永が敬語はどうなのか  ', '松永さんRさん、こちら参考にどうぞ 逆に観ちゃうとビビってさらにムズくなる可能性もあるけど…  ', '本番前に確認する？   ', '松「はじめまして！！ 松永ですぅ」  予行練習はじめた ', '2人になったら『KANDYTOWNさん』笑   ', 'SPWの予行演習楽しそうでよろしいね ', 'シュミレーションしてんの笑うw ', '初対面なら敬語の方が、間違いないと思いますが😅 ']",0.7515039173039523
2022-12-13 02:10:00,"['ややこしいのは年上のお松さんが敬語でRさんがタメ語になること  ', '二人になるとKANDYTOWN感が増すw ', 'やはり「さん」呼びに？ 敬語間違いないですよね🤭さてどうなる？？？でも初対面でタメ口難しいでしょうね💦  ', '時折 ', '「タメ口でいいと言うしかない」正論 ', 'Rさんの提案  邦さん、ムズい😅   ', '松「初めまして〜松永ですぅ〜」  ', 'タメ口でいいですか？敬語でいいですか？って入りがコミュ障なんだよww ', 'もう既に雑魚い😅 ', '敬語タメ口の２択は難しいよ💦 ', '来週は敬語 ', '確かに敬語でって人はいないw ', '初対面だし、敬語で行きましょうよ ', '来週呼ぶゲストに対してどう接するか放送上で長尺で話し合うって面白い😆 ', 'ハマくんに相談してみれば？笑 ', 'そんな使い分け松永さんに出来る？🤭', 'ムズい ', 'そりゃそうだｗ聞かれたらタメ口しかないだろ ']",0.7533769362113055
2022-12-13 02:11:00,"['こんばんは松永です〜〜タメ口と敬語どっちがいいですか 敬語で！ ﾊｲｯ ', '前もそんな事してなかった？www ', '敬語でいいかタメ口でいいか事前確認 ', '敬語の方がいいすか？タメ口の方がいいすか⋯？笑 ', '松永さん、本番前に本人たちに確認www   ', '「あっ、敬語でお願いします」で来たら面白いなぁｗｗ ', '「はじめましてっ！まつながですぅー。どーっすか？タメ語の方がいいですか？敬語の方がいいですか？」  ', '時折感情などをタメで織り交ぜるw ', 'ステキ ', 'ハマくんに聞いたらいい。   ', '敬語→タメ口のグラデーション作戦 ', '福くんとインスタ相互フォローなの！？？\u3000', 'ちなみに福くんCreepy Nutsファンなの知ってる？ ', '福くん！', '福くんとインスタ相互フォローw ', 'バイブスが合えば追い追い自然とナチュラルな言葉遣いになるって…… ', '福くんと相互😳 ']",0.7344931177794933
2022-12-13 02:12:00,"['IOにもKEIJUにも敬語で話してる未来しか見えない ', '時折タメ語を、織り交ぜる笑笑 ', '「最後お別れの時にはタメ口」 「ステキ！」S級コミュニケーション能力持ち ', '鈴木福さんもクリピファン！！ ', '「時折」挟んでいって最後タメ口・・・。 S級コミュニケーション！美しい流れになるの・・・かな？(笑)  ', '福さんと松永さんは相互フォロー  ', '福くんと相互フォローしてるんだ。 そして福さんになってる。 ', 'ｲｵ ｹｲｼﾞｭ ｱﾘｶﾞﾄｳ ', 'ラジオ中に来週のゲストの応対をあたふた考えるふたり  ', 'S級コミュニケーターになろう!! ', '福くんとインスタ相互フォロー  ', '結局敬語になってると思われる🥲  ', '福くんファンなの知らなかったそうなんだ〜 ', '急に福さん挟んでくる ', '福くん呼んで、会話の仕方習おう‼️ ', '福くんファンなの！？ ', '福くん呼んでよwww ', '福さん 鈴木さん   ', '福くんクリーピーナッツのファンなの！！ ', 'もう福くんの呼び方問題になってるw  ', '鈴木福くんとインスタ相互の松永！', '果たしてそんなコミュ力が2人にあるのか、？笑笑 ', '福くんと相互フォロー ', '福くんとインスタ相互フォローなんだ ', '福くんとインスタ相互フォロー  ', '鈴木福くんと相互フォロー関係の松永 福さん 福さんもおかしい。鈴木さん 鈴木さん、芦田さん  ', 'Rさん凄いびっくりしてる  ', '福くんCreepyNutsファン！？ ', '鈴木さんw ', '福くん→福さん→鈴木さん ', '福さん ', '福くんとインスタ相互フォロー ', '鈴木福さんww ', '福さんｗｗｗ ', '福くんとインスタ相互フォローしてる?!  ', '最終的に鈴木さん。 そして芦田さん。 ', '福くんとインスタ相互フォロー ', '敬語タメ語でどーしよどーしよあたふたしてる30過ぎの大人男子２名。 ', '福くん→福さん→鈴木さん ', '鈴木福くんｸﾘﾋﾟﾌｧﾝなの？ インスタ相互フォローなんだ ', '「ちなみに福くんCreepy Nutsファンなの知ってる？」「えー！！！」「福くんとインスタ相互フォローなの」福さん ', '福君は、Creepy Nutsファンです\u3000 ', 'いや、もう福さんだからねｗ ', '急に福さん ', 'もっと菅さんw ']",0.6959621797908436
2022-12-13 02:13:00,"['福さん！！ ', '須賀健太は須賀さん もっと須賀さん  ', '敬語からタメ口の作戦⭕ ', 'えーーー！福くんとインスタ相互？！！ ', '鈴木さん、芦田さん、もっと須賀さん  ', 'キャリア的にも福さんや…！！ ', '福くんくりぴファン！！！！！ ', 'もっと菅田さん   ', 'もっと須賀さん\u3000', '鈴木福くんはCreepy Nutsファン 福さん！キャリア的にも福さん！ ', '福さんとインスタ相互フォロー ', '福（さん）になってる  ', '福くん→福さん→鈴木さんww   ', '福さんもおかしい 鈴木さん ', '福くんさんとインスタ相互なんだ松永さんww ', ' 福さん 鈴木さん', '福君って結構なラジオ好きよね  ', '福さんもおかしい！鈴木さん ', '鈴木さんはもはや誰かわからない  ', 'えええええ笑笑笑 ', 'Creepy Nutsファンな福さんと相互フォローな松永さん ', '鈴木さん(笑)  ', 'ふぇ！？福くん！？ ', 'もっと須賀(健太)さん ', '福くんと松永さんインスタで繋がってるのか～！ 2人「福さん」となる。あ「鈴木さん」に(笑)  ', 'コレ、BAD HOPんときにもやっとったな。   ', '今日さ、松永さんをＲさんが応援してるようなラジオ 何となく個人の感想  福くんと相互フォロー CN好きなんだよね ', '芦田さん、鈴木さん、須賀さん､､､はゲストに来ないが､､､ ', '福くんファンなんだ笑笑笑 ', '福くんも好きなんや〜 ', '福さんwwwww   マルマルモリモリの魔力は怖い。', '芸歴はかなり長いですもんね？😂福さんいや、鈴木さん🤭', 'え？！！！鈴木福さんCreepy Nutsのファンなの！！！ ', 'マルマルモリモリで止まってらあ！鈴木さん、芦田さん ', '松永さん福くんとインスタ相互なん笑  ', 'ほんとにFFだった  ', '君呼び  行くか‼️   ', '松永、福くんとインスタ相互フォロー！！！笑笑 ', '福くんインスタ相互フォローなの？w ', 'もっと須賀さん笑 ', 'え〜？そうなんだ！ 福さん♡♡  ', 'マルモリは確か2012年？とかですから ', '「止まってらｧ」\u3000']",0.7823804219563802
2022-12-13 02:14:00,"['年下の2WINにもタメ口無理やったやん ', '福くんCreepy Nutsヘッズだったの！！！良い子！！ ', '須賀健太さんはもっと須賀さん！ ', 'くん ', '結果、最後まで敬語になるに1票 ', '福さん、まなさん、こころさん。 ', '来週なんて呼ぶかすげぇ楽しみ  ', 'もっと須賀さん(笑)  ', '福さんも年齢的に聞くよな。 ', '鈴木さん芦田さん笑笑 ', '福くんー福さんー鈴木さん笑笑 ', 'もっと須賀さん ', '福くんくりぴファンなの！？すごー ', '須賀健太くんは須賀さん ', 'OIくん、KEIJUくん IO氏、KEIJU氏  ', 'ヂ村上さんみたいな ', '鈴木さん‥相互フォローありがとうございます🙇\u200d♀️  ', '鈴木福君はcreepy nutsの大ファン ', '芦田さん、鈴木さん、須賀健太w ', '福さん番組に呼んでほしいけどまだ年齢的にｱﾚ？ ', '氏   ', 'PUNPEEさんは『YZERR氏』 ', 'そうか、PUNPEEさんってなるのか、Rさん ', 'キャリア的には鈴木福さん R「すいませんでしたァァ」 ', 'そこまでいくと、神木さんが。 ', 'もっと須賀さん笑笑 ', 'PUNPEEさん言いそうw  ']",0.739153883778132
2022-12-13 02:15:00,"['くん 松「…いこか…」  ', '「いってみよか…くん」 「ｯﾂ…いこか」 ', 'もっと須賀さんwww  実年齢ではCNとどっちが上なんだろう🤔 ', 'PUNPEE「鈴木福氏」w ', 'もっと「須賀さん」(笑) しかしじっくり来週に向けての準備をされてますね🤭「君」呼びになる？？  ', 'IO氏KEIJU氏www ', 'IO氏KEIJU氏(笑)  ', '氏で呼んでみる。 ', '氏 ', '氏になってる笑 ', '藤井さんとPとワイザーのやつかな  ', 'IO氏 KEIJU氏 ', '氏呼び、行きますか？   ', 'もっと須賀さん😂 確かに愛菜ちゃん、福くんで止まってるわ😂 ', '氏笑笑  ', '来週、楽しみだな！   ', '須賀健太氏 鈴木福氏  ', '鈴木福氏 ', 'ちゃん呼びは無理😅   ', 'マクガフィンwww  ', '鈴木福氏ｗ  ']",0.7208243861794472
2022-12-13 02:16:00,"['ゲストへの絡み方公開相談を聴く時間。イオさん、イオ氏、イオちゃん、イオくん、イオ殿。 ', 'IO氏 KEIJU氏 ', '殿   ', 'R殿!!  ', '『IO氏、KEIJU氏』\u3000', '何で福さんには""さん""付けなのに木村拓哉さんの時だけ""キムタクん""とか""アニキム""になるんだよ...ｗ ', '福氏！鈴木福氏！ ', '芦田姉さん・福田兄さん、かな？ ', '妄想はできるが、現実には無理  ', 'IO氏 KEIJU氏 福氏 須賀健太氏  ', 'ダル絡みのやつみたいw ', 'IO氏KEIJU氏 笑笑 ', 'ちゃん、さん、氏、くん、殿  R殿～！  ', 'PUNPEEさん次々と対談しないw ', '殿はおかしい ', 'ござるか🤣🤣🤣🤣   ', '鈴木福氏 ', 'イオちゃんさぁ〜！ ', '名前呼ぶ練習してるの可愛すぎるでしょ😚 ', 'ゲストにタメ口のCナッツが思い浮かばん ', 'PUNPEEが氏呼びなんだ ', '本来はゲストにタメ口か敬語かって裏でこっそり話してラジオで実は…みたいな流れが主流だけど相手の方に全部ラジオで話聞かれてたらめっちゃ面白いよね。  ', 'なんでゲストが来たら急に侍になるんだよRさんww(*ﾟ∀ﾟ) ', '名子役と連続対談ってどんな企画よ🤣 ', '話がブレるから殿はやめてw ', '福氏 ', ' だるい業界人笑笑', '御意🤣🤣🤣🤣🤣   ', 'IOちゃんさぁ〜(笑)  ', '御意、御意、御意 ', 'ござるね〜〜御意御意御意\u3000', 'Rさんと同じタイミングで 殿出てきた私w ', 'タメ口or敬語と呼び方問題、IOさんKEIJUさんが今日の放送聞いてたら話早そう  ', 'PUNPEE\u3000福くん\u3000須賀健太の ボクらの時代 ', '先生   ', '殿に引っ張られてござる…御意御意御意😂 ']",0.6900151099477495
2022-12-13 02:17:00,"['殿はだめよ  セフィロス出てきちゃうからw ', '先生は馬鹿にする時の言い方 ', '御意御意御意 ', '御意ww ', 'Rの提案全部オタク臭いのしぬ ', 'あと 殿(笑)  ', '「イオちゃんさぁ〜」 ', '年上にちゃん付け絶対むり！！笑 ', 'キムタクと会う時もこんな話してたよねwww 歴史は繰り返されるww  ', ' 殿笑笑笑笑笑笑笑笑笑', 'ちゃん、さん、氏、くん、殿 ', 'ござるね〜ござるね〜 ぁ御意御意御意御意！御意御意御意御意！', 'IO殿 KEIJU殿 ', '殿ｗｗｗ ', '殿はR殿のやつ思い出しちゃう ', '｢KEIJU殿はー｣ ', '殿wwwwwww ', '話の流れが「氏」になってる😅 え？「ちゃん」？？？(笑) 行けんの？松 絶対無理！年上にR\u3000ですよね(笑) からの「殿」😂  ', 'ござるか(笑)  ', 'R殿ぉ！！がよみがえるからwwww ', '古の2ちゃんねらーじゃんwww ', 'R殿！', 'イオちゃんさ～！ ', 'さん、君、氏、殿、先生   ', '全方位対応は…さんだと思うもー、さんで行こ。殿で、ござるかがで出来たら相手どうすんのさー。 ', 'ござるか、は…やり過ぎ ', ' ござるね〜ござるね〜御意御意御意御意', 'なんJ語は草 ', '殿🤣 ', 'あなた   ', '御意御意御意(笑)  ', '貴方ってどっち？w  ', 'ござるね〜ござるねえぇ〜 御意御意御意御意！ ', 'コミュニケーション下手になってない?ｗ ', 'ござるか？御意御意御意 ', '殿はダメよw R殿思い出すからダメよ ', 'ござるか？ 殿に引っ張られすぎww ', '初対面で面と向かって～氏呼びはヤバいw  ', '']",0.7483555784350947
2022-12-13 02:18:00,"['ござる、御意 ', 'クリーピー殿の2人ww ', 'あなた  これは知らん人じゃん  ', 'ござるね〜御意御意御意御意御意w ', 'R殿！R殿！！  ', '「殿」呼びは爆笑しかない！！ ', 'ラッパーのゲストくる時に呼び方とか話し方どうするか会議するんほんとかわいいし、楽屋話聞いてるみたいで楽しい ', 'ちゃんイオでどーかね？  ', '殿で、私も、”R殿”を思い出しちゃうw    ', 'こんだけ今色々言ってても、結局BAD HOPの時みたいになるよ  ', 'KEIJU殿 ', 'ござるねぇ〜！ 御意御意！！  ', '殿笑笑 ', 'Ｒ殿とまちゅちゅん ', '御意御意御意ー！ ', '御意御意御意御意\u3000', 'ん？ポキポキ音？赤ペンのキャップ音拾ったかな？  ', '殿、ござる😂 ', 'もうKANDYTOWN呼び方大喜利になってるじゃんwwww ', 'ナチュラルに 信じる   ', 'けいじゅ殿は～笑 ', ' あなた笑笑笑笑', '御意御意w  ', '同年代のゲストに対する呼び方とかタメか敬語かとかに毎回延々悩むお二人とても楽しい ', '殿はヤバすぎるw 最後ダサい侍w ']",0.7587560800214609
2022-12-13 02:19:00,"['T-PablowとYZERRが来た時の松永さん思い出した。年下に敬語だったよね？笑   ', 'R「ただ KEIJUが聴いてくれてることがあるらしくて…ラジオ ', 'くんは、年下にでも失礼な気もする。 ', 'あなたは距離があるなぁｗ ', 'あなた…はどうですか？ リスナー的にも聴きづらいw ', ' 君', '殿、ござる、御意ww  ', 'ちょうどPUNPEEとYZERRの対談で、 P様がYZERR氏って言ってたなーと思ったら、R氏が言ってくれた。 今、彼らは来週ゲストにくるIOとKEIJUの呼び方会議されとる。がんばれ ', '聴かれてる可能性😅  やはり本番前に確認   ', '殿呼び？\u3000先生呼び？', 'ここに来て聞いてるかもっていうオチw ', 'あのぉー、あなたはどうですか？ ', '自分から当日出てくるやつを信じる？feelで ', '来週のSPWのCM   ', 'ところでたまアリの話、ないのですか？ ', '聴いてる可能性があるからこういう感じで行くんだぁ…ってなるのか。 ', '「御〜意！御意！御意！御意！」  すゑひろがりずかよwww  ', 'CMではイキってる松永さんw  ', '「さん」って結局言ってると思う😏']",0.7529320021470388
2022-12-13 02:20:00,"['「くんで、くんでいくんだーみたいな顔しないでね」「せえへんせえへん」 ', '長かったなこの話 ウェカピポでのど自慢優勝がどれだけすごいか語ってくれてもいいんだよ  ', 'あなたはどうですか？？ ', '君でいくんだーって顔しないでね笑笑 ', 'COOLでシャレオツなヒップホッパーがゲストに出るのに呼び方で喧々諤々するふたりって…🤣 だがそれでいい  ']",0.8745214641094208
2022-12-13 02:21:00,"['リスナー全員 『くんでいくんだー』の顔なるよ。   ', '見せましょうか？って…松永さん あまり無理なさらずに、来週は必ず来てくださいね🤣 ', '今回のSPWのCM、まともな方だねぇ\u3000 ', '今日のラジオ聞かれてたら何で呼んでも『あぁ、それでいくんだ(´ 艸｀)』ってなる ', 'そういえばこの練習BAD HOPの時もやってなかったっけ？そんで結局松永さんずっとさん付けだったような ', 'じっくり考えての「フィール」で。 ん？ご本人聞いてる？？長尺使って考えた結論が「ご本人に聞く」(笑)でもそれが間違いないですね😁  ', 'SPWのCM！！！ ', 'そういう側面お見せしましょうか ', 'バットホップゲストの時のどんどん敬語になる松永氏を思い出しますわ  ', '君でいくんだ〜みたいな顔しないでねって言う松永かわいいかよ ', '福くんほんとに好きなんだなw    ', '「くん」でいくんだ～みたいな顔しないでね ']",0.7998817779801108
2022-12-13 02:22:00,"['来週何て呼ぶのか気になりすぎて絶対トーク入ってこないじゃん笑  ', '🚬  ', '🚬ジングル   ', 'ヤニジングル ']",0.6567836403846741
2022-12-13 02:23:00,"['そういう側面見せましょうか  ', '🚬ジンクル！ ', '🚬 ', 'ヤニ🚬ジングル  ', '🚬  ', '🚬 ', '🚬ジングル   ']",0.6818554699420929
2022-12-13 02:24:00,"['松永さんキングスマンわかる？  ', '🚬🚬もうこんな時間？！？ 聞きたい話題がやっぱり出てこない(笑)  ', '福田さん「おお〜いい〜〜」 ', 'シルクハットw ', '外国のトークショーかw  ', 'リスナーから提案 Mr.呼び  ', '🚬 もう？早いなぁ ', '✉️ミスターは？ 福田さん「あぁ〜〜良い〜〜〜」 ', 'Mr.呼び のメール読みが素敵だったよ松永さん！  紳士ラジオ スーツ全部捨てちゃったのよー わぁそうだった ', 'ジェントルヒップホッパーの伏線、ここで回収するかぁｗ ', '来週はオーダーメイドのスーツ＋シルクハットでMr呼びして紳士感出す😂  ']",0.7988653659820557
2022-12-13 02:25:00,"['Mr.！！！ 笑笑笑 ', 'インスタ相互フォローの鈴木福さん  ', '紳士感は良し  続かん😅   ', 'ミスターイオ、ミスターケイジュ✋来週だけは久しぶりにきっちりスーツのジェントル ', 'ジェントルヒップホッパー  ', '紳士でもカミカミになってそうだと思うw ', 'スーツ捨てた?!  テーラー行くって(‘ω’)かよ(笑)  ', 'キングスマン！！', 'ミスター呼びに福田さんが唸った！！！(笑) え？スーツバッチリキメますか？！？(笑)からの捨てちゃった松永さん😂  ', '英国紳士風 ', 'メリークリスマス、ミスターケイジ、ミスターイオ   ってなるのよ。戦メリなのよ。', 'Mr.呼び 良さそうだけど喋りづらそう ', '来週、何と呼んでいてもびびってるとしか思えなくなってる今。ちゃんと2人でお迎えして下さいね。 ', '右京さんも英国紳士だしね😁 ', 'ミスター呼びはヤバいやろw ', '松永さんと鈴木福さんの相互フォローはこちらになります。笑  ']",0.7586403767267863
2022-12-13 02:26:00,"['キングスマン大好き😀 ', '', 'GAL OF THE DEAD！   ', 'ギャル ', 'そのスーツ姿🎩✨逆に見たいわ🤣 ', 'ギャルオブザデッド！！！', 'ギャルオブザデッド ', 'ひと段落したので  ', 'スーツの松永さん久しぶりに見たい〜👀︎💕︎ ', 'それは漢さんだからまかり通るところあるよ？そこ間違えたらやばよ？ww  ', 'ギャルだったらいける呼び方多いね ', 'ギャルなら「ちゃむ」とかw ', 'お！\u3000ギャルオブザデッド。', '敬意を持って呼び捨てなんていう考え方があるんだ！ ', 'スーツ‼️あの…ピンクのスーツ借りてきましょーよ。', 'ギャルならちゃみとかちゃむで行けた。 IOちゃみ KEJUぽよ  ', 'けじゅぽよw ', '漢さん確かに！！ ']",0.7647490045603584
2022-12-13 02:27:00,"['ギャルだ！ギャルの時間だ！\u3000', '🧟\u200d♂️🧟  全然まだまだやるんよなこれw  ', '仕立て屋って言葉を聞くとこの前の若林さんの話思いだすw ピンクに合う色はエメラルドグリーン！サンリオになっちゃう！ って話、めっちゃ笑った   ', 'GAL OF THE DEAD！  ', 'ギャルオブザデッド！！ ', 'ギャルオブザデッド！🧟 ', '     ', ' ゾンビ！！', 'ちゃみちゃむ ', 'ギャルのお怒り ', '久々のギャルオブザデッド！！！  1ヶ月ぶりじゃね？', 'ここまできたら、名前を呼ばずに続ける、ビジネス会話も選択肢。 ', 'けじゅぽよ\u3000いおっち ', 'GoD!! ', '「ギャルやったらなー、ちゃむでいけんねんけどな」 ', 'GAL OF THE DEAD !! ', 'いおちゃむ笑 ', '来週のゲストの名前呼びをずっと考えてるふたり ', 'ギャル！！！', 'ギャル！ ', 'いおちゃみ けじゅちゃみ(笑)  ', 'ケジュぽよwww ', 'ギャル\u3000オブ\u3000ザ\u3000デッド！\u3000', '４時間立つの辛くない😂 ', 'ご時世的にッチはクロアチア代表になっちゃうんだよなw ', 'いおちゃみ けじゅぽよ ', 'けじゅぽよ ']",0.716915794290029
2022-12-13 02:28:00,"['ギャルオブザデッド ', 'ギャルだったらいけるんだけどなぁー。 ', 'じっくり考える合間に「ギャルオブザデッド」(笑) 説明してるRさんの後ろで聞こえる松永さんの「へぇ～ふ～ん」(笑)良き🤭  ', 'けじゅたん ', ' なんでもかんでも笑笑笑笑笑笑笑笑笑', 'きゃんでぃたうん2人の呼び方問題が片付かないままギャルゾンビコーナーをしていて R「俺らがギャルならなぁ〜！」 ', '「おれらがギャルなら」\u3000', 'GAL OF THE DEAD！ ', '4時間は長ないか🤣？ ', 'けじゅぽよwwwww ', 'ギャルだったら「ちゃみ」、「ちゃむ」、「ぽよ」で呼べるのにw  ', 'ちゃみとかちゃむとか🤣ぽよとか😆  ', '立ち飲みで4時間立ち続けるの強くて草 ', '敢えてのラッパーネーム呼びもラッパー同士だから成立するんだとしたら結局松永さんムズくない？  ', 'サンタイガーさん！🐯  ', 'ギャルオブザデッド   ', 'おじいちゃんのこだわり強い…ジョージ ', 'いおちゃみ けじゅぽよ かわいい ', 'いおちゃむけいじゅぽよ ', 'まだギャルオブザデッドやることに不満そうな松永さんwww  ', '所さんをジョージ呼びw ']",0.7256796017289162
2022-12-13 02:29:00,"['けじゅぽよ いおちゃみ けいじゅっち  ', '4時間立ち飲み(笑)凄すぎ😅  ', '俺らがギャルならがじわじわくる。笑  ', '似合うは無責任よな ', 'ロトトさん！  ', 'ギャルのあだ名の語尾？謎だよね～ 学生時代、○○たそ、○○たむ、○○ちゃむみたいなんいっぱいいた笑 ', 'おれらがギャルならなー。笑 ', '松永さんのスーツ姿好きなんだけどな～😀 ', '「やめようよ」w ', '何かわかるwww ', '4時間立ち飲みキツっ笑笑 ', 'ファーストネームで?ｗ ', 'ジョージ呼び(笑)  ', 'ジョージ どこの？笑 ', '4時間立ち飲みダルすぎ笑 ']",0.7520355028765542
2022-12-13 02:30:00,"['ニクと言われたら焼肉屋だと思うもん ', '焼肉は豚メインやろ～  ', 'ギャルゾ、今日いいねえ わかるー ', '確かに🐮連想する。 ', 'ジョージ\u3000', '4時間立ち飲み\u3000', '立ち飲み4時間は辛いね😂 ', '肉に優劣なし ', '友達ブルゾンちえみをちえみ呼びしてた笑 ', 'まあヘルシーだねｗｗ ', '2通目だ！  ', 'ジョージ呼び笑笑 ', '深夜の飯テロ  ', '鳥も好きなんだけどがっかりしてしまう。 ', 'ジョージ🤣  ', '「ジョージ」っていうとおさるを思い出すw 私の中でのジョージはおさるのジョージ！ ', 'せせりはマジうまいね からあげがいいよ  ', '「肉食いに行く」で焼き鳥行かんな  ', 'せせり大好き！！ ', '鶏肉専門店でがっかりはそうだよなイメージがな ', 'ト……r…ロトト ', '牛もしくは豚よな笑笑 ']",0.7681457485471453
2022-12-13 02:31:00,"['今夜のゾンビは皆オッサン？', '肉と言えば「牛」 「豚」でもがっかりな松永さん(笑)そうか～それで鳥はナイか～。え？鳥専門の焼き肉店？？気になる！！！   ', 'ん？', 'ジョージ  ', '曲がって水道管みたいに…。 ', '何言ってんのwwww ', 'Creepy Nutsのオールナイトニッポン | ニッポン放送      Nuts      きいてるー', 'SHINGOさんに連れてってもらった大阪の鳥専門のお店「めっちゃくちゃうまかった！！」 ', 'SHINGO☆西成さんに連れて行ってもらった鶏肉専門店は美味かった  ', '3通目…？まじか  ', 'あるね〜。牛だよね、やっぱり🐮  ', '今日のギャルオブザデッドいつもに増して面白すぎる   ', 'ロトトさん！！！！ ', 'またロトトさん！  ', '水道管チ○ポwwwwwしょうもねえwwwwww ']",0.7925191947392055
2022-12-13 02:32:00,"['確かに牛肉が全てじゃないよね。   SHINGO西成さん行きつけのの鳥焼肉屋すげえ', '店長に思い入れないときつい件。 ', '水道管ww  ', '水道管ち○ぽw    ', 'ま、ほぼ上手いせせりは牛やからな (迷言)  ', '水道管チンポ🤣ヤバイｗｗｗ  ', '水道管w  ', 'サンタイガーさん、すごっ ', '水道管ち○ぽってなんだよwwwwww ', '水道管www ', '鳥専門の焼肉店とかいいな🦤 ', '水道管xxx ', '水道管ちんぽw ', '殺伐。パワーある単語\u3000 ']",0.731111072576963
2022-12-13 02:33:00,"['確かに店長へのバースデーメッセージはきつい  ', '水道管ちん○ ', '水道管ちんぽ笑笑 ', 'は〜〜も〜〜🤣🤣  ', 'せせり美味しいよね！ ', 'バイトメンバーで唯一飛ばなかった松永  ', 'ちなみに九州には「ドライブイン鳥」という鳥料理専門のレストランがあります  ', '水道管おもろすぎて声出た ', 'バックヤードで喋ったりしてました？バイト ', '殺伐としたバイト先、全員トんでやめたwwwwwwww ']",0.7509402566485934
2022-12-13 02:34:00,"['全員トビ ', '俺以外全員飛んだ…。 ', '忘れたなら振るな笑 ', '東京でバイトしたところはお松さん以外は全員飛び(笑)  ', '辞め方が飛ぶ一点 全員飛び 初めてちゃんと辞めるやつ現れた…！w ', 'OSCAさんがつけられてたあだ名きになる ', 'オスカさんなんて呼ばれてたんですか？😏', 'おすかさんが1年半呼び続けられたあだ名？思い出せ！！！！！\u3000', '東京は、殺伐としてた。全員、とんだ。 ', '殺伐としてた松永さんが働いていた東京のバイト先(笑)みんな飛んでたのか(笑)  ', '気になる〜 ', ' 全員飛んだ笑笑', 'あだ名つけられた？ OSCAさんのあだ名知りたい ', '辞め方が松永さん以外はとぶスタイルってどんなお店よ。笑 ']",0.7472215478236859
2022-12-13 02:35:00,"[' OSCAさんのあだ名なんやろ、、きになる笑', '「俺OSCAがつけられてたあだ名1年半呼び続けたもん」「なんて名前？」「あぁ忘れた！」「くっそーー！！」w ', 'OSCAさんがつけられたあだ名?! なんでRさん忘れてるのよ😂  ', 'うがー！忘れた！ 非常に良いCM入りでした。', 'オスカさん、聴いてないかな？あだ名気になります。', '殺伐としたバイト先、俺以外全員トンだ ', '東京のバイトは殺伐としてたw ', '俺以外全員飛んだw それもなかなか珍しいねw ', '従業員が全員飛ぶバイト先って嫌だ〜😅 ', 'Creepy Nutsのオールナイトニッポン、チンポの話しかしてないの草  ', 'まってめっちゃ気になるって！！！！ ', 'そんな面白そうなあだ名を忘れちゃってるなんてRさん珍しい  ', '俺以外全トビ笑 ', 'あ〜１番面白いとこなのに忘れちゃってる〜〜  ', 'あぁ、これは… ', 'OSCAさんTFで聞かれたら是非ともアンサーを！！！(笑)  ', 'えー気になるwOSCAさんのあだ名なに？ ']",0.8113463297486305
2022-12-13 02:36:00,"['OSCAさんのあだ名、気になるなぁ ', 'OSCAさーん！気になるよー。   ', '全員トブ！？どんだけブラックなん？ ', '明日OSCAさんご本人がツイートしてくれそうw  ', 'OSCAさん聴いてないかなぁ  ', '東京でのバイト、松永くん意外は「トンでた」松永くんだけがまともな状態で辞めた。なんだかんだちゃんとした人。 ', '肝心なとこ忘れるR氏...即興はすごいのに残念！笑  ']",0.8392848372459412
2022-12-13 02:37:00,"['どんなあだ名だったのか…気になる… ', '邦さん以外飛んだバイト先、それは殺伐とするわな  そしてみんな気になるOSCAさんの呼び名\U0001fae3   ', '結果みんなOSCAさんのあだ名が気になって眠れなくなる ', 'OSCAさんのあだ名、気になるなぁ、わたしも\u3000 ']",0.8527368108431498
2022-12-13 02:38:00,"['🤣🤣🤣🤣🤣 から始まるラジオ   ', 'のど自慢のウェカピポ！  ', 'ここで来たのど自慢ウェカピポの話  ', 'OSCAさんのあだ名もきになるけど、大阪の美味しい焼き鳥のお店も気になる・・・(笑)  ', 'のど自慢の件、やっぱり知ってたんだw ', 'のど自慢最高だったのよ！', 'のど自慢をウェカピポで優勝した人な。凄いよなあの人(*´ω`) ', 'のど自慢の話してた。 ', 'のど自慢ね！ ']",0.7192787900567055
2022-12-13 02:39:00,"['のど自慢よかったよね NHK+で見させていただきました ', 'のど自慢ウェカピポきた😂 ', ""CM中にのど自慢の話を R「みんながSOUL'd OUT好きになっていくのが嬉しくもあり寂しくもある」 "", 'のど自慢のウェカピポwww ', 'のど自慢の話に触れた！！ ', '古参の感情で話すRさん😆', ' のど自慢ウェカピポの話笑笑', 'のど自慢の話。笑 ', 'ｳｪｶﾋﾟﾎﾟ！！！ ', '売れてから好きになった   ', '長崎サポのウェカピポを観てたのかwwwww ', '触れてくれるの期待してた！！！！  ', ' ', '爆笑しながらCM開けたのどうしたんかと思ったら「ウェカピポでのど自慢優勝」で笑ってた！ ', 'SOUL’dOUTはみんな好きよ。 ', '楽しそう のど自慢でウェカピポで優勝大盛りあがり ', 'おお！来ましたね！のど自慢の話！！！ CM中話されてたんですね😆  ', ""のど自慢ウェカピポ優勝！！🎉 「みんながSOUL'd OUT好きになっていくのがうれしくもあり、なんか…さみしくもある」 "", '気絶してた ', '日本語ラップ紹介   ', 'CM中にのど自慢でウェカピポで優勝した方の話  ']",0.7461550086736679
2022-12-13 02:40:00,"['拗らせ古参w ', 'いつの曲やおもてんねんw  ていうか案の定その話したかww  ', 'のど自慢のウェカピポの話\u3000', '曲紹介！ ', 'SOUL’d OUT最古参 ', 'SOUL’d OUT古参ファンのR、思うところあり  ', 'ウェカピポのど自慢でCM中盛り上がってるのイイネ！ ', '「うれしくもありさみしくもある」\u3000', ""SOUL'd OUTリバイバル Rさんと仲間たちの中ではずーっと コピーSOUL'd OUT "", 'のど自慢 届いたねー。 おめでとうございます！   ', 'うれしいんやけどな ', 'OSCAさんのあだ名、気になる ', '笑い声はいり、カッコよ💖  ', 'Rさん確かpekoさんとコピーバンドやってたんだよねｗ ', '古参ファンとしては、、、笑   ', 'SOLD OUTの古参のＲさん 素直に喜べない  冷静にお前も遅いからなと釘を刺される', 'のどじまん👏 ', ""RさんのSOUL'd OUTも聴きたい "", 'SOUL’d OUTのコピーバンドってどういうことw ', '絶頂期に有線で聴いて好きに ', 'Rさんの曲紹介！！！  ']",0.7407546520233155
2022-12-13 02:41:00,"['ニコ動のラップの話だ！ ', 'のど自慢ウェカピポ 古参ファンのあーるさん嬉しくもあり寂しい ', 'ニコラップ懐かしいな  ', 'ニコ動って100億年ぶりに聴いた ', 'ニコ動ラップ！！！ ', ' ', 'ニコラップか〜 ニコラップは知らなかったな〜  ', '回文で歌作ってんのはバケモンすぎだろ ']",0.7975040589060102
2022-12-13 02:42:00,"['あーのど自慢ね  ', '日本語ラップ紹介!! ', '『ニコラップ』\u3000', 'ニコ動ラップから ', '次郎（仮名）さんの曲紹介  ', 'うお！', 'リリックが回文って言葉遊びエグいな… ', 'そうだったんだ！   ', ' ']",0.7242174223065376
2022-12-13 02:43:00,"[""最近のSOUL'd OUTリバイバルな風潮には、少なからずRさんも影響しとる部分あるじゃろ。  "", '松永がRさんとあそび始めた頃に最初に教えてもらったのが今日紹介してる人 ', ' ', 'それはエグすぎる ', '松「Rと遊び始めたときに教えてもらった ""ヤバい 聴いてください"" って」 ', 'ニコラップの次郎(仮名)！10月にEPで帰ってきた！ ', 'ニコ動にもラップあったのは知らなかったな… ', '次郎(仮名)さん 全リリック回文の曲…！！？ ', 'あー！ ', ' ', '  ', '次郎（仮名）さんはエグすぎる  ', '次郎(仮名)！ニコラップwikiにあるねぇ ']",0.7470817565917969
2022-12-13 02:44:00,"[' ', ' ', '次郎(仮名)、おかえりなさい！ ', '7分ちょっとの曲なのですね！ フル行けるかな？   ', '次郎（仮名）\u3000HARD     ', '「→真逆様←」の歌詞、見てみたら想像以上にエグい。回文のレベルじゃない。 ', '何だこの曲、何か…凄い！！ ', 'HARD/次郎(仮名) ', '次郎仮名 『HARD』   ', ' ']",0.7399905920028687
2022-12-13 02:45:00,"['', '歌詞見ながらじっくり聴きたいな ']",0.6933451294898987
2022-12-13 02:46:00,"['すっげー志人かと思った節が  ', '歌詞見ながら聴きたい  ', '回文のやつはコレ  →真逆様←  @YouTubeより', '輪入道さんのラジオとcreepyのラジオで次郎(仮名)聞けると思わなかった ', 'この時間にこれは・  ']",0.7626364380121231
2022-12-13 02:47:00,"['志人さんのようだ ', 'しんどいぞこの感じは  ']",0.8582953810691833
2022-12-13 02:48:00,"['メッセージ性もリリックも密度が物凄い ', 'ぐっさぐさ刺してくる…', 'とんでもない歌詞やな ', '歌詞じっくり見たい ', 'じっくり歌詞を見ながら聴きたい曲ですね。 Rさんの説明を聞いての曲へ・・・初聴きですが、なんか、凄い！  ', '歌詞ググって随分と量が多いなと思ったら7分あるのね ', '“I was born”故に、愛はずっと胸に  ', 'ガンに感謝できねえよ何があっても ']",0.7823938812528338
2022-12-13 02:49:00,"['HARD / 次郎(仮名) ', '次郎(仮名)めちゃ久しぶりに聴いたわ… ', 'この時間帯にこの曲はダメ😢 ', '次郎(仮名) HARD  ', '狐火とGADOROみたいだ🦊🔥    ']",0.6874434649944305
2022-12-13 02:50:00,"['ズシッとくるなぁ…そしてすごすぎる…。 ', '聴き入ってしまった   ', '結局自分より手強い敵なんていない ', '仮宿ってワードにどうしても反応するわ  ']",0.8262319167455038
2022-12-13 02:51:00,"['', ' ', 'とんでもない曲だな  ', '韻踏みすぎやけどリリックも深い… ', 'お腹いっぱいになるくらい凄い量だ… ', '聴き入ったわ  ', 'リリック通り「1小説も無駄にせず」を実現し過ぎてて鳥肌たった ']",0.7013023495674133
2022-12-13 02:52:00,"['ななふぅん？！ (某ケイスケホンダ) ', 'トークと選曲のギャップよ... この時間に聴いてるせいもあるのかグサグサくる曲だなぁ  ', '3連が気持ちいい ', '7分全てこれって 松「やば」  ']",0.8037011822064718
2022-12-13 02:53:00,"['フルで聴かせてくれてありがたい！ その後にRさんの解説！ちょっと前まで下ネタで笑ってたとは思えない切り替えがcnannですね(笑)☺️今週も素晴らしい曲を教えてくれてありがとうございます！！！  ', '7分！？ ラジオ版ケイスケホンダ ', '提供6社 計17社   ', 'ずっと凄いんだよな…']",0.7578033407529196
2022-12-13 02:54:00,"['松永さんが心配ですねー  ', 'くんとさんで呼びます   ', 'エンディング ', 'エンディングです〜  ', ' ', '7分間、歌詞を見ながら聴いてみたいな。 ', 'エンディング ', '毎週早い！もう終わりか！！  ', 'うっすぅ ']",0.6885979026556015
2022-12-13 02:55:00,"['回文曲(→真逆様←)のリリック読んできたけどヤバすぎる… 「逆様の、そう。その まさかさ」 ', '「リスナーが心配ですねえ〜」心配されている ', '来週、どうなる？！\u3000 ', '来週は IO（さん）とKEIJU（くん）が来てくれます  ', '20年ズレてる認識w ', '毎週もう終わるの！？って言ってる気がする 2時間、、時間経つの早すぎるてえ❗️ ', '20年もずれてるwww ', '今のガンダムは水星の魔女なんだよ！  ', 'ガンダムは20年前？   ', 'あーあれ？？？？ ']",0.7970855434735616
2022-12-13 02:56:00,"['「それ〜、ズゴックだねえ」coolリスナー ', '12万のジャケット   ', 'ズゴックだね🤣 ', 'MSの名前わかるやつはこっち側だ安心しろw  ', 'ちゃんと20年前笑 ', '松永さん、かんぱつじゃなくてかんはつだよ ', 'ちゃんと20年前(笑)  ', 'ちゃんと20年前ｗ ', 'ちゃんと20年ずれているw ', 'カールおじさんの亜種？?？？ ', 'ラジオリスナーに対する認識が20年ズレてる ', 'ニキ呼び笑  ', 'ニキ呼びwwwwwwwwww ', 'リキ？   ', 'ニキwww  ']",0.7558829018047878
2022-12-13 02:57:00,"['ニキ呼びw  ', 'ここに来てニキ😂 ', 'ニキwww ', 'ニキw ', 'ニキ ', '次郎さんすごい歌詞だ ', 'ちゃんと20年！ ', 'ｲｵﾆｷ  ｹｲｼﾞｭﾆｷ  ｷｬﾝﾃﾞｨﾆｷ ', '〇〇ニキ ww ', 'ニキ🤣 ', 'ニキwww ', 'ニキwww ', 'ニキ ', 'ニキwwwwww ', '〇〇ニキ(笑)  ', 'ラストのラストで「ニキ」呼びになる！(笑)  ']",0.7874078710873922
2022-12-13 02:58:00,"['リスナーはIOとKEIJUをイジるメール送ることできるんか？  ', 'ニキwwww ', 'キャンディーニキはいかんよ💦 ', 'ニキwwwww ', 'インターネット老人会じゃんw  ', 'ニキ〜！ ', 'リスナーに紳士を求めても無理でした ', 'ニキ、良いじゃんｗｗ ', 'ニキ呼ばわり笑  ', 'ニキw    ', '「それ、ズゴックだねぇ🤓」  ', '本人にニキ呼びwwwwwwww ', '俺  ', '一番クール   ', 'お疲れ様でした〜  ', 'Creepyニキ、お疲れ様でした！ ', 'お疲れ様でした ', ' なんじゃこいつ笑笑笑笑', 'おつかれ ', '○○ニキ😂 ', '俺。 ', '来週KANDYニキ お疲れ様でした 俺 ', 'お疲れ様でした！  ', 'きゃんでぃニキ ', 'ニキ ', 'お疲れさまです  ', 'Breaking Downにすんな！   ニキ呼びはwwwww', 'お疲れ様でしたー！ ', '俺。お疲れ様でした♪︎  ', '俺！  ', 'お疲れ様でした！ ', '俺！  ', 'お疲れ様でした！  ', 'お疲れ様でした！   ', '○○ニキはどうですか？ ケイジュニキ イオニキ KANDYニキ ', 'おれ  ', 'お疲れ様でした！  ', '俺。お疲れ様でした〜！  ', 'お疲れ様でした ', 'おつかれさまでした！ おれ。 ', 'お疲れ様でした～。 ', 'ニキwwwww ', 'お疲れ様でした！俺 ', 'お疲れ様でした！俺  ', 'お疲れ様でした！ ', '今週もお疲れ様でした☆  ', 'ここ最近メンタル死んでるので、深夜にこんなえぐいラップ聞いてたら完全に持ってかれてしまう ', 'お疲れ様でした！ 俺！ ', 'KYANDYニキ(笑)  ', 'キャンディーニキw ', 'ブレイキングダウンだ笑 ', '今週もオツカレサマデシタ(*^^*) オレ！ ', 'おつかれさまでした！  ', 'お疲れ様でしたー ', 'おつかれさまでしたー！ 今年の漢字1字は？ 練習用の地上絵をいじっちゃダメ 来週のゲストをどう呼ぶか問題。正解は○○ニキでした ', 'お疲れ様でした、オレ。  ', 'お疲れさまでした ', 'おつかれさまでした ', 'お疲れ様でした〜 ', 'お疲れ様でした！  ', 'ズゴック。   ', 'ニキはわらうて ', 'ここまでのお相手はCreepy NutsのR指定と俺   ', '｢ニキ｣ ', '俺！ ']",0.658654117025435
2022-12-13 02:59:00,"['お疲れ様でした～ ', 'たくさんのKANDYニキw ', 'お疲れさまでした！ ', 'お疲れ様でした！  ', '○○ニキwwwwww ', 'お疲れ様でした〜〜〜！！！  ', '「KANDYTOWNが1番ニキとか使わへん」w ', 'クリピニキお疲れ様やでw ', 'KANDYニキ😂 ', 'お疲れ様でした！  ', '今週もお疲れ様でした～🙋\u200d♀️ 俺 来週はKANDYTOWNのIOさんとKEIJUさんが登場！  ', 'お疲れ様でした！ ', 'お疲れさまでした！ ', 'リスナーが20年前から置いてかれていた笑笑 ', 'R-指定と、俺。  お疲れ様でした ', 'キャンディーニキ(笑)古のインターネット言葉(笑) ニキは無しよ？！R  ', 'お疲れ様でした、俺。 ', 'お疲れ様でした！俺。 ', '松ニキ、Rニキ、お疲れ様でした！ ', 'ケジュニキ イオニキ ', 'お疲れ様でした！おやすみなさーい😌 ', 'ここまでのお相手はCreepy Nutsの R-指定と俺。  お疲れ様でした！  ', '俺 お疲れ様でした   ', 'お疲れ様でした〜  ', 'オレ！ お疲れ様でした ', 'お疲れ様でした♪ ', 'お疲れ様でしたー！ ', 'ニキ呼びはダメやろ🙅w ', '俺 ', 'お疲れ様でした！俺 ', '俺。お疲れ様でしたー！  ', '俺。  ', 'お疲れ様でした！ ', 'Rニキ、松永ニキ お疲れさまでした!! ', 'くりぴニキおつかれさまでした！ ', 'オレッ お疲れ様でしたぁぁぁ  ', '俺！ ', '俺 ', 'お疲れ様でした。 ', 'ｵﾚｯ！ ', 'お疲れ様でした！おれ！  ', ' ニキ笑笑笑笑笑笑', 'なんか今日は安心して聞けたなー。また来週！ ', '俺。お疲れ様でしたー！ ', 'お疲れ様でした！ ', '俺 ', 'お疲れ様でした〜  ', '俺。 お疲れ様でした！  ', 'クリピニキまた来週  ', '「『ニキ』はなしよ」\u3000', '来週、果たして呼び方はどうなってるのか… 今週もお疲れ様でした ', 'お疲れ様でした。', 'お疲れ様でした！俺！ ', 'お疲れ様でした😊今週もあっという間🎶 ', ' ニキ面白すぎて無理笑笑笑笑笑笑', '俺もわからん！Creepy NutsのR-指定と、俺！ お疲れ様でした！！ ', 'ニキwwwぜったいあかんwww ', 'お疲れ様でした〜。COOLなKANDYTOWNをどう迎えるのか？ ', 'お疲れ様でした〜！ ツアーファイナルの話を聴きたかったよ！   ', 'おつかれさまでした〜！！ ', 'お疲れ様でした！ (たまアリ話はなしかぁ)  ']",0.7334708188970883
2022-12-13 03:00:00,"['お疲れ様でした😀 来週のSPW楽しみにしてます!! ', 'お疲れっしたー わちゃわちゃ良かったよ  ', 'おつかれさまでした！！ ', 'R「Creepy NutsのR-指定と」 松「俺」 お疲れ様でした〜👋  ', '今週もお疲れちゃんな 先週は全然W杯見ててリアタイできんくてごめんな  ', 'おれ！おつかれさまでしたー。神様はお見通し。 ', 'Creepy NutsのR-指定と俺 ', 'お前の劣等感……😂😂😂   ', 'くりぴニキ\u3000お疲れ様でした\u3000俺\u3000 ', 'キャンディニキwwww ', 'おれ！おつかれさまでした𓈒𓏸☽ ', 'お疲れ様でした！！！   ', 'お疲れ様でした！ 来週はキャンディニキ ', 'お疲れ様でした！ ', 'たくさんのKANDYニキ（ファン） ', 'ありがとございました。 おやすみなさい。 また来週。   ', '松「お前の劣等感が火を吹く」', 'お疲れさまでした！   ', 'ニキw ', 'お疲れ様でした。  ', 'ニキお疲れ様でした〜！！ ', '今日は久しぶりに馴染みのtemperだった気がする。好き\u3000 ', '12万コート着てくるの弄られちゃうからパーカー着ている笑笑 ', '「俺」で締まった！頂きましたっ！！！  ', 'お疲れ様でした！  ', '俺。 ', '夏フェスいっぱいからのツアー完走もあらためておつかれさまでした ', 'お疲れ様でした！ ', 'お疲れ様でした！\u3000寝るっ！\u3000', '「ここまでのお相手はCreepy NutsのR-指定と」「俺！」 Rニキ松永ニキお疲れさまでした！来週楽しみです！ ', '俺！今週もお疲れ様でした〜！！！', 'お疲れさまでしたー！！来週SPW(ゲストお2人の呼び方)楽しみです！！！！ ', '今日のハイライトそこなん？笑 ']",0.7632140722125769
2022-12-13 03:01:00,"['2人だけ回お疲れ様でした！ ', 'お疲れ様でした～ ', 'お疲れ様でした！おやすみなさい！ ', 'お疲れ様でした！！ ', '呼び方へのハードルが天まで舞い上がってて我々の劣等感が火を噴くであろう来週が楽しみです！！R殿！松永ﾆｷ！お疲れ様でした！！ ', 'おつかれさまでしたー ', 'お疲れさまでした〜 また来週⛩️ ', 'お疲れ様でした‼️  ', 'Rニキ、松永ニキ、今週も面白ラジオをありがとうございました。 ', 'お疲れ様でした！ SPW楽しみ！', 'ニキ笑笑 ', '最後に「お前の劣等感が火を噴く」で終わっていったー！！！ ', '俺‼︎お疲れ様でした‼︎ 松永さん来週スペゲス回でシュッとした人が来るからって休まないでくださいよ〜😂 楽しみにしてまーす！  ', '今週も楽しかったです！お疲れ様でした！ ', 'あははははは〜 (フェードアウト)', 'お疲れ様でした   ', '最近リアタイできてなかったら久しぶりに深夜笑った   ', 'オマエの劣等感が火を噴く！！！ サンプリング！！！パッときてサッと消えた！！！(笑)  ', '松永ﾆｷRﾆｷお疲れ様でした ', 'お前の劣等感が火を吹く ｷﾞｬﾊﾊﾊ END ', 'おれ！ 2人のラジオ、あっという間でした✨来週、SPWで何と呼ぶのか楽しみです！お疲れ様でした！ ', '「お前の劣等感が火を噴く」でお別れ  ', 'Rさん、松永さん今週も生放送お疲れ様でした ナスカの地上絵の練習チンポコ絵はさらさないで 今年の漢字はなんでもいける菅田将暉に物販買わされたけど、同じく今年の漢字なんでもいけるRさん 松永さんは神社貢ぎすぎで破産に注意 来週はIOニキとKEIJUニキ登場！タメか敬語か 俺 ', 'お疲れ様でした！', '松永さんの初詣がどうなるのか申し訳ないけどとても気になる\U0001f979キャバクラ神社トークめちゃくちゃ面白かった😂Rさんの神様役うますぎ😂松永さんが神社外で神様に会えますように🙏 笑 来週呼び方どうなってるかな〜楽しみ！！ お疲れ様でした💫  ']",0.8292408958077431
2022-12-13 03:02:00,"['お疲れ様でした〜✨  ', ' クリピニキ', 'R-指定と、俺！ お疲れさまでしたー❤ ', 'おれ お疲れ様でした！ ', ' ありがとうございました〜！！！ニキ！！', 'Creepy NutsのR指定と俺！ お疲れ様でした~ ✊🏻  ', 'ちんぽこで始まりニキで終わり！  ', '本日もお疲れ様でした！🥰', 'お疲れ様でした〜😂  ', 'お前の劣等感が火を吹くwww ', '好きな服好きに着れるメンタル私もほしいな～みんな色々思いながら頑張って生きてる！ラジオリスナーに幸あれ！(私含め)  ', 'お疲れ様でした！来週はKANDYニキ！ ']",0.7701843760230325
2022-12-13 03:03:00,"['超楽しかった！ お疲れさまでした ', '来週のSWは色んな意味で楽しみです。 ', 'アルニキ、松ニキお疲れ様。  ', '来週、そこには劣等感が火を吹いて燃え尽きたDJニキが…  ', 'IOさんとKEIJUさんの呼び方はどうなるのか…。 そしてそのまま呼べるのか…。 お疲れ様でした! ']",0.8329460918903351
2022-12-13 03:04:00,"['今日も楽しかったです😊 お疲れ様でした！ また来週〜👋 ', 'トレンド入り！！！松永さんも入ってましたね☺️   ']",0.8232190608978271
