created_at,text
2022-01-16 02:34:58,春日を感じろ！#annkw
2022-01-16 02:34:56,正月旅行の話(…時間大丈夫かな？)#annkw
2022-01-16 02:34:54,春日トークゾーンって、チンやれるの？ #annkw
2022-01-16 02:34:53,山梨の別荘に向かって春日家 1泊2日の旅。 #annkw
2022-01-16 02:34:53,山梨の方に旅行か^ ^ #annkw
2022-01-16 02:34:52,ミュージックソンスタンプはもちろん書いました👏#annkw https://t.co/b2PckX7F0K
2022-01-16 02:34:50,カス感 #annkw https://t.co/bZEEgqUR5B
2022-01-16 02:34:48,#jolf#annkw #オードリーANN 『オードリーのオールナイトニッポン』この時間はニチレイauじぶん銀行小学館カービューがお送りしています（ショウアップナイターの提クレ風）
2022-01-16 02:34:48,トーク終わってたら竹野内豊さんの抱かれた話無かった面白すぎるwww #annkw
2022-01-16 02:34:44,春日さんトークゾーンあった #annkw
2022-01-16 02:34:43,こういうつまんねぇヤツが聴いてるラジオなのかと思われてるだろうなと各所で俺も思ってきたから、全員がそうじゃないのはわかっているけど共存は出来ないだろうなとは感じてる #annkw
2022-01-16 02:34:41,春日ファミリー山梨旅行の巻　#annkw
2022-01-16 02:34:39,旅行ですか #annkw
2022-01-16 02:34:38,カスミントークゾーン！#annkw
2022-01-16 02:34:36,春日さんやるんか #annkw
2022-01-16 02:34:34,春日を感じろ‼️春日さんトークゾーン#annkw
2022-01-16 02:34:32,お正月の山梨旅行 #annkw
2022-01-16 02:34:31,今日は攻めのスケジュールだな #annkw
2022-01-16 02:34:31,蕎麦屋に行けば竹野内豊に会えるというが、若林にも会える可能性あるんだよな…(笑)#annkw
2022-01-16 02:34:29,正月に山梨に旅行へ #annkw
2022-01-16 02:34:29,貸別荘 #annkw
2022-01-16 02:34:28,そのお蕎麦屋すげーな笑笑#annkw
2022-01-16 02:34:28,(`L´└)山梨の方に旅行行ってきまして #annkw
2022-01-16 02:34:26,カスミンのフリートーク、26:33から開始 #annkw #jolf
2022-01-16 02:34:26,カスミンのトークゾーンスターツ☝🏻 #annkw
2022-01-16 02:34:25,#annkw春日さんトーク
2022-01-16 02:34:24,カスミントークゾーン#annkw
2022-01-16 02:34:24,春日フリートーク#annkw
2022-01-16 02:34:24,たっぷり、、、通常トーク20分喋った。じゃあさっきのは、ホントのホントに繋ぎだったんだな…凄っ。#annkw#芸人さんって凄い#オードリー　#若林正恭
2022-01-16 02:34:24,お、2時半からトークゾーンやるのか#annkw
2022-01-16 02:34:23,旅行 #annkw
2022-01-16 02:34:23,カスミントークゾーン！！ #annkw https://t.co/cm5lxL9KFF
2022-01-16 02:34:22,正月に家族旅行 #annkw
2022-01-16 02:34:22,感じろ!(26:34) #annkw
2022-01-16 02:34:22,春日さんトークゾーン #annkw
2022-01-16 02:34:21,春日さんのトーク時間ある？w #annkw
2022-01-16 02:34:20,蕎麦食べたい＃竹野内貧#annkw
2022-01-16 02:34:19,春日のターン#annkw
2022-01-16 02:34:17,逆野内スタート♪ #annkw
2022-01-16 02:34:17,今度こそ春日さんトークゾーン。 #annkw
2022-01-16 02:34:16,春日を感じろ！#annkw
2022-01-16 02:34:15,#annkw https://t.co/HwGzBDxBSh
2022-01-16 02:34:14,カスミントークゾーン、スターツ！#annkw https://t.co/cmXPwnyMIj
2022-01-16 02:34:14,行ける？時間大丈夫？ #annkw
2022-01-16 02:34:13,春日を感じろ！#annkw
2022-01-16 02:34:13,タバコを辞めると芸人さんに会えなくなるけど、蕎麦始めたら竹野内豊に会える #annkw
2022-01-16 02:34:12,竹野内豊さんに抱かれたいって願望は、BL云々とかじや無くても分かる気がする。そういうオーラを持った同性の方っていらっしゃいますよね😊 #annkw
2022-01-16 02:34:11,カスミンのトークゾーン♪#annkw
2022-01-16 02:34:11,若様の禁煙トーク、禁煙して蕎麦食べに行くと竹野内豊さんに会えたミラクルな話しだった #annkw
2022-01-16 02:34:11,春日さんのトークゾーンやりまっせ！ #annkw
2022-01-16 02:34:10,OPで若林さんのトークの割合が多いって話してたのに、もう1時間半、若林さんが喋ってる🤣ストイックだなぁ#annkw
2022-01-16 02:34:09,スポンサーコーナーはやらんとな　 #annkw
2022-01-16 02:34:09,春日を感じろ！ #annkw
2022-01-16 02:34:09,#annkwカスミン話すのかな？
2022-01-16 02:34:08,カスミントークゾーンスターツ！#annkw
2022-01-16 02:34:08,カスミントークゾーンスターツ！！ #annkw https://t.co/KxqaqNsgLn
2022-01-16 02:34:07,Buffalo Soldierのイントロ使ってくれてるの激アツやん…❤️‍🔥🎶 #annkw
2022-01-16 02:34:07,春日を感じろ！#annkw
2022-01-16 02:34:07,カスミントークゾーン！#annkw
2022-01-16 02:34:07,タバコ辞める→蕎麦始める→竹野内豊に会える→春日が逆野内貧になる #annkw
2022-01-16 02:34:06,春日を感じろ！#annkw
2022-01-16 02:34:06,春日を感じろ！カスミントークゾーン(`L´└) #annkw https://t.co/jCNRx5uRZp
2022-01-16 02:34:05,#annkwカスミンのトークゾーン スターツ😆
2022-01-16 02:34:05,春日トーク#annkw
2022-01-16 02:34:05,カスミントークゾーン#annkw
2022-01-16 02:34:04,春日トークゾーン #annkw
2022-01-16 02:34:04,カスミントーク(`L´└) #annkw
2022-01-16 02:34:04,#annkw竹野内豊さんと会った話をタバコは良くない話にしようとしてた
2022-01-16 02:34:03,春日を感じろ！！ #annkw
2022-01-16 02:34:02,カスミン トークゾーンスタァ〜ツ‼️#annkw #オードリー #オードリー春日 #春日俊彰 #春日 https://t.co/qTrD8bwcAa
2022-01-16 02:34:00,あしたからゆで太郎通うかな #annkw
2022-01-16 02:33:58,今日偶然竹野内豊を目指そうと思った所で今日の話運命かもしれない。 #annkw
2022-01-16 02:33:57,今週3回十割蕎麦食べて蕎麦どハマりしたので俺も蕎麦食べに行こ #annkw
2022-01-16 02:33:53,なんだろう、今年中に若さんと竹野内豊さんの共演がある気がしてきた… 激レアさんとかね( *˙˙*)  #annkw
2022-01-16 02:33:53,春日さんトークゾーン！ #annkw
2022-01-16 02:33:53,たりふた→iQOS→禁煙→蕎麦→竹野内さん #annkw
2022-01-16 02:33:49,いつも思うけどニチレイのCMの結婚指輪を無くした旦那さんはその後どうなったんだろうか。 #annkw
2022-01-16 02:33:48,若さん バンプの方や竹野内さんやとなんか、もってんなぁ💦竹野内さん所沢に住んでたし💦(カスミンとのつながりもあるし)#annkw
2022-01-16 02:33:46,蕎麦屋に行けば、出会いそうですね#annkw https://t.co/JAXWdmUFu4
2022-01-16 02:33:45,やっぱり今日の放送は録音必至でした #annkw
2022-01-16 02:33:39,カスミントークできるのか？ #annkw
2022-01-16 02:33:37,#annkw　タバコやめて蕎麦を始めると、竹野内豊さんに会えます。
2022-01-16 02:33:33,蕎麦屋で思い出す少年野球の黒木くん #annkw
2022-01-16 02:33:32,電子タバコにも紙タバコにもそれぞれのプライドがある。 #annkw
2022-01-16 02:33:30,煙草やめると竹野内豊さんに会える✨これは禁煙者と蕎麦屋行く人増えるな🤔#annkw
2022-01-16 02:33:29,スポンサーコーナー、削れないよなぁ🤔🤔 #annkw
2022-01-16 02:33:25,1：30台にオープニング終わって若様トークゾーン終わるのが2：30になるとは思わなかった #annkw
2022-01-16 02:33:25,"----商品価格:7,649円----✨本日のトレンド✨火山噴火奄美群島#annkw#マーベルヒーローの日キャンペーン神奈川県話題の商品をチェック✅気になる評判は？おすすめ？「a56」 【送料無料】 乃木坂46 / Time flies 【完全生産限定盤】(3CD+Blu-ray+… [楽天] https://t.co/xW0aI40myR #rakuafl https://t.co/04VlEpVmUc"
2022-01-16 02:33:23,カスミンのトークってあるんだろうか？ww #annkw
2022-01-16 02:33:23,竹野内豊さんに会うためにそば食いますww #annkw
2022-01-16 02:33:22,#annkw大好きな2人が遭遇する世の中…ってあるんだ😃竹野内豊さん気さくな方なんだな、やっぱり性格も良いんだ❣️
2022-01-16 02:33:18,タバコは良くないなって話し。↓蕎麦始めたら店で竹野内豊さんに会えたとんでもねぇオチの禁煙トークだったぞ！なんでさっき途中で終わらせたんだw#annkw
2022-01-16 02:33:17,若林さん、洋食屋ではBUMP OF CHICKENに会ってるし蕎麦屋では竹野内豊に会ってるのおもしろいし凄い#annkw
2022-01-16 02:33:15,去年、竹野内豊を生で見たけれど、めっちゃカッコよかった〜#annkw
2022-01-16 02:33:15,投票したら牛すじ煮込みくれる蕎麦屋行こうかな #annkw
2022-01-16 02:33:15,逆野内貧し笑笑#annkw
2022-01-16 02:33:13,ラジオのノリを外に出すという寒い事するリスナー、今日の若林さんのトークを聴いて少しでも、減ってくれればいいな。 #annkw
2022-01-16 02:33:13,蕎麦屋さんに竹野内豊さん！！！！！さっき丁度Tverで「ぎぼむす」見たから感動🥺🥺分かる....俺も抱かれたいわ、父くらいの歳だけど笑#annkw https://t.co/EwfPPb8Mq4
2022-01-16 02:33:13,逆野内貧w#annkw
2022-01-16 02:33:12,日曜芸人懐かしいな #annkw
2022-01-16 02:33:12,とりあえずチン！はやらないといけないから...#annkw
2022-01-16 02:33:11,チャンスさえあれば竹野内豊に抱かれたい春日w#annkw
2022-01-16 02:33:11,あーそっかバカリズムさんは脚本で竹野内豊さん主演でドラマやったしな#annkw https://t.co/ICe4kQocrt
2022-01-16 02:33:10,俺も蕎麦食べたら竹之内さんに会えるかなw #annkw
2022-01-16 02:33:09,ハーレム竹野内豊☝️有名お笑い芸人ら含む✨✍#annkw
2022-01-16 02:33:08,#annkwカスミントーク時間大丈夫かな
2022-01-16 02:33:08,蕎麦初めて竹野内豊と会えるなら私もほんと始めたいですよ #annkw
2022-01-16 02:33:07,蕎麦を始めようとする逆野内貧#annkw
2022-01-16 02:33:06,現代の風が吹けば桶屋が儲かるそばを始めると竹野内豊に会える #annkw
2022-01-16 02:33:06,先週以上に蕎麦食べたくなった。#annkw
2022-01-16 02:33:03,竹野内豊さんと若様しかいなかったカウンターしかないとかいうお蕎麦屋さんいいなーwその後のこぞって竹野内豊に抱かれたい芸人が出てきて…なんなん？🤣タバコ…２年前に強い気持ちだけでやめられたよ#annkw
2022-01-16 02:33:02,そばを始めると竹野内豊さんに抱かれるw#annkw
2022-01-16 02:33:01,タバコやめて色んな先輩に会えなくなるけど蕎麦はじめたら竹野内豊に会えるw蕎麦っていいな #annkw
2022-01-16 02:32:59,逆野内貧。ﾊﾟﾜｰﾜｰﾄﾞすぎる。#annkw
2022-01-16 02:32:58,これはトーク延長してくれてよかったわ(^O^)#annkw
2022-01-16 02:32:56,今日はオープニングトークも若林さんのトークゾーンも全部好きな回だ🥰🥰面白すぎるな😊😊#annkw
2022-01-16 02:32:56,竹野内豊に遭遇したくて蕎麦を食べようとするカスミンw #annkw
2022-01-16 02:32:55,逆野内 貧www #annkw
2022-01-16 02:32:55,竹野内豊さんって抱かれたいもあるけどずっとなりたいって思ってた人だわ トークの締め方痺れたな〜 #annkw
2022-01-16 02:32:55,私も蕎麦始めようかな（笑）#annkw
2022-01-16 02:32:54,激レアさんにゲストで来てもおかしくなさそうだよな…竹野内豊#annkw
2022-01-16 02:32:53,バカリズムも抱かれたいwwだからバカリズム脚本『素敵な選タクシー』の主演してたのか！ #annkw
2022-01-16 02:32:52,竹野内豊さん中身までイケメン過ぎるな #annkw
2022-01-16 02:32:51,くそー、蕎麦食べたくなってきちゃった。明日どっかで食べようかな。 #annkw
2022-01-16 02:32:50,タバコやめるといろんな芸人さんには会えないけどそば始めると竹之内豊さんに会えるｗｗｗ#annkw
2022-01-16 02:32:50,何とかろくでもなくないリスナーであろうと心掛けているけど、五十歩百歩だよなぁとも思っている#annkw
2022-01-16 02:32:48,竹野内豊も良いけど、俺は西島秀俊だなぁ〜#annkw
2022-01-16 02:32:46,#annkw蕎麦始めたら竹野内豊さんと会えるお話だった笑よかった聞けて笑
2022-01-16 02:32:46,これカスミンやってニュース挟んでEDかな #annkw
2022-01-16 02:32:45,…春日さんのトークゾーンの時間ほぼないな #annkw
2022-01-16 02:32:45,竹野内豊⇔逆野内貧#annkw
2022-01-16 02:32:45,「蕎麦始めよっかな」wwww #annkw
2022-01-16 02:32:44,竹野内豊さんに会える蕎麦屋ってどこですかー⁈ #annkw
2022-01-16 02:32:44,このトークカットになってたらもったいなかったよ#annkw
2022-01-16 02:32:43,若様2連続フリートークいいっすねw #annkw
2022-01-16 02:32:42,逆野内貧ww#annkw
2022-01-16 02:32:42,テレビの仕事してる知人(男)も「出会った芸能人で一番かっこ良かったのは竹野内豊」って言ってたわ〜#annkw
2022-01-16 02:32:40,蕎麦始めようかな #annkw
2022-01-16 02:32:40,蕎麦を始めると竹野内豊に会えるw#annkw
2022-01-16 02:32:39,よし蕎麦始めよ！ #annkw
2022-01-16 02:32:39,蕎麦すげーなー #annkw
2022-01-16 02:32:38,蕎麦屋で竹野内豊さんと2人なるってどんな確率よ笑 #annkw
2022-01-16 02:32:38,タバコやめたら喫煙所でいろんな芸人さんに会えなくなるけど、蕎麦はじめたら竹野内豊さんに会えた話#annkw
2022-01-16 02:32:35,マジで春日さんのトーク時間あんまなさそう #annkw
2022-01-16 02:32:34,竹野内豊と逆野内貧 笑 #annkw
2022-01-16 02:32:32,トークが終わってたら竹野内豊さんのオチがなかったんだろ。最高すぎだろwww#annkw
2022-01-16 02:32:32,蕎麦食べたら竹野内豊に会えるのか #annkw
2022-01-16 02:32:31,設楽さんと澤部さんにも会えるしな#annkw
2022-01-16 02:32:30,カウンターに2人だけで、竹野内豊さん！！#annkw
2022-01-16 02:32:30,これは最後まで話してほしいってぼたもちDも言うよな笑竹野内豊ってそんな所も素晴らしい人なんだ…#annkw
2022-01-16 02:32:30,蕎麦始めたら日村さんにもいつか会いそうw #annkw
2022-01-16 02:32:29,トークの登場人物でもカッコいい竹野内豊さんズルいわ〜#annkw
2022-01-16 02:32:29,抱かれたいから蕎麦始めようかな(`L´└) #annkw
2022-01-16 02:32:29,確かにこのトークは最後まで話さないとね #annkw
2022-01-16 02:32:28,このトーク持っててタバコは良くないよねって話で終わりはおかしいもんなww #annkw
2022-01-16 02:32:28,というか、良かったよ。あそこで終わらず竹野内豊さん出てくるところまで聴けて。 #annkw
2022-01-16 02:32:28,逆野内貧w #annkw
2022-01-16 02:32:27,竹野内豊と対を成すもの、それは！逆野内貧(まずし)こと春日俊彰#annkw
2022-01-16 02:32:26,結論タバコはダメそばは良い #annkw
2022-01-16 02:32:26,----商品価格:748円----✨本日のトレンド✨#annkw#マーベルヒーローの日キャンペーン神奈川県#鹿楓堂よついろ日和アラートお得な商品をチェック✅気になる評判は？おすすめ？「b46」 キャンメイク(CANMAKE) クイックラッシュカーラー(1本入)【キ… [楽天] https://t.co/FR5uod8IWM #rakuafl https://t.co/ccSrodsTvL
2022-01-16 02:32:26,(‘ω’)蕎麦食ってたら竹野内さんと会えるんだなぁ～って(`L´└)私もはじめようかな(‘ω’)抱かれたいから？#annkw
2022-01-16 02:32:25,タバコやめたら芸人に会えなくなるけど、蕎麦始めたら、竹野内豊さんに会えるww #annkw
2022-01-16 02:32:25,めちゃくちゃ良い話聞けた…。すげぇ…。 #annkw
2022-01-16 02:32:25,そば始めると竹之内さんと会えるw#annkw
2022-01-16 02:32:24,蕎麦初めてたら竹野内さんに会えるww #annkw
2022-01-16 02:32:24,タバコをやめ、蕎麦屋に行くと竹野内豊に会えるかも！？笑笑 #annkw
2022-01-16 02:32:23,これ以上ないくらいの禁煙効果じゃん！！！www #annkw
2022-01-16 02:32:21,蕎麦チャンってこんな凄いチャンスも担ってるのか…夢あるな‼️‼️#annkw
2022-01-16 02:32:21,貧さんは蕎麦始めたらいけない#annkw
2022-01-16 02:32:21,蕎麦を食べ始めると竹野内豊さんと会えます。#annkw
2022-01-16 02:32:21,佐々木久美さんもバレずにタバコ吸わないとww#annkw https://t.co/cPscQiYs0A
2022-01-16 02:32:20,#annkw　わたしも蕎麦始めようかなぁカスミンも蕎麦を始める（笑）
2022-01-16 02:32:19,竹野内さんは本当の紳士だ✨#annkw
2022-01-16 02:32:19,なんか、この話で竹野内豊さんがもっと好きになった#annkw
2022-01-16 02:32:18,蕎麦を始めると竹野内豊さんに会えるw #annkw
2022-01-16 02:32:18,竹野内とお蕎麦はいいなあ #annkw
2022-01-16 02:32:17,竹内さんがご挨拶…なんで話聞いたらイコールで日曜芸人思い出したもん！ #annkw
2022-01-16 02:32:16,蕎麦始めるしかないな#annkw
2022-01-16 02:32:15,タバコやめると色んな芸人と喋れなくなるけど、蕎麦始めると竹野内豊に会える笑#annkw
2022-01-16 02:32:14,タクシーのってなかったかな#annkw
2022-01-16 02:32:14,逆野内貧でめちゃくちゃ声出して笑っちゃったし、こんなに深い話があったのによくあそこで話切り上げようとしたよね(笑)　#annkw
2022-01-16 02:32:13,蕎麦始めると竹野内さんに会える？！笑#annkw
2022-01-16 02:32:13,タバコやめて蕎麦始めるってなんだよw#annkw
2022-01-16 02:32:12,そば始めれば竹野内豊さんに会える説笑#annkw
2022-01-16 02:32:11,いやぁ心までイケメンじゃないか #annkw
2022-01-16 02:32:11,----商品価格:748円----✨本日のトレンド✨太平洋側トンガの噴火火山噴火奄美群島#annkwお得な商品をチェック✅気になる評判は？おすすめ？「b46」 キャンメイク(CANMAKE) クイックラッシュカーラー(1本入)【キャンメイク(CANMAKE)】 [楽天] https://t.co/6WCRYdZVFj #rakuafl https://t.co/ZJS4xDKpRs
2022-01-16 02:32:11,春日のトークゾーンは無しか…竹野内豊越えるトークは厳しいんじゃないか？(笑)#annkw
2022-01-16 02:32:11,タバコ辞めたら蕎麦初めて竹野内豊に会えるんならタバコやめるな〜#annkw
2022-01-16 02:32:11,そば始めよ #annkw
2022-01-16 02:32:11,そば初めると竹野内豊に会えるｗｗ #annkw
2022-01-16 02:32:11,蕎麦始めて竹野内豊さんに抱かれてーな #annkw
2022-01-16 02:32:10,これは竹野内豊に抱かれたくなるわ #annkw
2022-01-16 02:32:10,あれ、川西くんはカスキンもビジネスなの？笑#annkw
2022-01-16 02:32:08,若様のトーク延長のオチがスゲーオチだったwwトーク延長して正解だったなww #annkw
2022-01-16 02:32:07,うどんで吉岡里帆に会えるみたいな要領でそばを食うと会える竹野内豊#annkw
2022-01-16 02:32:06,今日3:00からあのAdoさんが「オードリーの春日さん、若林さんお疲れ様でした」って言うの楽しみすぎる#annkw #AdoANN0
2022-01-16 02:32:06,この展開があったのに「タバコは良くないですね」で終わらせていいやと思ってたのめちゃくちゃ面白い #annkw
2022-01-16 02:32:06,タバコは良くないな からの 蕎麦って良いんだな#annkw
2022-01-16 02:32:05,竹野内豊さんと春日は見てみたいかもwww#annkw
2022-01-16 02:32:05,そば勧誘なんて聞いたことないぜ#annkw
2022-01-16 02:32:04,蕎麦を始めたら設楽さんと澤部さんにも会えるよ。#annkw
2022-01-16 02:32:04,蕎麦はじめると竹野内豊に会えるw #annkw
2022-01-16 02:32:04,きれいなオチのある話だ。今週すごい。#annkw
2022-01-16 02:32:02,蕎麦を食べるとスターに会えるwwwwwwwwww #annkw
2022-01-16 02:32:02,俺も蕎麦初めよっかな… #annkw
2022-01-16 02:32:01,蕎麦始めると竹野内豊に会えるのかあ #annkw
2022-01-16 02:32:00,名作トーク。#annkw
2022-01-16 02:32:00,蕎麦始めると竹野内さんに会える(笑) #annkw
2022-01-16 02:32:00,蕎麦始めると竹野内豊さんに会えるのか… #annkw
2022-01-16 02:31:59,GOする？ #annkw
2022-01-16 02:31:59,竹野内　豊⇔逆野内　貧　www#annkw
2022-01-16 02:31:58,カスミンのトークゾーンどうなるんだ？ #annkw
2022-01-16 02:31:57,俺もタバコやめて蕎麦はじめます！！！#annkw
2022-01-16 02:31:57,どこに出会いがあるか分からんねw #annkw
2022-01-16 02:31:57,シンゴジラで最後首相してた方だぜーってね#annkw
2022-01-16 02:31:57,竹野内豊はまじでかっこいいと思うわ…とりあえず今日は昼に蕎麦食そう#annkw
2022-01-16 02:31:57,竹野内豊から挨拶される若さんすげぇ #annkw
2022-01-16 02:31:55,ぎゃくのうちまずしはパワーワードすぎる#annkw
2022-01-16 02:31:55,日曜芸人懐かしい✨#annkw
2022-01-16 02:31:55,若林さんトークゾーン伸ばしてくれて良かった #annkw
2022-01-16 02:31:55,男でも抱かれたい男。それが竹野内豊！！ww若さんもバカリさんもザキヤマさんも抱かれたいwww #annkw
2022-01-16 02:31:55,蕎麦ってすごい #annkw
2022-01-16 02:31:54,私も蕎麦始めようかな。 #annkw
2022-01-16 02:31:53,貧😂#annkw
2022-01-16 02:31:53,蕎麦始めると、竹野内豊に会える。#annkw
2022-01-16 02:31:52,そば食べたくなってきたなぁ～#annkw
2022-01-16 02:31:52,竹野内豊さんに会えるなんて、良いなあ✨#annkw
2022-01-16 02:31:52,めちゃくちゃ良いオチww#annkw
2022-01-16 02:31:51,ニンニクチャージしてたら某バンドメンバーに出会える店もありますけどね#annkw
2022-01-16 02:31:51,竹野内さんに近づきたいが為に蕎麦屋に通おうか悩む春野内貧www #annkw
2022-01-16 02:31:50,逆野内貧！笑笑 #annkw
2022-01-16 02:31:49,若林さんトーク継続してくれて良かったなものすごいオチだった#annkw
2022-01-16 02:31:49,カスミントークゾーンなしでチン！なのかな？#annkw
2022-01-16 02:31:48,竹野内豊…紳士！！#annkw
2022-01-16 02:31:48,蕎麦始めると竹野内豊さんに会える #annkw
2022-01-16 02:31:48,自分もそば始めようかな〜#annkw
2022-01-16 02:31:47,逆野内貧(まずし)www #annkw
2022-01-16 02:31:47,そば食べ始めると竹野内さんに会えるw#annkw
2022-01-16 02:31:46,コメント欄で内輪ノリしてるならまだしも、それやってるアカウントのほとんどがアイドルのトプ画なんだよね風評被害凄いってことを知っておかないと #annkw
2022-01-16 02:31:46,蕎麦屋で竹野内豊w#annkw
2022-01-16 02:31:46,#annkw
2022-01-16 02:31:46,えぇー、竹野内豊さんずるいー、会いたいー笑#annkw
2022-01-16 02:31:45,竹之内豊はチャンスさえあれば抱かれたい男若ちゃんもザキヤマさんもバカリさんも竹ノ内さんに抱かれたい #annkw
2022-01-16 02:31:44,蕎麦を始めると竹野内豊さんと会える話でした、続き聞けてよかった#annkw
2022-01-16 02:31:44,そば始めれば竹野内さんに会えるww #annkw
2022-01-16 02:31:44,タバコ止めると芸人の先輩に会えなくなるけど、蕎麦を始めると竹野内豊に会えるｗ #annkw
2022-01-16 02:31:43,蕎麦を始める人が増えるね#annkw
2022-01-16 02:31:43,蕎麦始めると竹野内豊に会える #annkw
2022-01-16 02:31:42,やばい！逆野内貧ww #annkw
2022-01-16 02:31:40,いやすげえなそば始めると竹野内豊と会えるのか～この話奥さんはどう思ったのかな？#annkw
2022-01-16 02:31:40,竹野内豊の好感度、既に天井だったけど限界突破したわ #annkw
2022-01-16 02:31:39,煙草やめて蕎麦始めると竹野内さんに逢えるww  #annkw
2022-01-16 02:31:39,4食連続お蕎麦！ww#annkw
2022-01-16 02:31:39,竹野内です(低ねと) #annkw
2022-01-16 02:31:38,竹野内豊さんに抱かれたい日曜×芸人(ザキヤマさん・升野さん・若ちゃん)達#annkw#オードリー #若林正恭 #春日俊彰
2022-01-16 02:31:38,皆んな抱かれたい竹野内さん #annkw
2022-01-16 02:31:38,抱かれたいよ！チャンスがあればな！(`L´└)カスミンも興奮気味 #annkw
2022-01-16 02:31:37,ここ着地点だったのねｗｗ #annkw
2022-01-16 02:31:37,日曜芸人で竹野内豊さんの取り合い（笑）#annkw
2022-01-16 02:31:37,店で偶然 竹野内豊は『え゛え゛ーーーーーっ‼️』だわな。#annkw https://t.co/x1kfmwTDjn
2022-01-16 02:31:36,竹野内さんはマジでめちゃくちゃイケメンだもんなぁ#annkw
2022-01-16 02:31:36,素敵だよねー竹野内豊さん#annkw
2022-01-16 02:31:35,竹野内豊！？ #annkw
2022-01-16 02:31:34,竹野内豊さんが出てたBOSS好きだったな！！めっちゃ見てた！！#annkw
2022-01-16 02:31:32,おとぎ話みたいに 綺麗な話っ。 #annkw
2022-01-16 02:31:32,タバコの後にすごいトーク持ってたやん #annkw
2022-01-16 02:31:32,竹野内さん紳士✨✨#annkw
2022-01-16 02:31:31,トークの続きでまさか竹野内豊さん出てくるとは思わんかったw続き聞けてよかった〜w #annkw
2022-01-16 02:31:30,こっから春日トークゾーンやってチン！やったらギリギリじゃないか？ #annkw
2022-01-16 02:31:29,逆野内貧のお近づきチャレンジフラグｗ #annkw
2022-01-16 02:31:28,オードリー若林さん蕎麦屋で竹野内豊さんにバッタリ声をかけられる春日さん「抱かれたい！」 #annkw https://t.co/9JgmUQwVXy
2022-01-16 02:31:28,抱かれたいから蕎麦食べるは蕎麦に失礼だよ笑笑 #annkw
2022-01-16 02:31:27,若ちゃんトークゾーン終了あと30分しかありません。#annkw
2022-01-16 02:31:26,たしかに抱かれたいNO.1#annkw
2022-01-16 02:31:26,煙草やめて蕎麦を始めると竹野内豊と遭遇できる#annkw
2022-01-16 02:31:26,蕎麦最高だなぁー蕎麦はじめようかなぁー #annkw
2022-01-16 02:31:25,こんなスゴいエピソードあるのに春日さんのPianissimoに掻き消されそうだったのか笑#annkw
2022-01-16 02:31:25,そりゃ惚れるし抱かれたくなるかもな(笑)#annkw
2022-01-16 02:31:24,竹野内豊に会いたいので蕎麦を始める😀#annkw
2022-01-16 02:31:24,竹野内豊さん、元から好きだけど改めて好きになったなー。 #annkw
2022-01-16 02:31:23,チャンスがあれば抱かれたい#annkw
2022-01-16 02:31:22,そばを始めて竹野内豊さんに抱かれよう #annkw
2022-01-16 02:31:22,そりゃ蕎麦を選ぶかな(笑)#annkw
2022-01-16 02:31:20,逆野内貧（まずし）w #annkw
2022-01-16 02:31:20,春日＝逆野内貧 #annkw
2022-01-16 02:31:20,竹野内豊に抱かれたいは分かる#annkw
2022-01-16 02:31:19,かっけー・・・　#annkw
2022-01-16 02:31:19,蕎麦止めると、竹野内豊さんに会える^ ^(笑) #annkw
2022-01-16 02:31:19,竹野内豊さんには抱かれたいよな〜#annkw
2022-01-16 02:31:18,そんな不純な動機で蕎麦始める人いないよw  #annkw
2022-01-16 02:31:18,蕎麦っていいんだなぁ私も蕎麦始めようかな？ #annkw
2022-01-16 02:31:18,逆之内貧www#annkw
2022-01-16 02:31:16,日曜芸人で竹野内さん出演した回、むちゃくちゃ好き。この回で「え、、、すごくフランクな方❤️」って思った記憶ある。 #annkw
2022-01-16 02:31:16,そばを始めると竹野内豊に会える(重要)#annkw
2022-01-16 02:31:16,竹野内豊さんに抱かられたいw#annkw
2022-01-16 02:31:16,#annkw若様と竹野内豊さんが遭遇する蕎麦屋行ってみたいー❣️
2022-01-16 02:31:14,カスミンって「私が(有名人)だったら」っていっつもそっち側に一瞬立つよねw #annkw
2022-01-16 02:31:13,そば始めてぇ#annkw
2022-01-16 02:31:13,逆野内貧ww#annkw
2022-01-16 02:31:12,タバコやめてそば食ってたら竹野内豊に会えるとかそんなことあるかよ #annkw
2022-01-16 02:31:12,逆野内貧　こういうツイートも寒いな#annkw
2022-01-16 02:31:11,結果すごいいいお話#annkw
2022-01-16 02:31:10,バカリズムさんは自身の脚本のドラマ主演にしたもんな #annkw
2022-01-16 02:31:10,私も蕎麦食べ始めよっかな〜wwwww #annkw
2022-01-16 02:31:10,竹野内さんから声を掛けられた若様の反応がファンなのよwww #annkw
2022-01-16 02:31:10,若さんトークのオチはここだったのね#annkw
2022-01-16 02:31:09,マジか！！逆ﾉ内貧www #annkw
2022-01-16 02:31:09,蕎麦始めると俳優に会える #annkw
2022-01-16 02:31:08,下巻がまさかの展開すぎた #annkw
2022-01-16 02:31:08,僕も蕎麦はじめようかな… #annkw
2022-01-16 02:31:08,蕎麦4食はいったね笑笑#annkw
2022-01-16 02:31:07,日曜芸人の竹野内さんの回あったなぁ3人とも「竹野内さんに抱かれたい♡」 #annkw
2022-01-16 02:31:07,ぎゃくのうちまずし無理🤣#annkw
2022-01-16 02:31:07,ラジスマ対応機種お持ちの方FMに切り替えて聴いて下さい。操作方法です。https://t.co/M6Ws4hn1l6#radiko #annkw
2022-01-16 02:31:05,蕎麦って良いんだなぁ〜 #annkw
2022-01-16 02:31:04,逆野内貧めっちゃ笑ったww #annkw
2022-01-16 02:31:03,すごいな。#annkw
2022-01-16 02:31:03,そば始めると竹野内さんに会える笑 #annkw
2022-01-16 02:31:03,タバコ始めると芸人に出会い、蕎麦始めるとスターに出会える。→ 禁煙万歳‼️ #annkw
2022-01-16 02:31:02,抱かれたいからそば始める春日さんw#annkw
2022-01-16 02:31:02,逆野内 貧wwww  #annkw
2022-01-16 02:31:02,タバコやめてそば食べてたら竹野内豊さんに会えるって本当に凄い話だなー#annkw
2022-01-16 02:31:01,ちょっと物真似してる時の声「愛萌さん」の時と一緒で草 #annkw
2022-01-16 02:31:01,そば食べ始めると竹野内さんに会えるw#annkw
2022-01-16 02:31:01,逆の内豊www ↓逆の内貧www #annkw
2022-01-16 02:31:01,春日さんと同じ所沢市出身の竹野内豊さん #annkw
2022-01-16 02:31:01,チャンスがあればww #annkw
2022-01-16 02:31:00,奥さんに、タバコやめるからその間、蕎麦だけ食べさせてくれ。#annkw
2022-01-16 02:31:00,キャースガはそば打ちでもやってろw#annkw
2022-01-16 02:30:59,#annkw　竹野内豊さんに、ぎゅっと抱きしめられたら、いい匂いがして、惚れちゃいそうだな（汗）
2022-01-16 02:30:59,男が抱かれたい男、竹野内豊さん。 #annkw
2022-01-16 02:30:59,そうそうそう！！日曜芸人て、竹野内豊さん大好きだったよねー！！ #annkw
2022-01-16 02:30:58,逆之内貧笑 #annkw
2022-01-16 02:30:58,＃日曜芸人#annkw
2022-01-16 02:30:56,こんばんは、逆野内 貧(まずし)ですwww#annkw
2022-01-16 02:30:56,俺も蕎麦始めようかな #annkw
2022-01-16 02:30:56,逆之内貧wwwwww #annkw
2022-01-16 02:30:56,逆野内貧…笑 #annkw
2022-01-16 02:30:56,タバコをやめると先輩と会えなくなるが、蕎麦を始めると竹野内豊さんに会えるｗｗｗ #annkw
2022-01-16 02:30:55,ちょっと蕎麦始めるわ#annkw
2022-01-16 02:30:55,竹野内です #annkw
2022-01-16 02:30:55,竹野内豊⇔逆野内貧w #annkw
2022-01-16 02:30:55,日曜×芸人のメンバー、みんな竹野内豊さんに抱かれたいww #annkw
2022-01-16 02:30:54,私も煙草やめて蕎麦始めようかしらwwwwwwwww #annkw
2022-01-16 02:30:53,私も蕎麦始めようかなってなんだよｗｗｗ #annkw
2022-01-16 02:30:53,そば始めると竹野内さんに会えるww#annkw
2022-01-16 02:30:53,竹野内豊が出た回、覚えてるなー。面白かったもんなー。 #annkw
2022-01-16 02:30:52,抱かれたいから蕎麦始めるって何よ笑 #annkw
2022-01-16 02:30:52,蕎麦屋に竹野内豊  #annkw
2022-01-16 02:30:52,#annkw逆野内貧笑笑
2022-01-16 02:30:51,ギャグ野内 貧(まずし)😂😂 #annkw
2022-01-16 02:30:50,春日さんのトークゾーンカットが濃厚になってきたな#annkw
2022-01-16 02:30:50,逆野内貧ww日陰穴1も好き真逆シリーズ大好き #annkw
2022-01-16 02:30:50,竹野内豊さん！？ #annkw
2022-01-16 02:30:49,俺も蕎麦始めよ #annkw
2022-01-16 02:30:49,蕎麦はじめようかな…自分も。#annkw
2022-01-16 02:30:49,日曜芸人だって結構前よw #annkw
2022-01-16 02:30:48,ショーパブ芸人逆野内貧 #annkw
2022-01-16 02:30:48,わかちゃん大物じゃんね。#annkw
2022-01-16 02:30:48,日曜芸人の全員が竹野内豊さんに抱かれたい話笑#annkw
2022-01-16 02:30:46,ホントだ日曜芸人出てる #annkw https://t.co/Uk1ZMhmyf7
2022-01-16 02:30:45,抱かれたいw#annkw
2022-01-16 02:30:45,蕎麦屋で竹野内豊とエンカ　カスミンは逆野内貧 #annkw #LuckyFM
2022-01-16 02:30:45,蕎麦始めると竹野内豊に会えるwww #annkw
2022-01-16 02:30:45,丁寧だね^ ^ #annkw
2022-01-16 02:30:45,蕎麦屋で客2人いてそれが竹野内豊と若林正恭て #annkw
2022-01-16 02:30:44,竹野内豊さんって本当にかっこいいよなあ若いころとは違う色気があるというか#annkw
2022-01-16 02:30:44,竹野内豊www #annkw
2022-01-16 02:30:43,TL満場一致で竹野内豊さんに抱かれたい#annkw
2022-01-16 02:30:43,逆野内 貧wwww #annkw
2022-01-16 02:30:43,カスミンは逆野内貧しw確かにモノマネ芸人にいそうwww#annkw
2022-01-16 02:30:42,えーー！竹野内豊さん #annkw
2022-01-16 02:30:41,竹野内豊さん律儀だなー #annkw
2022-01-16 02:30:41,(‘ω’)ギャグ野内 貧(ﾏｽﾞｼ)#annkw
2022-01-16 02:30:38,逆之内貧しw#annkw
2022-01-16 02:30:38,抱かれたいw #annkw
2022-01-16 02:30:38,これ、スペシャルウィークあるぞ！！＃annkw
2022-01-16 02:30:38,みんな抱かれたい笑 #annkw
2022-01-16 02:30:37,#annkwぎゃくのうちひん⁉︎
2022-01-16 02:30:37,若林もザキヤマもバカリも抱かれたい竹野内豊 #annkw
2022-01-16 02:30:37,ギャグ野内貧ww#annkw
2022-01-16 02:30:36,竹野内豊さんはまじでかっこいいと思う #annkw
2022-01-16 02:30:36,彼方からってのがほんますごい #annkw
2022-01-16 02:30:36,逆野内貧#annkw
2022-01-16 02:30:35,わかるわかるどちらかというと抱かれたい側存在ですねw#annkw
2022-01-16 02:30:35,みんな抱かれたいw#annkw
2022-01-16 02:30:35,#annkw
2022-01-16 02:30:35,オードリー若林さんと竹野内豊さんしかカウンターにいない蕎麦屋行ってみたいな #annkw
2022-01-16 02:30:33,春日は逆野内貧ww#annkw
2022-01-16 02:30:32,逆野内貧 #annkw
2022-01-16 02:30:32,逆野内貧#annkw
2022-01-16 02:30:31,逆野内豊ww  遭遇する事がすごい😳#annkw
2022-01-16 02:30:31,チャンスがあれば？！！笑#annkw
2022-01-16 02:30:30,オードリーのオールナイトニッポン │ ニッポン放送https://t.co/P01RUfXXKI#radiko #annkw #オードリー #オールナイトニッポン
2022-01-16 02:30:30,カッケー(笑)#annkw
2022-01-16 02:30:29,日曜芸人に出てたなー！！！ #annkw
2022-01-16 02:30:29,奥さん(ソバアレルギー)にタバコ辞めるけどソバだけ食わせてくれと言ってきのうから4食連続ソバの若林さん#annkw
2022-01-16 02:30:29,若林さんすごいな！ #annkw
2022-01-16 02:30:27,素敵な選TAXIでも、竹野内豊さん出てたからね^ ^ #annkw
2022-01-16 02:30:26,チャンスがあればねw#annkw
2022-01-16 02:30:26,逆野内貧wwwww#annkw
2022-01-16 02:30:26,逆野内じゃなくてギャグ野内貧って言ってない？ #annkw
2022-01-16 02:30:26,逆野内貧て(笑)#annkw
2022-01-16 02:30:25,チャンスがあれば笑笑 #annkw
2022-01-16 02:30:25,いやー凄すぎる話だよ震えたぁ#annkw
2022-01-16 02:30:24,タバコは良くないオチの先にとんでもないトーク待ってたな #annkw
2022-01-16 02:30:24,キサラ出てそうw #annkw
2022-01-16 02:30:24,竹野内豊さんに声かけられた！？ #annkw
2022-01-16 02:30:22,逆野内貧は草#annkw
2022-01-16 02:30:22,イケメンだよなずーと #annkw
2022-01-16 02:30:22,逆乃内　貧 #annkw
2022-01-16 02:30:21,竹野内豊さん！？ #annkw
2022-01-16 02:30:21,バンプの増川さんとあったり竹野内豊さんとあったり若様すごいな#annkw
2022-01-16 02:30:21,みんな抱かれたいwwww #annkw
2022-01-16 02:30:20,貧は可哀想www #annkw
2022-01-16 02:30:20,逆野内貧 #annkw
2022-01-16 02:30:20,すごい偶然だな～ #annkw
2022-01-16 02:30:20,えっ！マジで竹野内豊さんなの⁉︎ #annkw
2022-01-16 02:30:20,男が抱かれたい男はそのとおり　#annkw
2022-01-16 02:30:20,好きな蕎麦屋で蕎麦を食べる若様。トントン。リトルトゥースかな？( 'ω') 竹野内です。え”ーーー！！！( 'ω')  #annkw
2022-01-16 02:30:20,チャンスがあれば抱かれたい  #annkw
2022-01-16 02:30:19,逆野内貧wwwwwwwww #annkw
2022-01-16 02:30:19,竹野内豊に抱かれたいのめちゃくちゃわかる #annkw
2022-01-16 02:30:18,ほんとそれw抱かれたいwww#annkw
2022-01-16 02:30:18,竹野内豊日曜芸人でプチはねしてたよな #annkw
2022-01-16 02:30:18,何のチャンスだよwww #annkw
2022-01-16 02:30:18,リトルトゥースかと思ったら竹野内豊w #annkw
2022-01-16 02:30:17,逆野内貧笑笑笑#annkw
2022-01-16 02:30:17,その日曜芸人の回めっちゃ覚えてるw#annkw
2022-01-16 02:30:17,竹野内豊さん！！！！！ #annkw
2022-01-16 02:30:16,心なんてない。#annkw
2022-01-16 02:30:16,竹野内 豊←→逆野内 貧  #annkw
2022-01-16 02:30:16,男が好きな男だもんな#annkw
2022-01-16 02:30:15,(｀L´└)チャンスがあればね#annkw#オードリーANN
2022-01-16 02:30:14,え！？竹之内豊さん！！！！！！若様すげぇｗｗｗ#annkw
2022-01-16 02:30:13,若ちゃんと竹野内豊といえば、日曜芸人を思い出すなぁ#annkw
2022-01-16 02:30:13,竹野内豊逆野内貧 #annkw
2022-01-16 02:30:13,逆野内貧ww#annkw
2022-01-16 02:30:13,竹野内豊さんは男が惚れる男よなぁ#annkw
2022-01-16 02:30:13,ド変態ズ#annkw
2022-01-16 02:30:12,確かに竹野内さんには性別関係なく抱かれたいよね #annkw
2022-01-16 02:30:12,抱かれたい俳優 #annkw
2022-01-16 02:30:11,#annkw男が抱かれたい竹野内豊😍
2022-01-16 02:30:11,逆野内貧w#annkw
2022-01-16 02:30:11,まさかの竹野内豊さん(笑)#annkw
2022-01-16 02:30:10,逆野内貧www #annkw
2022-01-16 02:30:10,逆野内貧笑笑 #annkw
2022-01-16 02:30:10,逆ノ内貧は笑った#annkw
2022-01-16 02:30:10,竹野内豊と会ったっていうネタあったのにタバコはダメっていうトークで終わらせようとしたのかww #annkw
2022-01-16 02:30:10,逆野内貧 #annkw
2022-01-16 02:30:09,逆野内貧笑笑 #annkw
2022-01-16 02:30:09,「竹野内です」 #annkw
2022-01-16 02:30:09,えぇぇ竹之内さん！？急に話変わったw #annkw
2022-01-16 02:30:08,逆野内貧し #annkw
2022-01-16 02:30:08,セクシーイケメントーン。 #annkw
2022-01-16 02:30:08,逆野内豊笑逆野内貧笑笑 #annkw
2022-01-16 02:30:08,#annkw竹野内豊！？
2022-01-16 02:30:07,設楽さんは平井堅さんに声かけられて逆野内不味しとラジオやってる若ちゃんは竹野内豊さんとプライベートで声かけられてすげぇわ竹野内豊さんてマジでカッコいいよなー#annkw
2022-01-16 02:30:07,逆野内貧wwwwwww #annkw
2022-01-16 02:30:07,#annkw逆野内豊wwwwwwwwwwwwww
2022-01-16 02:30:07,逆野内貧〜！ #annkw
2022-01-16 02:30:06,確かに竹之内さんだったら抱かれたいはな笑#annkw
2022-01-16 02:30:06,向こうから声かけてくれるもんなんだねww#annkw
2022-01-16 02:30:06,逆野内貧#annkw
2022-01-16 02:30:06,#annkw竹野内さんでしたか笑笑
2022-01-16 02:30:05,男でもチャンスがあれば抱かれたい男竹野内豊ザキヤマも若林もバカリズムも#annkw
2022-01-16 02:30:04,日曜芸人で3人とも抱かれたかった竹野内豊さんｗｗ #annkw
2022-01-16 02:30:04,30分超えるぞ笑 #annkw
2022-01-16 02:30:03,逆野内貧www #annkw
2022-01-16 02:30:03,チャンスがあれば抱かれたい俳優ｗｗｗ #annkw
2022-01-16 02:30:02,逆野内貧w #annkw
2022-01-16 02:30:02,「流石にもうちょっと喋ってくれ」が無かったら、竹野内豊さんのエピソード削ってたのかw若林さん #annkw
2022-01-16 02:30:02,竹野内豊には抱かれたいわ🥰 #annkw
2022-01-16 02:30:02,「竹野内さんに抱かれたい」未成年の自分でも納得しちゃう笑#annkw
2022-01-16 02:30:02,どうやったら蕎麦屋で竹野内豊に声かけられる事案が発生すんのよー！www #annkw
2022-01-16 02:30:02,逆野内貧 #annkw
2022-01-16 02:30:01,わかる。#annkw
2022-01-16 02:30:01,逆野内貧w #annkw
2022-01-16 02:30:01,逆野内貧#annkw
2022-01-16 02:30:00,バカリズムさんも抱かれたいのか^ ^ #annkw
2022-01-16 02:30:00,逆野内貧 #annkw
2022-01-16 02:30:00,春日=逆野内貧#annkw
2022-01-16 02:30:00,逆野内貧って笑#annkw
2022-01-16 02:30:00,逆野内貧さん笑笑#annkw
2022-01-16 02:30:00,逆野内貧ことカスミン#annkw
2022-01-16 02:30:00,竹野内豊の対義語、逆野内貧  #annkw
2022-01-16 02:30:00,逆野内貧て笑 #annkw
2022-01-16 02:30:00,@saraba_morita ほんとにありがた迷惑でわらいましたオードリー若ちゃんがタバコ止める話ししてて喫煙所で森田さんに会うって言ってました#annkw
2022-01-16 02:30:00,逆野内貧www#annkw
2022-01-16 02:30:00,逆野内貧www #annkw
2022-01-16 02:29:59,逆野内貧(ぎゃくのうちまずし)#annkw
2022-01-16 02:29:59,逆野内貧ww #annkw
2022-01-16 02:29:59,逆野内貧だれww#annkw
2022-01-16 02:29:59,竹野内豊さんと若様しかいない蕎麦屋#annkw
2022-01-16 02:29:59,逆野内貧wwwww#annkw
2022-01-16 02:29:59,あの竹之内！？ #annkw
2022-01-16 02:29:59,逆野内貧#annkw
2022-01-16 02:29:58,私も竹野内豊さんに会いたい #annkw
2022-01-16 02:29:57,若林さんほんとご飯屋さんで色んな人に会うな〜笑 #annkw
2022-01-16 02:29:57,竹野内豊…！？ #annkw
2022-01-16 02:29:57,逆野内貧wwwwww#annkw
2022-01-16 02:29:57,そりゃあ男性も抱かれたいよなー😌#annkw
2022-01-16 02:29:57,堤下敦みたいw#annkw
2022-01-16 02:29:56,逆野内貧は草#annkw
2022-01-16 02:29:55,ギャグ野内 貧wwww#annkw #radiko
2022-01-16 02:29:55,逆野内貧(ぎゃくのうちまずし)#annkw
2022-01-16 02:29:55,逆野内貧ww#annkw
2022-01-16 02:29:54,すげぇな #annkw
2022-01-16 02:29:54,逆野内貧(まずし) #annkw
2022-01-16 02:29:53,逆之内貧#annkw
2022-01-16 02:29:53,逆野内貧wwwwww #annkw
2022-01-16 02:29:53,えっ？竹野内豊さん?!凄い！#annkw
2022-01-16 02:29:53,逆野内貧(笑) #annkw
2022-01-16 02:29:52,(`L´└)逆野内貧 #annkw
2022-01-16 02:29:52,逆野内貧 #annkw
2022-01-16 02:29:52,竹野内豊？！？！？！#annkw
2022-01-16 02:29:52,トントン若林（リトルトゥースにしちゃめちゃめちゃイケメンだな…）竹野内「竹野内です」若林「えええ？？！！？！」#annkw
2022-01-16 02:29:52,ものまねタレントみたいなwwwwww #annkw
2022-01-16 02:29:51,逆野内貧 #annkw
2022-01-16 02:29:51,ギャグノ内貧しｗ#annkw
2022-01-16 02:29:50,逆之内貧 #annkw
2022-01-16 02:29:50,そのおそば屋は新宿2丁目にあるんかいなｗ#annkw
2022-01-16 02:29:50,ギャグ野内貧#annkw
2022-01-16 02:29:49,#annkw　竹野内豊さん！！？？すげえー！！蕎麦仲間だ！！あ、蕎麦っていえば、栞里ちゃんも蕎麦好きだ。
2022-01-16 02:29:49,セクシーだよなあ #annkw
2022-01-16 02:29:48,でも、竹野内豊さんそば屋似合うな〜#annkw
2022-01-16 02:29:48,4食連続蕎麦wwwあちこちオードリーでも言ってたな。もうひむ太郎出ろよ！#annkw#ひむ太郎
2022-01-16 02:29:48,逆野内貧 #annkw
2022-01-16 02:29:48,逆野内貧www #annkw
2022-01-16 02:29:48,えーー！#annkw
2022-01-16 02:29:48,春日は逆野内貧wwww#annkw
2022-01-16 02:29:48,カスミンの「女性」の部分が出ちゃってるじゃん#annkw
2022-01-16 02:29:47,リトルトゥース にしてはイケメンってさりげなく皮肉ってて草 #annkw
2022-01-16 02:29:47,突然すぎるぞ #annkw
2022-01-16 02:29:47,東洋イチ「貧乏の！」#annkw
2022-01-16 02:29:47,日曜✖︎芸人　3人揃って抱かれたい俳優。 #annkw
2022-01-16 02:29:47,竹野内豊さん、男から見てもカッコいいよね^ ^ #annkw
2022-01-16 02:29:47,えっ！まさかの竹野内豊さん✨#annkw
2022-01-16 02:29:47,逆の内貧 #annkw
2022-01-16 02:29:46,竹野内豊さんに遭遇！ #annkw
2022-01-16 02:29:46,逆野内貧wwww #annkw
2022-01-16 02:29:46,あぁー日曜芸人！出てたかも！#annkw
2022-01-16 02:29:45,オードリーで竹野内豊さんに抱かれたい願望持ってるwww #annkw
2022-01-16 02:29:45,サラッとおもしろ暴言(  'ω')「リトルトゥースにしちゃ、イケメンだな。」#annkw
2022-01-16 02:29:45,逆野内貧www#annkw
2022-01-16 02:29:44,逆野内貧 #annkw
2022-01-16 02:29:44,まさかの竹野内豊 #annkw
2022-01-16 02:29:44,まさかの竹野内豊さん😍😍😍😍😍😍😍😍😍😍#annkw
2022-01-16 02:29:44,竹野内豊に抱かれたい男たち笑 #annkw
2022-01-16 02:29:43,#annkw逆野内貧ww
2022-01-16 02:29:43,貧 #annkw
2022-01-16 02:29:43,逆ノ内貧(ぎゃくのうちまずし)www#annkw
2022-01-16 02:29:43,貧 #annkw
2022-01-16 02:29:43,逆野内貧www#annkw#オードリー #若林正恭 #春日俊彰
2022-01-16 02:29:43,すげー！ #annkw
2022-01-16 02:29:43,竹野内豊→逆野内貧腹爆発するwwwwww #annkw
2022-01-16 02:29:43,男が抱かれたい男笑#annkw
2022-01-16 02:29:43,竹野内豊さん！？#annkw
2022-01-16 02:29:43,日曜芸人が抱かれたい男竹野内豊#annkw
2022-01-16 02:29:42,竹野内豊↔️逆野内貧#annkw
2022-01-16 02:29:42,逆野内貧 #annkw
2022-01-16 02:29:42,そういう人だったんかｗｗｗ#annkw
2022-01-16 02:29:42,4食連続！？リトルトゥースにしてはイケメンw竹野内豊！？！？でびっくりしてる笑 #annkw
2022-01-16 02:29:41,逆野内 貧 #annkw
2022-01-16 02:29:41,逆野内貧さんww#annkw
2022-01-16 02:29:41,まさかのそば屋で竹野内豊さん#annkw
2022-01-16 02:29:41,逆野内貧www #annkw
2022-01-16 02:29:41,竹野内豊さん！？本当にかっこいい人だよな〜いいな〜＃annkw
2022-01-16 02:29:41,まさかの竹野内豊！！そりゃ「えっ！？」って言うwww#annkw
2022-01-16 02:29:41,竹野内豊⇔逆野内貧 #annkw
2022-01-16 02:29:40,竹内豊さんはめちゃくちゃかっこいいよね #annkw
2022-01-16 02:29:40,逆野内貧www #annkw
2022-01-16 02:29:40,逆野内貧wwwwwwwww #annkw
2022-01-16 02:29:40,設楽さんが平井堅さんと会ったり若林さんが竹野内さんと会ったりすごいな #annkw
2022-01-16 02:29:39,逆野内貧しw#annkw
2022-01-16 02:29:38,キサラに出てそうｗｗｗ #annkw
2022-01-16 02:29:37,チャンスさえあれば抱かれたい #annkw
2022-01-16 02:29:36,竹野内豊さんと蕎麦屋で遭遇して声をかけてくれるのは凄すぎ‼️(笑)#annkw
2022-01-16 02:29:36,ザキヤマもバカリもwwwww #annkw
2022-01-16 02:29:36,みんな抱かれたい #annkw
2022-01-16 02:29:36,マジでそうよ抱かれたいよ #annkw
2022-01-16 02:29:36,逆野内貧 #annkw
2022-01-16 02:29:35,若さんよくこんな凄い話しないでトーク終わりにしようとしたな笑#annkw
2022-01-16 02:29:35,逆野内貧wwwwwwwwwwwwwwwwwwwwww#annkw
2022-01-16 02:29:34,逆野内貧www#annkw
2022-01-16 02:29:34,@tos タバコを辞めて空いた穴を埋めるために行った蕎麦屋で竹野内豊さんと遭遇は強いwww#annkw
2022-01-16 02:29:34,竹野内豊さん(笑)#annkw
2022-01-16 02:29:34,竹野内豊！ヤバ！#annkw
2022-01-16 02:29:33,逆野内貧w#annkw
2022-01-16 02:29:33,逆野内貧 wwww #annkw
2022-01-16 02:29:33,逆野内貧w #annkw
2022-01-16 02:29:33,逆野内貧 #annkw
2022-01-16 02:29:33,竹野内豊いいなぁあ！！！ #annkw
2022-01-16 02:29:33,ビーチボーイズ #annkw
2022-01-16 02:29:32,逆野内貧w #annkw #オードリーANN
2022-01-16 02:29:32,逆野内貧 #annkw
2022-01-16 02:29:32,竹野内さんと遭遇はスゴいわ#annkw
2022-01-16 02:29:31,竹野内豊さんに抱かれたいめちゃくちゃ分かるなぁw#annkw
2022-01-16 02:29:31,男が竹野内豊に抱かれたいは確かにわかる#annkw
2022-01-16 02:29:31,ビーチボーイズが声かけてくるなんて　#annkw
2022-01-16 02:29:31,男が抱かれたい男 #annkw
2022-01-16 02:29:31,え！？ #annkw
2022-01-16 02:29:30,えっ！？ #annkw
2022-01-16 02:29:30,逆野内貧は草#annkw
2022-01-16 02:29:30,竹野内豊さんwwwwww#annkw
2022-01-16 02:29:30,えーーー！！！！！竹野内豊さんの方から若ちゃんに声かけるとかすごい！！！#annkw
2022-01-16 02:29:30,逆野内貧さんw #annkw
2022-01-16 02:29:29,まさかの竹野内！？#annkw
2022-01-16 02:29:29,えぐい人出てきたな #annkw
2022-01-16 02:29:29,はねるのトびらの堤下さんイジりみたいな笑 #annkw
2022-01-16 02:29:29,貧w#annkw
2022-01-16 02:29:29,竹野内豊さんだったら抱かれてもいい。凄え分かります！#annkw
2022-01-16 02:29:29,竹野内ですはつよ #annkw
2022-01-16 02:29:29,竹野内さんの名前出た途端の春日さんのテンションの上がり方すげぇ(笑) #annkw
2022-01-16 02:29:28,逆野内貧www#annkw
2022-01-16 02:29:28,若林さんにﾄﾝﾄﾝリトルトゥースかと思ったら「竹野内です」え！？ #annkw
2022-01-16 02:29:28,分かる。#annkw
2022-01-16 02:29:28,逆野内貧しwww#annkw
2022-01-16 02:29:27,竹野内豊さんすげぇ…#annkw
2022-01-16 02:29:27,逆野内貧wwwキサラにいそうwww #annkw
2022-01-16 02:29:27,逆野内貧 #annkw
2022-01-16 02:29:27,竹野内豊さん！？逆野内貧ww #annkw
2022-01-16 02:29:27,逆野内貧www#annkw
2022-01-16 02:29:27,｢抱かれたい｣www #annkw
2022-01-16 02:29:26,そば屋でマスクをした謎のイケメンに声掛けられる若林竹野内と名乗る男に声出して驚く若林逆野内貧（ぎゃくのうちまずし）#annkw
2022-01-16 02:29:26,オードリーのオールナイトニッポン │ RNB南海放送https://t.co/S6iNbyHoZ9#radiko #annkw #rnb1116
2022-01-16 02:29:26,竹野内豊さんと蕎麦屋で会って声をかけてきてくださった話！#annkw
2022-01-16 02:29:26,逆野内貧wwwwww #annkw
2022-01-16 02:29:26,チャンスさえあれば竹野内豊さんに抱かれたいカスミンw#annkw
2022-01-16 02:29:26,ギャグ野内貧 #annkw
2022-01-16 02:29:26,竹野内貧→春日(^_^;)(笑) #annkw
2022-01-16 02:29:25,竹野内豊↔️逆之内貧（春日俊彰）#annkw
2022-01-16 02:29:25,竹野内豊さん！？！？ #annkw
2022-01-16 02:29:25,そりゃビックリするわ(笑)#annkw
2022-01-16 02:29:25,リトルトゥースならめちゃくちゃイケメンだなww #annkw
2022-01-16 02:29:24,竹野内です！？#annkw
2022-01-16 02:29:24,逆野内貧笑笑#annkw
2022-01-16 02:29:24,竹野内豊さんに声をかけられる#annkw
2022-01-16 02:29:24,ぎゃくのうちまずしwwww#annkw
2022-01-16 02:29:23,えぇーー？！？！その話をせずにトーク終わろうとしてたの？！それに驚きだわww#annkw
2022-01-16 02:29:23,逆野内貧 #annkw
2022-01-16 02:29:23,逆野内貧ｗｗｗｗｗｗｗｗｗ #annkw
2022-01-16 02:29:23,抱かれたいと思うのめちゃめちゃ分かる #annkw
2022-01-16 02:29:23,男が抱かれたいwwwww #annkw
2022-01-16 02:29:22,逆野内貧(ぎゃくのうちまずし)#annkw
2022-01-16 02:29:22,堤下敦的な #annkw
2022-01-16 02:29:22,逆野内貧wwwwwwwwwww #annkw
2022-01-16 02:29:21,竹野内豊さん！？#annkw
2022-01-16 02:29:21,逆ノ内貧ww#annkw
2022-01-16 02:29:20,竹野内豊⁉︎ #annkw
2022-01-16 02:29:20,昨日蕎麦屋で竹野内豊さんにあった(‘ω’)(‘ω’)えぇ〜！ #annkw
2022-01-16 02:29:20,すげえ #annkw
2022-01-16 02:29:19,逆野内貧笑 #annkw
2022-01-16 02:29:19,豊かよ #annkw
2022-01-16 02:29:19,#bananamoon →設楽さんが買い物中、平井堅さんに声かけられる #annkw→若様がそば食い中、竹野内豊さんに声かけられる
2022-01-16 02:29:19,逆野内貧（ぎゃくのうちまずし） #annkw
2022-01-16 02:29:19,竹野内豊さんに挨拶されるの凄すぎる#annkw
2022-01-16 02:29:18,竹野内豊wwwwwwwww#annkw
2022-01-16 02:29:17,リトルトゥースにしてはイケメンすぎる男竹野内豊#annkw
2022-01-16 02:29:17,チャンスさえあれば抱かれたいwwwwww #annkw
2022-01-16 02:29:16,竹野内さん！？#annkw
2022-01-16 02:29:16,竹野内豊さん✨✨✨✨✨✨#annkw
2022-01-16 02:29:16,チャンスがあれば抱かれたい男ｗｗｗ #annkw
2022-01-16 02:29:16,逆野内貧は本家に抱かれたいw #annkw
2022-01-16 02:29:15,竹野内豊さん！？#annkw
2022-01-16 02:29:15,えーー！！！竹野内豊さん！？#annkw
2022-01-16 02:29:15,たしかにキサラ出てそうな名前(笑) #annkw
2022-01-16 02:29:15,チャンスがあれば抱かれたいw #annkw
2022-01-16 02:29:14,逆野内貧www #annkw
2022-01-16 02:29:14,逆野内貧 #annkw
2022-01-16 02:29:13,逆野内 貧 #annkw https://t.co/Foq4uP6jvX
2022-01-16 02:29:13,チャンスがあれば抱かれたい男 #annkw
2022-01-16 02:29:12,竹野内豊さん！？笑#annkw
2022-01-16 02:29:12,若様と竹野内豊さんしかいない蕎麦屋ってなに？wwwwwww#annkw
2022-01-16 02:29:12,竹野内豊！！！！！　#annkw
2022-01-16 02:29:12,竹野内豊さんマジ声いいよな〜 #annkw
2022-01-16 02:29:10,抱かれたいのはわかる笑 #annkw
2022-01-16 02:29:10,竹野内豊さんwwwやばwww #annkw
2022-01-16 02:29:10,逆野内貧w #annkw
2022-01-16 02:29:10,逆ノ内貧ｗｗｗ#annkw
2022-01-16 02:29:10,竹野内豊さんに会えるのすご #annkw
2022-01-16 02:29:09,逆野内貧www #annkw
2022-01-16 02:29:09,竹野内豊さん！？！？笑笑 #annkw
2022-01-16 02:29:09,竹野内豊！？ さん！？#annkw
2022-01-16 02:29:09,逆野内貧ｗｗ #annkw
2022-01-16 02:29:09,たけのうち！#annkw
2022-01-16 02:29:08,え！！！竹野内豊さん！！！#annkw
2022-01-16 02:29:08,竹野内豊さんはエグいて笑笑 #annkw
2022-01-16 02:29:08,そば屋でまさかの竹野内豊と遭遇する若林#annkw
2022-01-16 02:29:08,逆野内貧(まずし)ww #annkw
2022-01-16 02:29:08,え？本当に？マジの話？www #annkw
2022-01-16 02:29:08,逆野内貧www#annkw
2022-01-16 02:29:08,すごーーい！！ #annkw
2022-01-16 02:29:08,逆野内貧 #annkw
2022-01-16 02:29:08,竹野内豊さん笑#annkw
2022-01-16 02:29:08,まさかの竹野内豊！笑 #annkw
2022-01-16 02:29:07,逆野内貧(まずし)w #annkw
2022-01-16 02:29:07,えっ！？竹野内豊さん⁉️#annkw#オードリー #若林正恭 #春日俊彰
2022-01-16 02:29:07,ええ！！？竹野内豊！！？？#annkw
2022-01-16 02:29:07,逆野内　貧ww#annkw
2022-01-16 02:29:06,逆野内貧ｗｗｗ #annkw
2022-01-16 02:29:06,松野内貧wwwwwww #annkw
2022-01-16 02:29:06,春日さん＝逆野内貧 #annkw
2022-01-16 02:29:05,ギャグの内貧しって南蛇井w#annkw
2022-01-16 02:29:05,竹野内豊さん！？すご！！笑#annkw
2022-01-16 02:29:03,竹ノ内豊⇔逆ノ内貧#annkw
2022-01-16 02:29:03,えぇ！竹野内豊さん！？すっげぇ、、！笑#annkw
2022-01-16 02:29:03,竹野内豊さん！？ #annkw
2022-01-16 02:29:03,竹野内豊さん！？#annkw
2022-01-16 02:29:03,竹野内豊さん！？ #annkw
2022-01-16 02:29:03,すっごいな #annkw
2022-01-16 02:29:02,えーーー、スゴっ #annkw
2022-01-16 02:29:02,竹野内豊！？ #annkw
2022-01-16 02:29:02,竹野内豊⇔逆野内貧（ぎゃくのうちまずし） #annkw
2022-01-16 02:29:02,#annkw蕎麦屋で竹野内豊Σ(´□｀;)
2022-01-16 02:29:02,竹野内豊さん？#annkw #オードリーANN
2022-01-16 02:29:01,竹ノ内豊さん！？#annkw
2022-01-16 02:29:01,そんな事は無いですね(^_^;)(笑) #annkw
2022-01-16 02:29:01,竹野内豊さん！？凄い偶然#annkw
2022-01-16 02:29:00,逆野内貧ちゃん笑 #annkw
2022-01-16 02:29:00,逆野内貧ww#annkw
2022-01-16 02:29:00,え？！ #annkw
2022-01-16 02:28:59,リトルトゥースにしてはイケメンだなぁ竹野内豊さん！？！？ #annkw
2022-01-16 02:28:59,竹野内豊！？BUMPのヒロに洋食屋で会って以来のサプライズじゃん！ #annkw
2022-01-16 02:28:59,え！？ #annkw
2022-01-16 02:28:59,竹野内豊はやばいwww #annkw
2022-01-16 02:28:58,竹野内豊さん！？ #annkw
2022-01-16 02:28:58,ええっ！？ #annkw
2022-01-16 02:28:58,すげぇーー！w #annkw
2022-01-16 02:28:58,リトルトゥースにしちゃあ‥(^_^;) #annkw
2022-01-16 02:28:57,竹野内豊（妙にイケメンなリトルトゥース） #annkw
2022-01-16 02:28:57,逆野内貧 #annkw
2022-01-16 02:28:56,竹野内です。えーー！ #annkw
2022-01-16 02:28:56,イケメンタクシードライバー #annkw
2022-01-16 02:28:56,豊 #annkw
2022-01-16 02:28:55,男前の竹野内 #annkw
2022-01-16 02:28:55,M-1前に蕎麦食べてるやついたなー#annkw
2022-01-16 02:28:55,逆野内貧#annkw
2022-01-16 02:28:54,竹野内豊さん！？ #annkw
2022-01-16 02:28:54,マジかよｗｗｗ #annkw
2022-01-16 02:28:54,逆野内貧ww  #annkw
2022-01-16 02:28:54,リトルトゥースにイケメンはいないからね😌#annkw
2022-01-16 02:28:53,逆野内貧wwwwwww #annkw
2022-01-16 02:28:53,リトルトゥース「にしては」ww#annkw
2022-01-16 02:28:53,竹野内豊さんwww#annkw
2022-01-16 02:28:53,リトルトゥースと顔のつくりは関係ないのよ！ #annkw
2022-01-16 02:28:52,竹野内です #annkw
2022-01-16 02:28:52,竹野内豊さん!?wwww#annkw
2022-01-16 02:28:51,！？！？？ #annkw https://t.co/4WeyQSqkv7
2022-01-16 02:28:51,逆野内貧wwwwww #annkw
2022-01-16 02:28:51,たけのうちです！？www #annkw
2022-01-16 02:28:51,え、豊さん？？#annkw
2022-01-16 02:28:51,逆野内貧w #annkw
2022-01-16 02:28:50,逆野内貧 #annkw
2022-01-16 02:28:50,禁煙して蕎麦で埋める人初めて聞いた #annkw
2022-01-16 02:28:50,竹野内豊さん！？ #annkw
2022-01-16 02:28:50,#annkw竹野内豊さんと蕎麦屋で会った若林さん。
2022-01-16 02:28:50,"----商品価格:2,962円----✨本日のトレンド✨#鹿楓堂よついろ日和#マーベルヒーローの日キャンペーンアラート#annkw神奈川県お得な商品をチェック✅気になる評判は？おすすめ？「b6」 【キヤノン純正】 FINEカートリッジ BC-345XL ブラック（大… [楽天] https://t.co/5CxkgtJnCM #rakuafl https://t.co/JpF4p7T2Tg"
2022-01-16 02:28:49,竹野内豊！？！？！？？ #annkw
2022-01-16 02:28:49,リトルトゥースにしてはめちゃくちゃイケメンw#annkw
2022-01-16 02:28:48,逆野内貧。 #annkw
2022-01-16 02:28:48,カウンターで蕎麦食ってたら竹野内豊と遭遇！！ #annkw
2022-01-16 02:28:48,電子タバコ✖︎↓蕎麦食わせて！！！⭕️ #annkw
2022-01-16 02:28:48,竹野内？？#annkw
2022-01-16 02:28:48,「禁煙したので4食連続ソバ」#annkw
2022-01-16 02:28:47,逆野内貧。笑#annkw
2022-01-16 02:28:47,逆之内貧し🤣🤣 #annkw
2022-01-16 02:28:46,逆野内貧wwwww #annkw
2022-01-16 02:28:45,逆野内貧笑 #annkw
2022-01-16 02:28:45,竹野内豊さん？#annkw
2022-01-16 02:28:45,逆の内貧（まずし）ｗｗｗｗｗｗ #annkw
2022-01-16 02:28:45,逆野内貧 #annkw
2022-01-16 02:28:45,逆野内貧し😆#annkw
2022-01-16 02:28:44,えっ！？？竹之内豊さん？？？ #annkw
2022-01-16 02:28:43,逆野内貧(笑)#annkw
2022-01-16 02:28:43,！？#annkw
2022-01-16 02:28:43,竹野内豊さんが！！笑笑 #annkw
2022-01-16 02:28:43,竹野内って、竹野内豊さん(´⊙ω⊙`)⁈ #annkw
2022-01-16 02:28:43,逆野内貧w#annkw
2022-01-16 02:28:42,4食連続蕎麦ww#annkw
2022-01-16 02:28:42,普通に驚くよね#annkw
2022-01-16 02:28:42,逆野内貧www#annkw
2022-01-16 02:28:42,逆野内貧こと春日俊彰 #annkw
2022-01-16 02:28:41,逆野内貧 #annkw
2022-01-16 02:28:41,え⁉️竹野内豊さん⁉️ #annkw
2022-01-16 02:28:41,逆野内貧wwwww#annkw
2022-01-16 02:28:41,逆野内貧wwww #annkw
2022-01-16 02:28:40,竹野内豊さん？！#annkw
2022-01-16 02:28:40,ギャグ野内貧（まずし）ｗｗｗ #annkw
2022-01-16 02:28:40,若さん蕎麦ほんまに大好き江戸っ子だねー #annkw
2022-01-16 02:28:40,すご！ #annkw
2022-01-16 02:28:40,竹野内豊さん！？#annkw
2022-01-16 02:28:40,逆野内貧www#annkw
2022-01-16 02:28:40,竹野内豊さん！？#annkw
2022-01-16 02:28:39,そりゃCM跨いでもトークゾーン続けるわけだ#annkw
2022-01-16 02:28:39,恥ずかしくなるくらいデカい声出ちゃった#annkw
2022-01-16 02:28:39,4連続は落語家レベル #annkw
2022-01-16 02:28:38,竹野内豊さん？#annkw
2022-01-16 02:28:38,ぎゃくのうちまずし笑笑笑笑 #annkw
2022-01-16 02:28:38,えっあの竹野内豊？#annkw
2022-01-16 02:28:38,竹野内豊さんと蕎麦屋で遭遇w#annkw
2022-01-16 02:28:38,竹野内豊？wwwwwwwww #annkw
2022-01-16 02:28:38,男前の竹野内って言ったらあの竹野内豊さん！！ #annkw
2022-01-16 02:28:38,マジで！？ #annkw
2022-01-16 02:28:37,逆野内貧 #annkw
2022-01-16 02:28:36,逆野内貧wwwwwwwwwww#annkw
2022-01-16 02:28:36,若林さんって本当に蕎麦が好きだな(笑)(笑)#annkw https://t.co/2H7vXvsjzK
2022-01-16 02:28:35,｢リトルトゥースにしてはめちゃくちゃイケメンだな｣#annkw
2022-01-16 02:28:35,竹野内豊に声掛けられたんだ、すげー #annkw
2022-01-16 02:28:34,偶然の出会いてすげ〜な #annkw
2022-01-16 02:28:34,竹野内豊さん！#annkw
2022-01-16 02:28:34,逆の内貧ｗｗｗｗｗｗ #annkw
2022-01-16 02:28:33,竹野内豊さん！？ #annkw
2022-01-16 02:28:32,凄いな笑#annkw
2022-01-16 02:28:32,竹野内豊！？ #annkw
2022-01-16 02:28:32,貧笑 #annkw
2022-01-16 02:28:31,本日若林のトークゾーン2個てすげぇな笑 #annkw
2022-01-16 02:28:31,逆野内貧 #annkw
2022-01-16 02:28:31,は！？本物！？！？ #annkw
2022-01-16 02:28:31,竹野内です！ｗｗ #annkw
2022-01-16 02:28:31,あの！？ #annkw
2022-01-16 02:28:30,竹野内豊さん‼︎#annkw
2022-01-16 02:28:30,なんだそれwwwwwww #annkw
2022-01-16 02:28:30,竹野内豊さんだと？！ #annkw
2022-01-16 02:28:30,まさかの竹之内さん#annkw
2022-01-16 02:28:29,えー！？ #annkw
2022-01-16 02:28:26,行きつけの蕎麦屋のカウンター で「コンコン。」→ 「あの...、竹野内です。」→『うぇぇっ⁉️』 #annkw
2022-01-16 02:28:26,え、竹野内豊さんと会ったんか…めちゃめちゃ羨ましい #annkw
2022-01-16 02:28:26,電子タバコ（喫煙歴6ヶ月）をやめて蕎麦食を開始した若ちゃん☺#annkw
2022-01-16 02:28:26,竹野内豊さん！？！？！？#annkw
2022-01-16 02:28:26,サラッと既に蕎麦生活始まってるw#annkw
2022-01-16 02:28:26,えええ！？ #annkw
2022-01-16 02:28:26,#annkw4食連続蕎麦笑笑
2022-01-16 02:28:25,竹野内です!? #annkw
2022-01-16 02:28:25,#annkw 蕎麦はいいんじゃないかなー。自分も蕎麦アレルギー持ちだけど、人が食べるのはまったく気にならない。ゆで汁とかが一緒にならないなら、気にしない。
2022-01-16 02:28:25,まじかwww #annkw
2022-01-16 02:28:25,#annkwえーーー!竹野内豊さん!!!蕎麦屋で遭遇w
2022-01-16 02:28:25,豊！？ #annkw
2022-01-16 02:28:25,竹野内豊！？？？ #annkw
2022-01-16 02:28:24,竹野内豊さん！？#annkw
2022-01-16 02:28:24,竹野内豊さん！？#annkw
2022-01-16 02:28:24,えー！w #annkw
2022-01-16 02:28:23,そーいえばタバコやめて何年か経つけど未だにたまにめっちゃ吸いたくなる。 #annkw
2022-01-16 02:28:22,えっ⁉︎#annkw
2022-01-16 02:28:22,煙草減らして蕎麦増やすww#annkw
2022-01-16 02:28:22,竹野内豊さん！！！！！！羨ましい！！！！！#annkw
2022-01-16 02:28:22,えぇ！？ #annkw
2022-01-16 02:28:21,竹野内豊さん！？#annkw
2022-01-16 02:28:21,タバコ辞めるとコミュニティ失うのめちゃくちゃ分かる#annkw
2022-01-16 02:28:20,竹野内豊さん！？#annkw
2022-01-16 02:28:19,男前どころじゃないやん #annkw
2022-01-16 02:28:19,若林如きw #annkw
2022-01-16 02:28:18,竹野内さん！凄い #annkw
2022-01-16 02:28:18,若林「蕎麦があればやっていける」#annkw
2022-01-16 02:28:18,竹野内豊！？ #annkw
2022-01-16 02:28:17,四食連続蕎麦 #annkw
2022-01-16 02:28:17,竹野内豊さんからの声掛けはヤバすぎる！#annkw
2022-01-16 02:28:17,え！？ 竹野内豊さん！？#annkw
2022-01-16 02:28:15,リトルトゥースにイケメンはいない #annkw
2022-01-16 02:28:15,竹野内豊さんwwwwwwwwwwww #annkw
2022-01-16 02:28:15,えっ⁉︎⁉︎#annkw
2022-01-16 02:28:14,一見難しそうな本やテーマでも若さんの解釈フィルターを通すと分かりやすいし面白く聞こえるんだよなー #annkw
2022-01-16 02:28:14,竹野内豊さん！？！？！？#annkw
2022-01-16 02:28:14,竹野内豊さんか！ #annkw
2022-01-16 02:28:14,竹野内豊さん！？！？ #annkw
2022-01-16 02:28:13,たばこの穴をそばで埋める若様ｗｗｗ#annkw
2022-01-16 02:28:13,竹野内豊さん！？ #annkw
2022-01-16 02:28:11,蕎麦屋で竹之内豊さん……!? #annkw
2022-01-16 02:28:11,竹野内豊すげぇ #annkw
2022-01-16 02:28:11,4連蕎麦#annkw
2022-01-16 02:28:10,4食蕎麦#annkw
2022-01-16 02:28:10,竹野内豊さん！？#annkw
2022-01-16 02:28:10,にょぼば、蕎麦アレルギーなのね #annkw
2022-01-16 02:28:10,竹野内豊さん！？！？#annkw
2022-01-16 02:28:10,え！？竹野内豊さん！？ #annkw
2022-01-16 02:28:10,ええっ！？竹野内豊！？　#annkw
2022-01-16 02:28:09,蕎麦4連www#annkw
2022-01-16 02:28:09,ハスってるを外に出してる奴の大半は日向坂から来たやつ(ド偏見) #annkw
2022-01-16 02:28:09,えっ！？ #annkw
2022-01-16 02:28:09,埋めてるねぇw #annkw
2022-01-16 02:28:09,竹野内？まじでー‼️#annkw
2022-01-16 02:28:09,えぇ！？竹野内豊さん！？ #annkw
2022-01-16 02:28:08,牛すじ煮込みくれる蕎麦屋かな？ #annkw
2022-01-16 02:28:08,え！？竹之内さん！？ #annkw
2022-01-16 02:28:08,カウンターしかない蕎麦屋か(・・;) #annkw
2022-01-16 02:28:08,竹野内豊さん？ #annkw
2022-01-16 02:28:07,4食連続蕎麦はなかなかだなぁ #annkw
2022-01-16 02:28:07,竹野内豊さんwww #annkw
2022-01-16 02:28:06,竹野内豊さん？スゲーw#annkw
2022-01-16 02:28:06,4食連続でそばを食べた若ちゃんwwwスゴいなぁ〜…笑#annkw#オードリー #若林正恭 #春日俊彰
2022-01-16 02:28:06,リトルトゥースにしてはめちゃくちゃイケメンwww#annkw
2022-01-16 02:28:06,リトルトゥースにイケメンは1人もいないからな  #annkw
2022-01-16 02:28:05,竹野内豊さん！！#annkw
2022-01-16 02:28:05,ええええええ竹野内豊！ #annkw
2022-01-16 02:28:05,おおおお！すげぇ #annkw
2022-01-16 02:28:04,え！竹野内豊さん！！！？？？#annkw
2022-01-16 02:28:04,竹野内豊さん！？笑 #annkw
2022-01-16 02:28:04,竹野内豊さん。 #annkw
2022-01-16 02:28:03,竹野内豊さん？？？#annkw
2022-01-16 02:28:03,これは禁煙を口実にして蕎麦食いたいだけだろww#annkw
2022-01-16 02:28:03,竹野内豊！？ #annkw
2022-01-16 02:28:03,竹野内豊さんだった #annkw
2022-01-16 02:28:02,竹野内豊さん！？#annkw
2022-01-16 02:28:02,蕎麦屋で竹野内豊に遭遇したの草 #annkw
2022-01-16 02:28:01,竹野内豊さん！？#annkw
2022-01-16 02:28:01,えええええええええええ #annkw
2022-01-16 02:28:01,そば禁煙ってあたらしっ #annkw
2022-01-16 02:28:01,竹野内豊！？#annkw
2022-01-16 02:28:01,タバコ代わりに蕎麦って、変わってるな(笑) #annkw
2022-01-16 02:28:01,ラジオのノリはラジオの中だけで愉しんで欲しい派。#annkw#ラジオって秘密感がある所が#良いと思ってる#他に出すのは違うと思う#オードリー
2022-01-16 02:27:59,え！？竹野内豊さん！？ #annkw
2022-01-16 02:27:59,4食連続蕎麦！笑 #annkw
2022-01-16 02:27:59,竹野内豊さん！？ #annkw
2022-01-16 02:27:59,竹野内豊さん！？#annkw
2022-01-16 02:27:58,竹野内豊さんwwwww#annkw
2022-01-16 02:27:58,今までを取り返すように蕎麦食ってるww#annkw
2022-01-16 02:27:58,竹野内さん！？ #annkw
2022-01-16 02:27:58,全部捨てるのは思い切ったなあ #annkw
2022-01-16 02:27:57,まさかの竹野内豊。笑#annkw
2022-01-16 02:27:57,蕎麦×4 #annkw
2022-01-16 02:27:57,明日おそば食べよ笑#annkw
2022-01-16 02:27:57,は？ゆたか？ #annkw
2022-01-16 02:27:56,た、竹野内！？#annkw
2022-01-16 02:27:56,すごいことになってきたw #annkw
2022-01-16 02:27:56,4連続蕎麦w #annkw
2022-01-16 02:27:55,タバコ減らせないのにソバ減らせるの？ #annkw
2022-01-16 02:27:55,えぇ…#annkw
2022-01-16 02:27:55,え？  #annkw
2022-01-16 02:27:54,え？？ #annkw
2022-01-16 02:27:54,！？！？！？ #annkw
2022-01-16 02:27:53,竹野内豊さん！？ #annkw
2022-01-16 02:27:53,タケノウチ？！ #annkw
2022-01-16 02:27:52,え！？竹野内豊さん！？ #annkw
2022-01-16 02:27:52,禁煙を蕎麦で埋める若ちゃん#annkw
2022-01-16 02:27:52,え！ #annkw
2022-01-16 02:27:52,竹野内豊！？！？ #annkw
2022-01-16 02:27:51,そばで埋めてるねw#annkw
2022-01-16 02:27:51,奥様そば好きなのにアレルギーで食べられないんだもんね #annkw
2022-01-16 02:27:51,どんだけそば好きやねん！！ｗ#annkw
2022-01-16 02:27:50,え！？#annkw
2022-01-16 02:27:50,4食そば笑#annkw
2022-01-16 02:27:50,｢タバコどかしの蕎麦｣これ掛け軸にしたい。#annkw
2022-01-16 02:27:50,OUT 電子タバコIN 蕎麦 #annkw
2022-01-16 02:27:49,そばだけ食べさせてくれwwwwwwwwww #annkw
2022-01-16 02:27:49,リトルトゥースにしてはイケメンだなｗｗ #annkw
2022-01-16 02:27:49,竹野内！？！？！？ #annkw
2022-01-16 02:27:48,そば in #annkw
2022-01-16 02:27:48,え？！ #annkw
2022-01-16 02:27:48,にょぼばに(‘ω’)たばこやめるから、そばだけくわしてくれ #annkw
2022-01-16 02:27:46,ええっ！？！？ #annkw
2022-01-16 02:27:46,4食蕎麦！？めちゃくちゃ食ったねぇ #annkw
2022-01-16 02:27:45,穴めっちゃ多いやん笑#annkw
2022-01-16 02:27:44,OUT タバコIN      蕎麦#annkw
2022-01-16 02:27:44,タバコの代わりに4食連続そばww#annkw
2022-01-16 02:27:43,そば好きすぎだろww#annkw
2022-01-16 02:27:41,OUT タバコIN 蕎麦 #annkw
2022-01-16 02:27:40,禁煙で太るパターンの人やんw#annkw
2022-01-16 02:27:40,YouTubeとかのコメントとかもはすりまくってるのみるなー😅#annkw
2022-01-16 02:27:39,タバコやめると口が寂しくなって太るっていうよね #annkw
2022-01-16 02:27:39,ラジオ用語を外に出されるとね〜#annkw
2022-01-16 02:27:37,これでそばアレルギーになったらどうなるんだろ笑#annkw
2022-01-16 02:27:36,隠れ蕎麦の方が背徳感があっていいんじゃない😏#annkw
2022-01-16 02:27:36,4食連続蕎麦wwww #annkw
2022-01-16 02:27:36,蕎麦で心のすき間を埋めちゃう若さん🚭️セールスマンは笑っちゃないね…#annkw
2022-01-16 02:27:35,#annkw原始時代と同じ感じの笑
2022-01-16 02:27:35,６年前にライターを手元に残して脱煙した。やればできるんだよね🎊#annkw
2022-01-16 02:27:35,4食連続そば！？#annkw
2022-01-16 02:27:34,四食はすごい笑。#annkw
2022-01-16 02:27:34,タバコの代用に蕎麦w#annkw
2022-01-16 02:27:34,4食連続そば林w#annkw
2022-01-16 02:27:34,4連続で食べれるってほんとに好きなんだな蕎麦… #annkw
2022-01-16 02:27:32,電子タバコも葉巻も全捨てタバコやめる代わりにそばを食う4食連続そば奥さんそば嫌いだったようなと思ったらアレルギー持ちだったか#annkw
2022-01-16 02:27:31,"----商品価格:2,890円----✨本日のトレンド✨#鹿楓堂よついろ日和#マーベルヒーローの日キャンペーンアラート#annkw神奈川県お得な商品をチェック✅気になる評判は？おすすめ？「a19」 【サイズ交換送料無料】パンプス 痛くない 歩きやすい 走れ… [楽天] https://t.co/9TL408J1kg #rakuafl https://t.co/gpAwmMV4m3"
2022-01-16 02:27:29,未来に向けて貯蓄できるようになってから心が生まれた興味深い話だな #annkw
2022-01-16 02:27:29,俺もいつか煙草やめる時来るんだろうなあというか値段も高くなってきたしやめ時近いかもとラジオ聴いて思いました#annkw
2022-01-16 02:27:28,奥さん、蕎麦アレルギーだからね #annkw
2022-01-16 02:27:27,隠れて蕎麦を食う話しおもろかった#annkw
2022-01-16 02:27:26,めちゃくちゃ食うじゃん #annkw
2022-01-16 02:27:26,蕎麦は良いよな #annkw
2022-01-16 02:27:25,めっちゃ蕎麦食べてるw#annkw
2022-01-16 02:27:24,タバコ退かしの蕎麦w#annkw #オードリーANN
2022-01-16 02:27:22,タバコ吸うのをやめて蕎麦をすする #annkw
2022-01-16 02:27:22,名前を出せない先輩って誰だよw#annkw
2022-01-16 02:27:21,"----商品価格:2,890円----✨本日のトレンド✨奄美群島#鹿楓堂よついろ日和#マーベルヒーローの日キャンペーンアラート#annkwお得な商品をチェック✅気になる評判は？おすすめ？「a19」 【サイズ交換送料無料】パンプス 痛くない 歩きやすい 走れ… [楽天] https://t.co/6GTHzuRVhQ #rakuafl https://t.co/BWktdaVcSu"
2022-01-16 02:27:20,タバコの穴を蕎麦で埋める #annkw
2022-01-16 02:27:20,4食連続蕎麦 #annkw
2022-01-16 02:27:18,タバコout蕎麦in #annkw
2022-01-16 02:27:16,背徳蕎麦wwwあちこちでも言ってたね。 #annkw
2022-01-16 02:27:16,蕎麦があればやっていける^ ^ #annkw
2022-01-16 02:27:14,めっちゃタバコ吸いたいマンやん♪#annkw
2022-01-16 02:27:14,アイコスから蕎麦に変更 #annkw
2022-01-16 02:27:14,喫煙者はコミュニティ力高いよね#annkw
2022-01-16 02:27:14,そばジャンキーになってる若林さん#annkw
2022-01-16 02:27:14,ニコチン中毒を脱してそば中毒へ#annkw
2022-01-16 02:27:14,この状況だから「しんやめ」も「ひろしのコーナー」も出来ないからトークゾーンで押し切るのかな？もしかしてスポンサーコーナーもこの状況を鑑みて休止する？#annkw
2022-01-16 02:27:13,タバコout蕎麦in #annkw
2022-01-16 02:27:11,電子タバコなんてものはない#annkw
2022-01-16 02:27:10,"----商品価格:2,890円----✨本日のトレンド✨#マーベルヒーローの日キャンペーンアラート#annkw神奈川県東日本大震災お得な商品をチェック✅気になる評判は？おすすめ？「a19」 【サイズ交換送料無料】パンプス 痛くない 歩きやすい 走れる ポイ… [楽天] https://t.co/XNq9o6Rawy #rakuafl https://t.co/cwZEP0wIYW"
2022-01-16 02:27:10,確かにタバコの代わりを作るのは良いけど、それが食べ物だと太りそうね。笑#annkw
2022-01-16 02:27:09,四食連続蕎麦www #annkw
2022-01-16 02:27:08,蕎麦で禁煙！ #annkw
2022-01-16 02:27:06,そばがタバコの代わりになるならガンガン食べて欲しいな #annkw
2022-01-16 02:27:06,4食連続でそばwww#annkw
2022-01-16 02:27:05,否定しろよw#annkw
2022-01-16 02:27:04,にょぼ林さん、好きだけど食べれないからね(^_^;) #annkw
2022-01-16 02:27:04,タバコを蕎麦に替えて済むとしたらとても健康的な話 #annkw
2022-01-16 02:27:03,心が無いといえばオードリーのお2人 #annkw
2022-01-16 02:27:03,蕎麦ね。#annkw
2022-01-16 02:27:01,おぉー覚悟はかたい模様#annkw
2022-01-16 02:27:00,4食連続そば#annkw
2022-01-16 02:26:59,4食連続そばは凄いな#annkw
2022-01-16 02:26:58,このラジオが人気で、どんどん新しいリスナーが増えてるからってのもあるんだろうけど。ラジオリスナーってそういう線引けてる人達の集まりだと思ってるから、こういうの聴くとショックなんだよなー。 #annkw
2022-01-16 02:26:58,電子タバコ 全て捨てたから...その分　そば 食わせてくれぃ‼️→ 4食 そば。ある意味　若様が 蕎麦アレルギーだよw #annkw
2022-01-16 02:26:57,タバコ(OUT)↓そば(IN)#annkw
2022-01-16 02:26:54,普段は隠れてソバ食べてる若ちゃん#annkw https://t.co/2eYiZlxPK5
2022-01-16 02:26:53,#annkw煙草やめ蕎麦食べるwwwwww
2022-01-16 02:26:53,ぼくもインスタのコメ欄閉じよう載せても悪口しか書かれないし#annkw
2022-01-16 02:26:52,4食連続wwwww #annkw
2022-01-16 02:26:51,タバコ退かしの蕎麦IN #annkw
2022-01-16 02:26:50,タバコをやめたアナをそばで埋める #annkw
2022-01-16 02:26:50,禁煙の代わりにそば食わせてくれw #annkw
2022-01-16 02:26:50,スベった時は「心なんてないんだ」 #annkw
2022-01-16 02:26:48,蕎麦の食べ過ぎもそれはそれで笑 #annkw
2022-01-16 02:26:46,4食連続蕎麦wwwwだいぶニコチンが笑 #annkw
2022-01-16 02:26:46,蕎麦接種がすごい #annkw
2022-01-16 02:26:44,若林さんの中でそばはタバコ並の魅力があるｗｗｗ #annkw
2022-01-16 02:26:42,あぁ、蕎麦ね^^; #annkw
2022-01-16 02:26:42,たばこどかしのそば#annkw
2022-01-16 02:26:41,4食連続そば#annkw
2022-01-16 02:26:40,お蕎麦食べ過ぎw#annkw
2022-01-16 02:26:40,心なんてないんだ#annkw
2022-01-16 02:26:40,蕎麦が代用になるならめちゃくちゃ良いな笑 #annkw
2022-01-16 02:26:39,４食そばw#annkw
2022-01-16 02:26:38,奥さんに蕎麦の話するなんて凄い勇気いっただろうな#annkw
2022-01-16 02:26:38,カスミンはただ通り過ぎてるだけwwwwwww#annkw
2022-01-16 02:26:34,心なくしたらそこにいるピンベスと一緒やん笑#annkw
2022-01-16 02:26:29,蕎麦で禁煙は初めて聞いた #annkw
2022-01-16 02:26:28,いったねぇ笑 #annkw
2022-01-16 02:26:27,全部捨てたのか(・・;) #annkw
2022-01-16 02:26:27,インスタのコメント欄閉じるの大正解だよ。ほんと、しょーもないことばっかり言ってくっからな。くだらない用語もどきを多発すんのもわんさかおるしな。 #annkw
2022-01-16 02:26:26,iQOS本体も捨てて欲しい　#annkw
2022-01-16 02:26:25,確かに #annkw を聞いてないと分からないよなぁ。聞き始めたのが遅かったから、言葉も古典落語も分からなかったもんなぁ。
2022-01-16 02:26:20,オードリーさんのラジオの切り抜きのコメント欄もつまんない笑 #annkw
2022-01-16 02:26:19,そばだけ食べさしてくれ(‘ω’人) #annkw
2022-01-16 02:26:19,ハスってる！ww#annkw
2022-01-16 02:26:18,そばがタバコの代用品になるの凄いな #annkw
2022-01-16 02:26:16,タバコやめるから蕎麦だけ食べさせてくれなるほどな#annkw
2022-01-16 02:26:16,タバコをやめる代わりに、蕎麦を食べさせてくれ#annkw
2022-01-16 02:26:11,無いって思ったら無い(^_^;)(笑) #annkw
2022-01-16 02:26:10,心なんてないんだと思うことこそが、効率的に心の中身を空っぽにする術なのかもね#annkw
2022-01-16 02:26:09,iQOS→蕎麦 #annkw
2022-01-16 02:26:07,勘弁してほしいよなぁ　#annkw
2022-01-16 02:26:03,チャン酒当たりに全部上げたら良いのに #annkw
2022-01-16 02:26:01,水ダウ企画喫煙を始めてすぐ始める #annkw https://t.co/E5dxtKGo58
2022-01-16 02:25:58,YouTubeに上がってるオードリー関連の動画のコメントって気持ち悪い自称リトルトゥースばっかだよね #annkw
2022-01-16 02:25:58,カスミンは原始時代のマインド #annkw
2022-01-16 02:25:57,一部のつまらないやつのために心を閉じてしまった若ちゃん…#annkw
2022-01-16 02:25:54,インスタのコメント欄閉じたの、ハスってるハスってるハスってるばっかだったから( 'ω')  #annkw
2022-01-16 02:25:51,インスタのコメント欄閉じたのは寂し行けど大正解だと思うんだよなw #annkw
2022-01-16 02:25:51,スベって落ち込んだ時は心がないと思うと　なんてことない。→ホントになんてことないのよ。 #annkw
2022-01-16 02:25:49,春日さんの 若林なんだぁ？がツボにハマったwww#annkw
2022-01-16 02:25:49,まじでYouTubeのコメント欄とかでよく見かける寒いやりとり…しくじり先生の動画のコメント欄は硬派なしくじりファンが多いからまだ安心できるが。 #annkw
2022-01-16 02:25:49,俺もハスっちゃってたかもなぁ反省#annkw
2022-01-16 02:25:47,心なんて無いほぉ〜、ちょっと調べてみよ #annkw
2022-01-16 02:25:47,コメント欄外の民度ね #annkw
2022-01-16 02:25:47,心って、貯蓄が関係してるのか(・・;) #annkw
2022-01-16 02:25:46,そんな人もいるのか…#annkw
2022-01-16 02:25:46,はじめ人間カスミン #annkw
2022-01-16 02:25:45,まさしくカスミンw #annkw
2022-01-16 02:25:45,心なんてないんだの気持ちになると春日みたいになれるｗｗｗ #annkw
2022-01-16 02:25:44,内輪ノリを外に出すとかマジでつまんないな笑笑#annkw
2022-01-16 02:25:43,アマゾン南原のお話#annkw
2022-01-16 02:25:42,しっかり断ったんだ#annkw
2022-01-16 02:25:39,聴いてるこっちも恥ずかしい　#annkw
2022-01-16 02:25:39,心のなかで「あ、ハスってる」を大量に連呼する時はあります#annkw
2022-01-16 02:25:38,若林さん賢明だわ #annkw
2022-01-16 02:25:38,外に出すのよくないねー #annkw
2022-01-16 02:25:37,ほんまにインスタに関してはハスってるって送ったやつまじで恨んでる#annkw
2022-01-16 02:25:36,良くも悪くも日向坂に飛び火してる印象#annkw
2022-01-16 02:25:34,#annkwハスってると連呼する奴らが嫌すぎてコメ欄閉鎖笑
2022-01-16 02:25:33,#annkw　春日語もサトミツさんには使うけど、青銅さんには使わないからね。場をわきまえろってことだな。
2022-01-16 02:25:33,去年の3月5月の地震の時もann潰れた記憶ある #annkw
2022-01-16 02:25:32,捨てちゃったのか #annkw
2022-01-16 02:25:31,コメント欄閉鎖は大正解よね #annkw
2022-01-16 02:25:31,ハスってるハスってるハスってる #annkw
2022-01-16 02:25:29,YouTubeのオードリー関連の動画のコメ欄はもっと地獄だよw #annkw
2022-01-16 02:25:26,心なんてないんだ と思うと、心はない #annkw
2022-01-16 02:25:25,ハスってる連続のインスタのコメント欄閉じた #annkw
2022-01-16 02:25:22,身内ネタをどこでもやるのはやっぱしんどいねって話#annkw
2022-01-16 02:25:21,勘弁してください #annkw
2022-01-16 02:25:19,ラジオのノリを外に持ち出すなと何度言ったら #annkw
2022-01-16 02:25:18,全捨て #annkw
2022-01-16 02:25:18,言ってくれた笑#annkw
2022-01-16 02:25:18,本当のリトルトゥースは外部でラジオ用語使わないんだよな #annkw
2022-01-16 02:25:17,若林さんが喫煙してる（してた？）のが衝撃すぎて眠れん #annkw
2022-01-16 02:25:17,インスタのコメ欄はほんとに地獄。ラジオのノリを出すなよ…剰え本人になんて #annkw
2022-01-16 02:25:17,Twitterもハスってるで溢れてたつまんない時代クローズしまくったなぁ#annkw
2022-01-16 02:25:15,若林さんにハスってるばっか送っちゃうのはバッドトゥースよ～#annkw
2022-01-16 02:25:15,あーあ…。そういうリスナーいるのか…。寂しいな、こういうこと言わせてしまうのは。 #annkw
2022-01-16 02:25:15,設楽さんかと思ったら技術さんwwww #annkw
2022-01-16 02:25:12,寝落ちして目が覚めたので聴きます#annkw
2022-01-16 02:25:10,めんぼくねぇ。。😭#annkw
2022-01-16 02:25:09,さらば森田さん ww ちゅうえいさん ww#annkw
2022-01-16 02:25:09,馬鹿の一つ覚えみたく知った用語をいつまでも擦るからね、オタクは#annkw
2022-01-16 02:25:08,たしかにコメ欄ひどかったよなー#annkw
2022-01-16 02:25:08,へぇ、なるへそ#annkw
2022-01-16 02:25:08,熱狂的バヤシストとして断言します若ちゃんにタバコは似合わない。#annkw https://t.co/F9YsDhvI48
2022-01-16 02:25:07,他の芸人や共演者にも被害がいく事もあるからね。有吉さんしかり #annkw
2022-01-16 02:25:05,オーディブル4つで終わっちゃうのか #annkw
2022-01-16 02:25:04,ほんとにあちこちオードリーにバナナマン呼んでほしい #annkw
2022-01-16 02:25:02,あぁ…#annkw
2022-01-16 02:25:02,伝書鳩リトルトゥース #annkw
2022-01-16 02:25:00,今更だろうけど恥ずかしいことすんなよ、リトルトゥース #annkw
2022-01-16 02:25:00,リトルトゥースのため←嘘リトルトゥースはとんでもねぇやつ #annkw
2022-01-16 02:24:59,インスタだと更にきちーわな #annkw
2022-01-16 02:24:59,コメ欄笑 #annkw
2022-01-16 02:24:57,ハスってるハスってるハスってる#annkw
2022-01-16 02:24:57,@tos 「ハスッてる」リプ地獄につき、閉ざされたインスタのコメ欄な。#annkw
2022-01-16 02:24:56,若様に見離されたリスナー。#annkw
2022-01-16 02:24:55,クソつまんないコメント欄笑#annkw
2022-01-16 02:24:55,どうせ違う界隈から来た野郎ですよ #annkw
2022-01-16 02:24:54,ラジオのノリを外に持ち出すのがあまり好きじゃない #annkw
2022-01-16 02:24:54,インスタコメ欄閉じて正解だよw #annkw
2022-01-16 02:24:53,ろくでもねぇ奴らw #annkw
2022-01-16 02:24:52,確かにまじで痛いコメント欄だった笑笑 #annkw
2022-01-16 02:24:52,リトルトゥースには義理堅いが、コメントはクソだと思ってるww#annkw
2022-01-16 02:24:51,コメント欄にラジオ用語連発はキツいな #annkw
2022-01-16 02:24:49,インスタのリプ欄｢ハスってる｣の連発w #annkw
2022-01-16 02:24:49,YouTubeのコメント欄とかも香ばしいのあるね #annkw
2022-01-16 02:24:49,そんなもんだよYouTubeの日向坂とオードリーの動画見てみろ。そんな奴ばっかだよ #annkw
2022-01-16 02:24:49,喫煙芸人のトーク番組どっかでやってくんないかなぁ笑好きな人たちが喫茶店でタバコ吸いながら喋ってるの見てみたい#annkw
2022-01-16 02:24:48,自分磨きで勝手にツボってる()#annkw
2022-01-16 02:24:48,若「ラジオ用語を本人にぶつけにいくのが面白いと思ってるつまんねぇリスナーのせいでインスタのコメント欄閉じた」とハッキリ言ってくれて嬉しいね、こうでも言わんとわからない人は続けるからね #annkw
2022-01-16 02:24:46,ろくでもない奴らw#annkw#オードリー #若林正恭 #春日俊彰
2022-01-16 02:24:46,そうよね #annkw
2022-01-16 02:24:40,リトルトゥースを裏切りたくない気持ちがある若林ろくでもないやつらやハスってる連発のつまんないやつらのせいでインスタのコメント欄を閉じる。あーあこれはしんどいね#annkw
2022-01-16 02:24:40,身内ネタになっちゃうもんね #annkw
2022-01-16 02:24:39,喫煙所は演者やスタッフとの交流場なんだ#annkw
2022-01-16 02:24:38,喫煙所だと大御所でも1対1で話せるんだよな喫煙所での話に混ざりたくてタバコ始めた同期いたな#annkw
2022-01-16 02:24:36,リトルトゥースろくでもねえやつらwwwwwww ハスってる大量連呼wwww #annkw
2022-01-16 02:24:36,間違いないわ #annkw
2022-01-16 02:24:36,コメント閉鎖は大正解 #annkw
2022-01-16 02:24:35,( 'ω') &lt;  あ！設楽さんだ！ﾀｯﾀｯﾀｯﾀｯﾀ技術さんだったwww #annkw
2022-01-16 02:24:35,喫煙所はコミュニティーの場でもあるのよね…#annkw
2022-01-16 02:24:35,インスタののコメ欄は閉めて正解よw#annkw
2022-01-16 02:24:34,タバコのスペースのトークめっちゃ聴いてみたい #annkw
2022-01-16 02:24:32,コメ欄は閉じて正解だと思います #annkw
2022-01-16 02:24:32,はすってるしか言わない奴らと絡むのは危険 #annkw
2022-01-16 02:24:32,喫煙所ミーティングとか喫煙所つながりのコミュニティってあるよね　 #annkw
2022-01-16 02:24:30,おーい！聴いてるかーwww聴いてろよーww#annkw
2022-01-16 02:24:28,若さん、DMやコメントを送ってるのは「リトルトゥース」ではないです…#annkw
2022-01-16 02:24:27,『明日のたりないふたり　終わったら辞めてやるから。』の 面持ちは、『こんなにDMでハスってる　ハスってる　ハスってる　ハスってる　言ってるぜ、何だこいつら　イカれてるな。』って思って　インスタのDM 閉じたのと同じだ。 #annkw
2022-01-16 02:24:27,確かに意味が違うのにハスってるばっか使ってる人は敬遠してる #annkw
2022-01-16 02:24:26,タバコミュニケーションって実際あるもんなぁ#annkw
2022-01-16 02:24:25,正解だな #annkw
2022-01-16 02:24:25,🚭️たりないふたりを別の形で再開してもいいんですけどね☝️#annkw
2022-01-16 02:24:24,電子タバコを全部捨てる #annkw
2022-01-16 02:24:23,ラジオ用語連発する人少しイタいよね〜笑 #annkw
2022-01-16 02:24:22,クソつまんないインスタコメント#annkw https://t.co/LZLptplj1K
2022-01-16 02:24:21,まあインスタのコメントするやつはたいていダメそう #annkw
2022-01-16 02:24:21,noteのコメント欄、すきです #annkw
2022-01-16 02:24:21,いや、それは閉じた方がいいのよ笑。#annkw
2022-01-16 02:24:20,ワンクールトゥース #annkw
2022-01-16 02:24:19,ハスってるって言葉を使うのはいいとして本人にリプするのは違うよね#annkw
2022-01-16 02:24:19,リトルトゥースのため は大嘘だったwでもハスってるで溢れるコメント欄は嫌すぎるな、、 #annkw
2022-01-16 02:24:19,タバコは好きじゃないけど、喫煙所でだべるみたいなのにはちょっと憧れがある笑 #annkw
2022-01-16 02:24:18,コメント欄閉じたのは大正解#annkw
2022-01-16 02:24:17,リトルトゥースは裏切りたくない(嘘) #annkw
2022-01-16 02:24:17,残念ながら海原雄山の言う通りだ。良三さん、あんたには料理をする資格がないよ。#annkw
2022-01-16 02:24:17,設楽さんかと思ったら技術さんだったwww #annkw
2022-01-16 02:24:17,設楽さん似の技術さん #annkw
2022-01-16 02:24:16,ちゅうえいが可哀想ー！w#annkw
2022-01-16 02:24:15,懸命すぎる #annkw
2022-01-16 02:24:15,吸わない人にはすぐにわかるから吸ってきたなぁって＃annkw
2022-01-16 02:24:15,覚えたての強い単語イキって使いたがるのマジでつまらん #annkw
2022-01-16 02:24:13,あれは…ね大正解ですよ#annkw
2022-01-16 02:24:13,ちゅうえいは奥さんに隠れて吸ってるww #annkw
2022-01-16 02:24:13,インスタの外側の話する若ちゃんすき#annkw
2022-01-16 02:24:12,確かにそれはろくでもないヤツら#annkw
2022-01-16 02:24:10,内輪ノリを外に持ち出すのはねぇ #annkw
2022-01-16 02:24:09,#annkw タバコって健康的な害があるけど、コミュニケーションをとるきっかけになる道具でもあるから、悪いばかりでも無いよなぁ。
2022-01-16 02:24:09,それは閉じて正解だなー#annkw
2022-01-16 02:24:09,ほんとにつまんねー奴ばかりだな #annkw
2022-01-16 02:24:08,ハスってるばっかり言うやつばかり^^; #annkw
2022-01-16 02:24:08,ラジオ用語を外に出すのはほんとにダサいwwwwwwwwwwwwwww #annkw
2022-01-16 02:24:08,設楽さん似の技術さんwかっこいいんやろな #annkw
2022-01-16 02:24:07,ハスってるハスってるハスってるハスってる #annkw
2022-01-16 02:24:06,設楽さん似のスタッフさんｗｗｗ#annkw
2022-01-16 02:24:06,名前出していいかわかんないんだけど加藤浩次さんに喫煙所で会うww#annkw
2022-01-16 02:24:06,喫煙所での会話がキツいからやめた男が今では喫煙所での会話楽しんでてグッとくるな #annkw
2022-01-16 02:24:05,SNSの内輪ノリは気をつけないといけないのよ #annkw
2022-01-16 02:24:04,すみません、ろくでもなくて……#annkw
2022-01-16 02:24:03,ハスってるハスってる…ごめんなさい #annkw
2022-01-16 02:24:01,コメント欄は閉じて正解だよ #annkw
2022-01-16 02:24:00,内輪だけのラジオ用語  #annkw
2022-01-16 02:24:00,加藤さん ちゅうえい 山根さんへのタバコ吸ってるイジりはキケン#annkw
2022-01-16 02:24:00,生粋のウソつきに言われてもな笑#annkw
2022-01-16 02:24:00,コメントにもオリジナリティを#annkw
2022-01-16 02:23:59,やっぱりコメント欄閉じたのは、そういう理由だったのね😅#annkw
2022-01-16 02:23:58,吸わない人からすると、吸ってる人は凄い匂うからわかる。#annkw#喫煙室とかで吸われた後ね#オードリー
2022-01-16 02:23:57,まぁ嘘だとは、確実に思いました #annkw
2022-01-16 02:23:57,アンケートを宿題っていうの好き #annkw
2022-01-16 02:23:55,設楽さんじゃなかったw #annkw
2022-01-16 02:23:55,ハスり?w #annkw
2022-01-16 02:23:54,コメントする時点でヤバイよね#annkw
2022-01-16 02:23:53,嘘だな #annkw
2022-01-16 02:23:53,ラジオ用語を多用してるのは確かにダサいwwwwww #annkw
2022-01-16 02:23:52,カスってるw#annkw
2022-01-16 02:23:51,リトルトゥースに対してめちゃくちゃブロック(笑)#annkw
2022-01-16 02:23:50,なんかハスってるって久しぶりに聞いたな。 #annkw
2022-01-16 02:23:49,コメント欄閉じたのは正解。あの時ほんと酷かった。 #annkw
2022-01-16 02:23:49,設楽さんだと思ったら技術さんだったw#annkw#オードリー #若林正恭 #春日俊彰
2022-01-16 02:23:49,地獄のリプ欄#annkw
2022-01-16 02:23:48,ハスってるしか送ってこないから嫌になってインスタのコメント欄を閉じた #annkw
2022-01-16 02:23:48,閉じて正解 #annkw
2022-01-16 02:23:48,タバコ問題わかりみが深すぎる#annkw
2022-01-16 02:23:47,喫煙所ならではのコミュニケーションっていいな #annkw
2022-01-16 02:23:46,喫煙所がコミュニケーションの場なのはなんとなく分かる職場の休憩室が分煙になってるけど、誰とも喋らないから情報何にも知らない時あるもんな #annkw
2022-01-16 02:23:45,電子タバコ吸ってたのに相方が自宅で煙草吸ってたのを忘れてる#annkw
2022-01-16 02:23:43,設楽似の技術さん#annkw
2022-01-16 02:23:42,あれ芸人さんで先輩たちの会話混ざるために吸わないけどタバコ吸い始めた人いなかったっけ？ #annkw
2022-01-16 02:23:42,設楽さん=❌技術さん=⭕️ #annkw
2022-01-16 02:23:41,設楽さんに間違えた技術さん #annkw
2022-01-16 02:23:41,狂犬とケンカしないようにね#annkw
2022-01-16 02:23:41,(‘ω’)リトルトゥースを裏切りたくないから(`L´└)ふふふ #annkw
2022-01-16 02:23:41,名前言えないとか言いつつ暴露していく若林さんwwwwww#annkw
2022-01-16 02:23:40,新規のやつだろそいつら #annkw
2022-01-16 02:23:39,設楽さんの後ろ似w #annkw
2022-01-16 02:23:38,なによりLTを裏切りたくない→いや、ろくでもねぇやつらだったからインスタのコメント欄閉じたんだったわ #annkw
2022-01-16 02:23:38,設楽さんと間違われる技術さんw#annkw
2022-01-16 02:23:38,ろくでもねぇ奴らだなwww #annkw
2022-01-16 02:23:36,バイト中にタバコ休憩をとってる人と同じ給与なのが腹立つんだよなぁなんかあの休憩だけ治外法権感ある… #annkw
2022-01-16 02:23:36,つまらないリトルトゥース。 #annkw
2022-01-16 02:23:36,コバさん #annkw
2022-01-16 02:23:36,カイザーだと思ったら技術さんだったww#annkw
2022-01-16 02:23:35,マジか若様iQOSやめたんか！(時差失敬) #annkw
2022-01-16 02:23:34,裏切られたと思ってないですし笑 #annkw
2022-01-16 02:23:33,インスタのコメ欄がつまんねー奴らだらけで閉じたｗｗｗ #annkw
2022-01-16 02:23:33,一部のろくでもねえやつらだから、、 #annkw
2022-01-16 02:23:30,設楽さん？　#annkw
2022-01-16 02:23:30,喫煙所は結構社交場なんよね。#annkw
2022-01-16 02:23:29,ちゅうえい隠れて吸ってたwww「一発ギャグ考えてくる」絶対バレてるだろwww #annkw
2022-01-16 02:23:29,設楽さんか思ったら技術さんかい笑笑 #annkw
2022-01-16 02:23:29,技術さんw#annkw #オードリーANN
2022-01-16 02:23:28,かわいい小競り合いだな笑#annkw
2022-01-16 02:23:28,これカスキントークゾーンある？ #annkw
2022-01-16 02:23:28,うわー地獄 #annkw
2022-01-16 02:23:28,第一次ブーム中から若林派の狂犬ジャッカル #annkw
2022-01-16 02:23:25,リトルトゥースはろくでもない。笑#annkw
2022-01-16 02:23:24,----商品価格:910円----✨本日のトレンド✨#annkw神奈川県東日本大震災津波到達避難指示お得な商品をチェック✅気になる評判は？おすすめ？「b50」 【メール便発送送料無料】ヒロインメイク スピーディーマスカラリムーバー(6.6mL) [楽天] https://t.co/WQAvQvau6n #rakuafl https://t.co/Zz0NDrgLaJ
2022-01-16 02:23:23,あちこちに極楽来て欲しいなぁ✨#annkw
2022-01-16 02:23:22,喫煙所って、あんまり喋れない人とでも喋るチャンスがある貴重な場所ってイメージあるよね #annkw
2022-01-16 02:23:20,設楽さんは火事後のイロモネアのイメージ強いよね笑#annkw
2022-01-16 02:23:20,喫煙所は 色々情報 入るからねぇ…自分は吸わないけどたまに コーヒー持って 喫煙所入るもん #annkw
2022-01-16 02:23:19,臭いでバレないのか#annkw
2022-01-16 02:23:19,とんでもねぇつまんねー奴ら笑 #annkw
2022-01-16 02:23:18,設楽さんかと思ったら技術さんw#annkw
2022-01-16 02:23:17,インスタのコメント欄wwwwww #annkw
2022-01-16 02:23:15,設楽さん似の技術さん#annkw
2022-01-16 02:23:15,ちゅうえいさんに加藤さん・・・どんな暴露よｗｗｗ#annkw
2022-01-16 02:23:15,設楽さんだと思ったら技術さんだったw#annkw
2022-01-16 02:23:13,加藤さんと若林さんのトーク、すげぇいいなー。あちこちで見たい。 #annkw
2022-01-16 02:23:11,さらば森田加藤浩次流れ星ちゅうえいヒコロヒーバナナマン設楽かと思ったら技術さんケンコバ#annkw
2022-01-16 02:23:09,喫煙所での交流 #annkw
2022-01-16 02:23:08,吸ってない人からしたらどっちでも良いよ笑笑#annkw
2022-01-16 02:23:06,リトルトゥースを裏切りたくない若様#annkw
2022-01-16 02:23:05,コバさん^ ^ #annkw
2022-01-16 02:23:05,(‘ω’)リトルトゥースは裏切りたくない #annkw
2022-01-16 02:23:04,お！まさにヒコさんの話でた！！笑 #annkw
2022-01-16 02:23:02,加藤さんがキンワカの話を…！極楽の話を…！ #annkw
2022-01-16 02:23:02,設楽さんかと思ったら技術さんだったwww #annkw
2022-01-16 02:23:02,設楽さんに似の技術さんw #annkw
2022-01-16 02:22:58,スタッフさんかと思いましたw#annkw #オードリーANN
2022-01-16 02:22:58,ヒコさんはいるだろうなw#annkw
2022-01-16 02:22:57,何だかんだで、喫煙ルーム(個室)でのコミュニケーションはあるからねー #annkw
2022-01-16 02:22:57,ちゅうえいはマジでダメwww#annkw
2022-01-16 02:22:56,加藤さんと濃い話 #annkw
2022-01-16 02:22:55,技術さんだったｗ #annkw
2022-01-16 02:22:55,あっ、技術さんと間違いだったのね(^_^;)(笑) #annkw
2022-01-16 02:22:54,設楽さんの後ろ姿似てる技術さんw #annkw
2022-01-16 02:22:53,設楽さんだ！(*＞∇＜)ﾉ技術さんだった(´･ω･｀)#annkw
2022-01-16 02:22:50,#annkwちゅうえいがタバコ吸いにくる笑笑
2022-01-16 02:22:49,ちゅうえい「一発ギャグ考えてくる」 #annkw
2022-01-16 02:22:49,おーキンワカの話しが加藤浩次まで届いてる #annkw
2022-01-16 02:22:48,なるほど、それは名前出すの難しそうだ #annkw
2022-01-16 02:22:46,設楽さんの後ろ姿に似た技術さんって誰やねんw #annkw
2022-01-16 02:22:45,設楽さんの背中かと思いきや技術さんだったwww #annkw
2022-01-16 02:22:45,自分は紙巻だから、iQOSユーザーの方々には肩身狭い世界を生きる同志のように感じてたんだけど、くせえんだよボケーふざけんなよって思われてたんかな申し訳ない#annkw
2022-01-16 02:22:45,設楽さんだと思ったら技術さんだったwwwwwwwwwwwwwww #annkw
2022-01-16 02:22:43,設楽さんと思ったら技術さんだった笑 #annkw
2022-01-16 02:22:43,さらば森田さんと喫煙所会う #annkw
2022-01-16 02:22:42,設楽さんと思ったら技術さんだったwww#annkw
2022-01-16 02:22:40,地味に暴露番組ジャマイカwだけど、加藤浩次とタメで喋れる機会って本当にないな加藤さんも以前は金曜JUNKをやってたけど、今は全然ラジオをやってる気配がないからなぁ#annkw
2022-01-16 02:22:40,たばこでそういうコミュニケーション生まれるっていうもんな〜#annkw
2022-01-16 02:22:40,× 設楽さん○ 技術さん #annkw
2022-01-16 02:22:39,ちゅうえいさんの言い訳は「一発ギャグ考えてくる」#annkw
2022-01-16 02:22:37,タバコ吸ってないことになってる人の名前どんどん言うじゃんw#annkw
2022-01-16 02:22:37,ちょっっっっっぴり吸ってみたくなってきた #annkw
2022-01-16 02:22:36,ちゅうえいのはだめww #annkw
2022-01-16 02:22:35,ちゅうえいはダメそうwww #annkw
2022-01-16 02:22:32,加藤さんとキンワカの話したのかあちこちきてー #annkw
2022-01-16 02:22:31,設楽さんか^ ^ #annkw
2022-01-16 02:22:30,技術さんだったwwwww #annkw
2022-01-16 02:22:29,あえて加藤浩次さんを選ぶとは笑 #annkw
2022-01-16 02:22:28,タバコの匂いでバレそうだよねw#annkw
2022-01-16 02:22:27,絶対に匂いでバレてるよ笑 #annkw
2022-01-16 02:22:27,設楽さんだと思ったら技術さんだった#annkw
2022-01-16 02:22:26,ちゅうえいwww #annkw
2022-01-16 02:22:26,森田は1日2箱は吸うって話だもんなぁ #annkw
2022-01-16 02:22:25,設楽さん似の技術さん。#annkw
2022-01-16 02:22:25,健康よりもたばこ取るって宣言してたから大丈夫　#annkw
2022-01-16 02:22:24,外だけでも奥さんには匂いでバレバレだよ#annkw
2022-01-16 02:22:22,ヒコロヒーさんか^ ^ #annkw
2022-01-16 02:22:22,ちゅうえいさん被弾www#annkw
2022-01-16 02:22:21,電子は焼き芋のにおい #annkw
2022-01-16 02:22:20,ちゅうえいさんはなんか意外(笑)加藤浩次さんはなんとなくわかるw#annkw
2022-01-16 02:22:19,奥さんに内緒でちゅうえいがやってくる(笑) #annkw
2022-01-16 02:22:19,タバコ吸ってなくても喫煙所に行くアーティストもいます#annkw#YOASOBIANNX
2022-01-16 02:22:18,設楽さんだと思ったら技術さんだったw#annkw
2022-01-16 02:22:18,喫煙所であちこちオードリーみたいなことが行われてるのか #annkw
2022-01-16 02:22:17,ヒコさんもそうね #annkw
2022-01-16 02:22:17,タバコ気になるよなぁ 匂いめちゃくちゃ好きなのよ#annkw
2022-01-16 02:22:17,ちゅうえいは本当にいけない#annkw
2022-01-16 02:22:16,@tos ちゅうえいさん、ここで喫煙をバラされてる疑惑www#annkw
2022-01-16 02:22:15,ちゅうえいドンマイw #annkw
2022-01-16 02:22:15,ちゅうえいは言っちゃダメでしょww奥さんに黙って吸ってるのはw #annkw
2022-01-16 02:22:15,全国放送で言っちゃってるw #annkw
2022-01-16 02:22:14,設楽さんだと思ったら技術さんだったｗ #annkw
2022-01-16 02:22:14,設楽さんじゃなかった笑 #annkw
2022-01-16 02:22:13,#annkw
2022-01-16 02:22:13,どっちもやめろ笑#annkw https://t.co/87G9Li4FbI
2022-01-16 02:22:11,一発ヤニ#annkw
2022-01-16 02:22:10,設楽さんだと思ったら技術さん笑 #annkw
2022-01-16 02:22:09,今日は二人の楽しいかけ合いをたくさん聴かせてくれる日なんだと思う、こんな日だからね #annkw
2022-01-16 02:22:09,ちゅうえいwww #annkw
2022-01-16 02:22:08,#annkw　ちゅうえいさんの秘密をバラしちゃダメよｗｗｗ
2022-01-16 02:22:08,お漏らしは隠れ喫煙者にもおよぶ🦦#annkw
2022-01-16 02:22:06,ちゅうえいさんwww #annkw
2022-01-16 02:22:05,やっぱ若林さんと狂犬あったなあちこちかラジオ来てほしいわ #annkw
2022-01-16 02:22:02,ちゅうえいまで笑 #annkw
2022-01-16 02:22:02,奧さんに黙ってるとしたら可愛い #annkw
2022-01-16 02:22:02,ちゅうえいはマジでダメじゃんw#annkw
2022-01-16 02:22:02,ちゅうえいさんは言っちゃダメだよwwwwww #annkw
2022-01-16 02:22:01,ちゅうえいさんｗｗ#annkw
2022-01-16 02:22:01,バレバレｗｗ #annkw
2022-01-16 02:22:00,ちゅうえいww #annkw
2022-01-16 02:21:57,加藤さんの話聞けるの貴重！ #annkw
2022-01-16 02:21:57,ヒコさん #annkw
2022-01-16 02:21:57,スタッフさんかと思いましたw#annkw
2022-01-16 02:21:56,煙草は嫌いだけど、煙草コミュニケーションは羨ましい#annkw
2022-01-16 02:21:56,加藤浩次さんも台本ない人 #annkw
2022-01-16 02:21:54,最初は緊張で煙幕になっちゃってた加藤さんと喫煙所でトーク #annkw
2022-01-16 02:21:53,言っちゃったよwwww #annkw
2022-01-16 02:21:51,ちゅうえいはほんとに隠してる笑。#annkw
2022-01-16 02:21:50,大学の友達は普通に煙草吸ってるけど、今のところ吸いたいとは思わないなぁ。#annkw
2022-01-16 02:21:50,加藤さんあちこちオードリーに出て欲しい！#annkw
2022-01-16 02:21:49,ヒコさんにも喫煙所で目撃されてADかと思われた若林さん #annkw
2022-01-16 02:21:48,言っちゃダメなやつ平気で言うｗｗｗ #annkw
2022-01-16 02:21:48,加藤さんは大丈夫なのか笑 #annkw
2022-01-16 02:21:48,「たばこは良くない」で終わったトーク1部に比べて、人名出して急に大暴れw #annkw
2022-01-16 02:21:47,紙 vs 電子雑誌みたいだなwタバコの話#annkw
2022-01-16 02:21:47,森田さんは会うの分かるw #annkw
2022-01-16 02:21:40,あっ、あの人吸ってるのか(^_^;) #annkw
2022-01-16 02:21:40,ちゅうえいさんの秘密を全国放送で言っちゃう若様www #annkw
2022-01-16 02:21:37,#annkw　ヒコロヒーさんが、たばこを吸う若さんに全くオーラが無かったみたいな事を言ってたなｗｗｗ
2022-01-16 02:21:36,さらばの森田とよく遭遇する若ちゃんw#annkw#オードリー #若林正恭 #春日俊彰
2022-01-16 02:21:36,名前出しちゃう笑#annkw
2022-01-16 02:21:35,加藤さんは…セーフっしょ言ったって狂犬よ？w#annkw
2022-01-16 02:21:34,加藤浩次は隠れて吸ってる？#annkw
2022-01-16 02:21:33,一発ギャグ(一発タバコ)#annkw
2022-01-16 02:21:32,映画やドラマでタバコ吸うシーンってほとんど無くなったけど、iQOS吸ってるシーンってのは絵的に合わないのかないよな…(笑)#annkw
2022-01-16 02:21:31,体によろしくないのは分かってるけどこんな話されると20歳になったら1回だけ吸ってみたくなる1回だけって言ってる奴が最終的にヘビースモーカーになるんだろうけど #annkw
2022-01-16 02:21:31,電子タバコも普通のタバコも吸うけど、別にプライドなんかねぇなｗあと吸わない人にとっては、どっちもニオイ気になるみたいだね。#annkw
2022-01-16 02:21:30,さらば森田さんは出しても大丈夫だもんねww#annkw
2022-01-16 02:21:30,狂犬は大丈夫だよ #annkw
2022-01-16 02:21:30,森田w #annkw
2022-01-16 02:21:30,スッキリ終わりの加藤浩次さんかww #annkw
2022-01-16 02:21:29,業界聴取率高いんだから気をつけてよ、、w #annkw
2022-01-16 02:21:26,山根さんには会っても言っちゃダメよw #annkw  #アンガールズannp
2022-01-16 02:21:26,においで分かるよ。#annkw
2022-01-16 02:21:25,ちゅうえいはほんとにダメなやつwwwwwwwwwwww #annkw
2022-01-16 02:21:25,吸わない人からしたらどっちもタバコだろ！！ww#annkw
2022-01-16 02:21:25,電子タバコって砂糖焦がしたみたいな匂いするんだよな個人的には紙の匂いのほうが好き #annkw
2022-01-16 02:21:24,加藤さん、ちゅうえいさん…お気の毒にw #annkw
2022-01-16 02:21:24,春日の意見に同意✨紙も電子も同じ喫煙者#annkw
2022-01-16 02:21:22,ちゅうえいさんは言っちゃダメw #annkw
2022-01-16 02:21:20,やっぱタバコは吸わない方がいいよ #annkw
2022-01-16 02:21:20,#annkw言っていいのかw
2022-01-16 02:21:19,加藤さん出していいのか！？w #annkw
2022-01-16 02:21:19,さらばの社長と喫煙所でよく会った #annkw
2022-01-16 02:21:18,狂犬お父さんは怖いぞーっちゅうえいは怖くないけど#annkw
2022-01-16 02:21:16,さらばの森田さんはタバコのイメージ強いね笑#annkw
2022-01-16 02:21:16,ちゅうえいさん吸ってんだ笑#annkw
2022-01-16 02:21:15,さらば森田さんのイメージ強い #annkw
2022-01-16 02:21:14,一発ギャグ考えてくる！（=タバコ吸ってくる） #annkw
2022-01-16 02:21:14,わかるわ〜若林さんの話笑笑 #annkw
2022-01-16 02:21:13,ちゅうえい　今　びっくりして、「ちゅえ⁉️ちゅえ⁉️ちゅえ⁉️」って叫んでるから。 #annkw
2022-01-16 02:21:11,水曜日に喫煙ルームで狂犬と会ってた #annkw
2022-01-16 02:21:11,紙🆚電子の小競り合い#annkw https://t.co/lGjshYJ0di
2022-01-16 02:21:10,森田さんはほんまのタバコ吸いwww #annkw
2022-01-16 02:21:10,ちゅうえいさんはダメだよww隠れてたばこだから #annkw
2022-01-16 02:21:10,森田ww #annkw
2022-01-16 02:21:09,ちゅうえいさん流れ弾が笑#annkw
2022-01-16 02:21:08,ちゅうえいは絶対バレてる。#annkw
2022-01-16 02:21:07,タバコ全く吸わない人間からすると、電子タバコも紙たばことは違う独特な臭いするんだけどね😅たしかに、服とかにはつきにくい気はするけど#annkw
2022-01-16 02:21:06,ホントに隠してるちゅうえいを密告するなよｗ #annkw
2022-01-16 02:21:04,タバコ吸ってるけど歩きタバコする奴は嫌いだなあと灰皿に空箱捨てる奴も同類#annkw
2022-01-16 02:21:04,特にジャ◯ーズとか #annkw
2022-01-16 02:21:02,水曜日 #スッキリ 終わり加藤浩次と #ヒルナンデス 前の若林正恭が喫煙所で邂逅する#annkw
2022-01-16 02:21:02,紙でも電子でもタバコは臭いよ笑by非喫煙者 #annkw
2022-01-16 02:20:59,どんどん言うじゃんw #annkw
2022-01-16 02:20:58,狂犬ww #annkw
2022-01-16 02:20:58,森田さん、森山さん、Rさんあたりは喫煙所の主っぽいよね#annkw
2022-01-16 02:20:58,ちゅうえい #annkw
2022-01-16 02:20:57,常連さらばの森田さん#annkw
2022-01-16 02:20:57,森田さん #annkw
2022-01-16 02:20:57,喫煙所にさらば森田さんいがち#annkw
2022-01-16 02:20:56,電子タバコと紙タバコの喫煙室分けて欲しい #annkw
2022-01-16 02:20:56,ちゅうえいw #annkw
2022-01-16 02:20:55,ちゅうえい、タバコをバラされるｗｗｗ #annkw
2022-01-16 02:20:55,アンガールズ◯根さんとか…#annkw
2022-01-16 02:20:54,ちゅうえいさんww#annkw
2022-01-16 02:20:54,あのとうもろこしみたいな匂いね #annkw
2022-01-16 02:20:52,電子タバコ吸ってて紙タバコの人が喫煙所に入ってきたら紙たばこ 吸うなよ！！ww#annkw
2022-01-16 02:20:50,電子タバコ　＜　紙タバコ！？そんなものかねｗｗｗ#annkw
2022-01-16 02:20:48,ちゅうえい！！ #annkw
2022-01-16 02:20:48,言っちゃダメ笑 #annkw
2022-01-16 02:20:48,隠れタバコか(^_^;) #annkw
2022-01-16 02:20:45,紙タバコも電子タバコもどっちも変わらんなwマジで#annkw
2022-01-16 02:20:44,iQOSと紙タバコの両吸いマンだけど、紙の方が美味いんだよなぁ…。#annkw
2022-01-16 02:20:42,お酒は良いけど、タバコは嫌い#annkw
2022-01-16 02:20:41,加藤さんヤバいのでは？笑#annkw
2022-01-16 02:20:40,喫煙所での紙たばこマウント #annkw
2022-01-16 02:20:40,名前出したらダメな人多そうですよね #annkw
2022-01-16 02:20:40,言っちゃってるじゃん😂#annkw
2022-01-16 02:20:39,タバコ吸わない人間には全然わからない話し。#annkw#周りはみんな吸ってるんですけどね#オードリー
2022-01-16 02:20:39,加藤さんはがっつり名前を出しちゃってるｗ #annkw
2022-01-16 02:20:39,紙と電子でそんな小競り合いがあるとは笑#annkw
2022-01-16 02:20:39,ガンガン名前出しちゃってるｗ#annkw
2022-01-16 02:20:38,森田社長に会った #annkw
2022-01-16 02:20:37,喫煙所でさらば森田さんに会う若さん😂喫煙所での森田さんは何かヤラシイ話ばっかしてそうだな😂#annkw
2022-01-16 02:20:37,歩きタバコはマジでくそ。#annkw
2022-01-16 02:20:35,紙VS電子 #annkw
2022-01-16 02:20:35,喫煙所で若林さんはさらば青春の光の森田さんとよく会う。 #annkw
2022-01-16 02:20:35,さらばの森田さんと会った#annkw
2022-01-16 02:20:34,加藤浩次さんは愛煙家とφ(．_．)ﾒﾓﾒﾓ#annkw
2022-01-16 02:20:33,山根さん、、笑#annkw
2022-01-16 02:20:33,名前出しちゃうw #annkw
2022-01-16 02:20:33,父親がタバコ吸ってるから臭いは大丈夫だけど、たまにいる歩きタバコはやめてほしい。横切る時舌打ちしちゃう笑#annkw
2022-01-16 02:20:32,喫煙所でよく遭遇したのはさらば森田だろうな笑#annkw紙たばこだけどね…森田さん
2022-01-16 02:20:32,水ダウの企画で喫煙することを決めたけど、すぐに再開した男。 #annkw https://t.co/UykB4TJQPk
2022-01-16 02:20:31,さらばの森田さんか(^_^;)(笑) #annkw
2022-01-16 02:20:30,喫煙所にて紙タバコVS電子タバコ電子「紙タバコ吸うなや臭い付くだろ」紙「電子かよ」吸わない人「どっちも辞めろや」w#annkw
2022-01-16 02:20:30,リトルシガーしか勝たんよ🚬 #annkw
2022-01-16 02:20:30,確かに吸ってない人からしたらどっちもやめろよって感じw #annkw
2022-01-16 02:20:27,ある意味同族嫌悪だなwww#annkw
2022-01-16 02:20:26,カスミンが正論だろww #annkw
2022-01-16 02:20:25,紙タバコ派電子タバコ派非喫煙者でそれぞれ言い分があるんだなw #annkw
2022-01-16 02:20:25,#annkw言ってもタバコじゃねーか笑笑
2022-01-16 02:20:23,(山根さんかな、、、) #annkw
2022-01-16 02:20:23,隠れて吸ってる人が誰かわからないから名前を出せないｗ #annkw
2022-01-16 02:20:22,これ大悟さんとしゃべって欲しいなぁ笑#annkw
2022-01-16 02:20:22,喫煙者小競り合いｗｗ #annkw
2022-01-16 02:20:22,その点森田さんはどこでもスパスパ吸ってるから安心ね #annkw
2022-01-16 02:20:21,加藤さんと毎回会うんだ#annkw
2022-01-16 02:20:20,意外と相容れないもんなんだな #annkw
2022-01-16 02:20:17,謎の電子タバコマウント#annkw
2022-01-16 02:20:16,森田さんは常に吸ってそう #annkw
2022-01-16 02:20:16,(‘ω’)紙タバコ吸うなや#annkw #オードリーANN
2022-01-16 02:20:15,紙タバコマウントw #annkw
2022-01-16 02:20:14,髪はマジで臭い。#annkw
2022-01-16 02:20:14,同じ愛煙家でも紙と電子で敵対してるのか… #annkw
2022-01-16 02:20:14,喫煙者は肩身狭くて大変だろうな〜と思ってたけど紙タバコはその中でも肩身狭いのか。笑#annkw
2022-01-16 02:20:13,そうだよ 電子も紙もどっちもタバコだし。電子タバコも結構臭いからね非喫煙者からすると。#annkw https://t.co/sLBHf1cDIf
2022-01-16 02:20:12,ある種同族嫌悪的なのは何であれあるんだな#annkw
2022-01-16 02:20:11,紙かよって、チラッて見るのか(^_^;)(笑) #annkw
2022-01-16 02:20:11,タバコはホントに撲滅してほしい#annkw
2022-01-16 02:20:10,紙派な俺(笑)#annkw
2022-01-16 02:20:10,自分もタバコ吸ってた時は電子タバコを弱小野郎に感じてた… #annkw
2022-01-16 02:20:09,非喫煙者のワイ「どっちでも健康に悪いでしょ😅」 #annkw
2022-01-16 02:20:08,森田さんねw#annkw
2022-01-16 02:20:08,森田さんはタバコのイメージ強いもんな笑 #annkw
2022-01-16 02:20:07,喫煙所に森田さんいがち#annkw
2022-01-16 02:20:07,紙タバコ吸うなよっ！ww#annkw
2022-01-16 02:20:06,めちゃくちゃわかる😂#annkw
2022-01-16 02:20:05,紙vs電子wwwwwwww #annkw
2022-01-16 02:20:03,森田社長とあったのか #annkw
2022-01-16 02:20:03,非喫煙者からしたらマジでどっちもどっちww#annkw
2022-01-16 02:20:02,紙タバコから電子タバコ、喫煙者内のご近所トラブル#annkw
2022-01-16 02:20:01,私iQOSの匂いの方が苦手 #annkw
2022-01-16 02:20:01,#annkw 電子はニオイが付きにくいのか。なるへそ。
2022-01-16 02:20:01,さらば森田さんとめっちゃ会うｗｗ #annkw
2022-01-16 02:19:59,森田さんw #annkw
2022-01-16 02:19:58,森田さんは吸うからなぁ〜(笑) #annkw
2022-01-16 02:19:57,さらば森田さんと会ったw #annkw
2022-01-16 02:19:54,さらば森田との遭遇率ｗ #annkw
2022-01-16 02:19:54,電子派の人ほど紙派の人いらう傾向あるという偏見持ってる#annkw
2022-01-16 02:19:52,タバコじゃねぇか笑#annkw
2022-01-16 02:19:52,紙タバコの人、ダサいマウントだなww #annkw
2022-01-16 02:19:49,そんなに臭い違うものなのか #annkw
2022-01-16 02:19:48,喫煙者同士のマウント #annkw
2022-01-16 02:19:47,iQOSの匂いめちゃくちゃ臭いイメージなんだけどな〜 #annkw
2022-01-16 02:19:45,紙マウント#annkw
2022-01-16 02:19:45,非喫煙者からしたらそうだよねw#annkw
2022-01-16 02:19:44,水面下で電子VS紙があるのか笑#annkw
2022-01-16 02:19:42,非喫煙者からするとどっちもどっち…よ？w  歩きタバコは論外だけどサー #annkw
2022-01-16 02:19:41,グリーンの喫煙室はは2人吸えるのか #annkw
2022-01-16 02:19:40,人のタバコの臭いは気になるらしいよね。#annkw
2022-01-16 02:19:39,何そのマウントw#annkw
2022-01-16 02:19:36,喫煙ルームひとりの車両もあるよね #annkw
2022-01-16 02:19:34,非喫煙者の人iQOSの方が臭いって言わない？笑 #annkw
2022-01-16 02:19:34,どっちもやめろよwwwwwwwww #annkw
2022-01-16 02:19:30,タバコ吸わなくなったら余計にタバコの煙とか臭いに敏感になったな#annkw
2022-01-16 02:19:29,いまだに歩きタバコする人いるよね #annkw
2022-01-16 02:19:28,僕は全くタバコ吸わない人ですけど、電子タバコ吸うなら紙タバコ吸えばいいのにって思ってたりします#annkw
2022-01-16 02:19:28,電子タバコ「（紙を）吸うなよ〜」ｗ #annkw
2022-01-16 02:19:26,マジでどっちもやめろなんだよなｗ #annkw
2022-01-16 02:19:25,電子でも臭いなと思う非喫煙者 #annkw
2022-01-16 02:19:24,喫煙者でも紙と電子で違いがあるんだ#annkw
2022-01-16 02:19:24,歩きタバコすんなよ( 'ω')  #annkw
2022-01-16 02:19:22,風味が違うから電子タバコへは変えない。パーラメントがあれば変えるけど。。#annkw
2022-01-16 02:19:21,めっちゃ紙吸ってるw#annkw
2022-01-16 02:19:20,加熱式タバコ吸ってる人は臭いがつかないってのを推すよね#annkw
2022-01-16 02:19:18,#annkwタバコの煙の匂いは嫌いだな
2022-01-16 02:19:15,吸わないからどっちもタバコじゃねえかと思うわ #annkw
2022-01-16 02:19:15,電子タバコはまずくて無理だった #annkw
2022-01-16 02:19:14,いやー電子タバコも別ベクトルで相当臭ぇよというのが吸わない人の意見よ #annkw
2022-01-16 02:19:14,紙マウントww #annkw
2022-01-16 02:19:13,昨日やめたからねの言い方がもう振りかぶってる言い方だもんw#annkw
2022-01-16 02:19:12,紙vs 加熱式、あるあるやなぁ…#annkw
2022-01-16 02:19:11,紙マウント #annkw
2022-01-16 02:19:11,紙巻き見るとそうなるのね #annkw
2022-01-16 02:19:10,じゃあ、紙タバコより葉巻が上なんだろうか？（笑） #annkw
2022-01-16 02:19:09,喫煙所なんか行列よね#annkw
2022-01-16 02:19:08,分かるわー！紙タバコ吸う人入ってきたらふざけんなよって本当に思うもん。とにかく臭いし匂いつくし最悪なのよ。#annkw
2022-01-16 02:19:08,歩きタバコはまじでイライラするな〜#annkw
2022-01-16 02:19:07,紙タバコ派のプライド吸わない側からしたらどっちもタバコ#annkw
2022-01-16 02:19:07,たしかに　電子タバコって気立のいい優等生感ってあるよね。 #annkw
2022-01-16 02:19:05,寝れないのでお邪魔します😮‍💨💧 #annkw
2022-01-16 02:19:05,電子タバコなら車の中で吸ってもイイでしょ？って人、割と居るから困る #annkw
2022-01-16 02:19:04,電子タバコ吸ってて紙タバコの人が喫煙所に入ってきたら(‘ω’)かみたばこすうなよ #annkw
2022-01-16 02:19:02,#annkw紙タバコ吸うなよ笑
2022-01-16 02:18:59,非喫煙者のワイ「どっちも煙草だろ！」#annkw
2022-01-16 02:18:59,歩きタバコは本当にやめてほしい #annkw
2022-01-16 02:18:59,#annkw　歩きたばこだけはダセェな！って言われても仕方がない。
2022-01-16 02:18:58,昔、風邪薬をフリスク感覚で飲むまくってたサトミツさんにドン引きしていた若さん。ドリエルかましまくってる松永さんにドン引きしてたRさんと一緒#annkw#cnann0
2022-01-16 02:18:58,紙タバコは吸わない人にはニオイが本当にキツいからね… #annkw
2022-01-16 02:18:56,タバコはまさに百害あって一利なしだからなぁ #annkw
2022-01-16 02:18:55,電子タバコを経由せずにタバコを止めたから電子タバコが分からんのよねぇ。#annkw
2022-01-16 02:18:51,うん、正論過ぎるわw&gt;どっちもタバコ#annkw
2022-01-16 02:18:46,どう考えたって電子よりは自然#annkw
2022-01-16 02:18:45,紙タバコw #annkw
2022-01-16 02:18:44,どっちも吸わないけど臭いは電子タバコの方がキライだわ #annkw
2022-01-16 02:18:44,歩きタバコすんなよ！ #annkw
2022-01-16 02:18:44,更に再分煙するかもな #annkw
2022-01-16 02:18:42,紙タバコ派vs電子タバコ派#annkw#オードリー #若林正恭 #春日俊彰
2022-01-16 02:18:41,たまに公園の中で歩きタバコしてる人みると背中に飛び蹴りしたくなります。チキンだからしないけど。#annkw
2022-01-16 02:18:39,まあ電子タバコは煙じゃないもんね #annkw
2022-01-16 02:18:39,(`L´└)言ってもタバコじゃねぇか #annkw
2022-01-16 02:18:38,両方とも何もナチュラルじゃないんだけどね。#annkw
2022-01-16 02:18:36,紙タバコマウントがあるのね #annkw
2022-01-16 02:18:35,コンビニにマスク買いに行った話。 #annkw
2022-01-16 02:18:34,紙 VS 電子 #annkw
2022-01-16 02:18:34,どっちもやめろよw#annkw
2022-01-16 02:18:33,前例のない津波警報の煽りを受けて #annkw が近年にない感じの構成になっている
2022-01-16 02:18:32,春日コンビニにマスク買いに行くww #annkw
2022-01-16 02:18:31,電子タバコはタバコもどきだと思ってる #annkw
2022-01-16 02:18:27,あーお前電子なんだ、俺紙だけどねｗ #annkw
2022-01-16 02:18:26,たばこ論争#annkw
2022-01-16 02:18:25,逆に電子タバコ臭くて無理だな🚬 #annkw
2022-01-16 02:18:23,紙マウント #annkw
2022-01-16 02:18:20,まぁ非喫煙者からすれば紙だろうと電子だろうと「タバコ吸うなや……」ってなるけれどもね #annkw
2022-01-16 02:18:20,紙マウントｗｗｗ #annkw
2022-01-16 02:18:20,電子タバコを吸うと紙タバコ吸うなと思う現象#annkw
2022-01-16 02:18:16,めちゃくちゃ狭くなってるのか #annkw
2022-01-16 02:18:15,そりゃ歩きタバコは論外でしょww#annkw
2022-01-16 02:18:14,レッツゴーiQOS #annkw
2022-01-16 02:18:13,条例で禁止されてるのに歩きタバコしてる奴は問答無用で殺していいことにならねえかな（過激派） #annkw
2022-01-16 02:18:11,歩きタバコね(^_^;) #annkw
2022-01-16 02:18:09,いやシンプルに電子タバコくせぇから紙 #annkw
2022-01-16 02:18:04,若「トロピカルメンソールで頭パァーとなった。これはストレス解消すぎるな」#annkw
2022-01-16 02:18:00,紙タバコは「天然物」的な感覚なのかねｗ#annkw
2022-01-16 02:17:59,歩きタバコはほんとにあり得ない#annkw
2022-01-16 02:17:59,歩きタバコ、ダメ絶対。#annkw
2022-01-16 02:17:57,電子タバコと紙タバコでも争いがあるのか #annkw
2022-01-16 02:17:54,ほんとそれ!電子タバコエリアと紙タバコエリア分けてほしい。#annkw
2022-01-16 02:17:52,野田氏然りやっぱ皆そういうアガりあるのかな#annkw
2022-01-16 02:17:52,これは終わってから出待ちブワーで大変だぞ…！と思って初ライブ途中にマスク買いに行った春日さんw #annkw
2022-01-16 02:17:52,電子タバコの人は紙タバコ嫌いなんだ！？ #annkw
2022-01-16 02:17:51,あの時の笑い声に感謝ですわ… #annkw
2022-01-16 02:17:50,歩きタバコすんなよ#annkw
2022-01-16 02:17:48,東洋一はパンチドランカーかよw #annkw
2022-01-16 02:17:47,トロピカルメンソール #annkw
2022-01-16 02:17:46,吸わない人間からしたらわからん世界だ #annkw
2022-01-16 02:17:45,電子タバコしてる時に紙タバコを吸ってくる人に対してめちゃくちゃキレがち。→天然物を吸っている紙タバコのストロングプライド #annkw
2022-01-16 02:17:45,歩きタバコはみんな思ってるよw #annkw
2022-01-16 02:17:42,紙タバコ好きvs電子タバコ好きw#annkw
2022-01-16 02:17:38,電子タバコ吸ってると紙タバコは確かにウザったいの分かる #annkw
2022-01-16 02:17:38,ナチュラルなものではまああるよねｗ #annkw
2022-01-16 02:17:38,若さんに早く禁煙してほしいと思っていた一人なのでどうかこのまま継続してほしい #annkw
2022-01-16 02:17:37,めちゃくちゃ分かる#annkw
2022-01-16 02:17:36,顔バレされないようにマスクを買いに行くw#annkw
2022-01-16 02:17:25,電子タバコ派→紙タバコ派紙吸うなよと思うｗｗ #annkw
2022-01-16 02:17:25,トロピカルメンソール(笑)#annkw
2022-01-16 02:17:24,トロピカルメンソール飽きるんだよな #annkw
2022-01-16 02:17:23,自意識過剰w😂#annkw
2022-01-16 02:17:21,若さんの言うことめっちゃわかる＃annkw
2022-01-16 02:17:20,でた、マスクの話www #annkw
2022-01-16 02:17:20,"----商品価格:6,298円----✨本日のトレンド✨#マーベルヒーローの日キャンペーンアラート東日本大震災#annkw津波到達お得な商品をチェック✅気になる評判は？おすすめ？「b18」 ダウンパンツ Naturehike アウトドア 防寒 防水 軽量 コンパクト … [楽天] https://t.co/E1Hpt8NXzB #rakuafl https://t.co/6gemEGgrlF"
2022-01-16 02:17:20,あの時笑った皆ありがとうなお陰で楽しくラジオ聴けてるから#annkw
2022-01-16 02:17:19,#annkw初めてだと経験がないからね笑
2022-01-16 02:17:19,どんな感覚なのか正直ちょっと気になるな #annkw
2022-01-16 02:17:16,売れちゃうと思って変装した話大好き #annkw
2022-01-16 02:17:13,夜中だし不安が増しますよね…皆様どうぞお気をつけて… まだ起きてる受験生の方は少しでもリラックスできますように #annkw 禁煙話まだ続いてた笑
2022-01-16 02:17:09,めっっっっっちゃわかる。 #annkw
2022-01-16 02:17:09,若ちゃんのタバコの話を聞きながら吸うタバコはギルティだね#annkw
2022-01-16 02:17:04,初めて客を笑わせいるわけない出待ち対策にマスクを買う春日#annkw
2022-01-16 02:17:03,マスク買いにいった話好き笑#annkw
2022-01-16 02:17:00,"----商品価格:6,298円----✨本日のトレンド✨東日本大震災#annkw津波到達奄美大島神奈川県お得な商品をチェック✅気になる評判は？おすすめ？「b18」 ダウンパンツ Naturehike アウトドア 防寒 防水 軽量 コンパクト 保温 キャンプ 室内 ウォー… [楽天] https://t.co/kFZufwWvmo #rakuafl https://t.co/6kUarm90R5"
2022-01-16 02:16:58,ウケてなかった #annkw https://t.co/c8DYDZwtEg
2022-01-16 02:16:57,オーバードーズ喫煙ラジオなんて、とても2022年とは思えんなww#annkw
2022-01-16 02:16:55,春日のピアニッシモ #annkw
2022-01-16 02:16:55,この話も大好き#annkw
2022-01-16 02:16:54,飛ぶ薬は劇場にあると #annkw
2022-01-16 02:16:53,葉巻の方がいいのかなぁby若林正恭 #annkw
2022-01-16 02:16:52,若さん、シガーバー行ってたもんなぁ…#annkw
2022-01-16 02:16:47,その時笑ってくれた人たちありがとう #annkw
2022-01-16 02:16:41,マスク買いに行ったw#annkw
2022-01-16 02:16:41,最初はトロメンだったのか #annkw
2022-01-16 02:16:40,トロピカルメンソールは吸い殻がクサいんだよなぁ#annkw
2022-01-16 02:16:40,#annkw
2022-01-16 02:16:38,今日は若林さんとか春日さんじゃなくてオードリーのフリートークって感じかな？#annkw
2022-01-16 02:16:34,若ちゃんに葉巻なんて正直似合わないよw#annkw
2022-01-16 02:16:30,コンビニにマスク買いに行ったの(´⊙ω⊙`)⁈(笑) #annkw
2022-01-16 02:16:29,知らない快感 #annkw
2022-01-16 02:16:25,トロピカル風邪薬と📝 #annkw
2022-01-16 02:16:25,トークゾーン延長助かる #annkw
2022-01-16 02:16:24,トロピカルメンソール吸って頭がパーンってなった若林さん #annkw https://t.co/hdhh7eyFcV
2022-01-16 02:16:24,売れちゃう！って思った話大好き#annkw
2022-01-16 02:16:23,早々に変装した話好き #annkw
2022-01-16 02:16:21,トロピカルメンソール#annkw
2022-01-16 02:16:18,iQOSのオレンジか#annkw
2022-01-16 02:16:15,テレビのキー局が全て津波情報に切り替わってしまった中でオードリーのANNが聴こえるのはいいね。(祖母がラジオつけっぱなし) #annkw
2022-01-16 02:16:15,(｀L´└) &lt;あ、ネタ書かない方だったナー　何も浮かばないナーじゃ、ないんだよ！www #annkw
2022-01-16 02:16:12,#annkw　粗品さんも葉巻吸うね。
2022-01-16 02:16:12,トリピカルメンソールwww #annkw
2022-01-16 02:16:10,マスク買いに行った話好きｗ #annkw
2022-01-16 02:16:08,若様トークゾーン再開 #annkw
2022-01-16 02:16:07,気が早いよ春日さん笑#annkw
2022-01-16 02:16:05,春日さんのなるへそって相槌結構すき。#annkw
2022-01-16 02:16:05,あたりき #annkw
2022-01-16 02:16:00,おいでおいで#annkw
2022-01-16 02:16:00,出待ち対策にマスク買いに行ったw #annkw
2022-01-16 02:15:59,そもそも葉巻は肺に入れないしな〜 #annkw
2022-01-16 02:15:59,頭にお花畑笑もはや麻薬じゃん笑#annkw
2022-01-16 02:15:59,売れちゃう！って思った話ねｗｗｗ #annkw
2022-01-16 02:15:58,感動は最初だけ、あとは惰性なるほど#annkw
2022-01-16 02:15:55,葉巻、プレゼントされた。#annkw
2022-01-16 02:15:53,春日が吸ってたタバコ   ピンクと縁ありますなww#annkw https://t.co/0BXB4zK3BB
2022-01-16 02:15:52,めっちゃ久しぶりに聴いてる！ #annkw
2022-01-16 02:15:51,あぶない薬じゃんｗ #annkw
2022-01-16 02:15:49,この時間にフリートークかw #annkw
2022-01-16 02:15:46,トロピカルメンソール #annkw
2022-01-16 02:15:46,この話も古典だな #annkw
2022-01-16 02:15:45,やっぱり短かったのでトーク延長！#annkw
2022-01-16 02:15:44,カッコイイと思うからタバコ吸ってたとかダサいなw#annkw
2022-01-16 02:15:43,出たその話 #annkw
2022-01-16 02:15:41,トロピカルメンソール #annkw
2022-01-16 02:15:39,モテないし喉痛くてタバコやめたカスミン #annkw
2022-01-16 02:15:38,脳内麻薬ってやつだよな〜わかるな～#annkw
2022-01-16 02:15:38,トロピカルメンソール吸ったら頭がパァーーッ(‘ω’) #annkw
2022-01-16 02:15:38,新しい刺激だからか〜なるほどね〜 #annkw
2022-01-16 02:15:36,ストレス解消過ぎるな、か(・・;) #annkw
2022-01-16 02:15:35,トロピカルメンソール のアブなさを帯びた 快方感。 #annkw https://t.co/X7lcGzJsFg
2022-01-16 02:15:34,もう少し喋ってくれ #annkw
2022-01-16 02:15:32,モテないし、喉痛いから。ww#annkw
2022-01-16 02:15:30,頭がパーン #annkw
2022-01-16 02:15:29,葉巻w #annkw
2022-01-16 02:15:28,津波や地震の緊急速報にまで文句言う人間には成り下がりたくないわ。#annkw
2022-01-16 02:15:27,もうちょっと喋ってくれと言われてしまったw #annkw
2022-01-16 02:15:23,さすがにもうちょっと喋ってくれww続きや！ #annkw
2022-01-16 02:15:21,葉巻吸ってモヒート飲みながらキューバンジャズ聴いていた若さま#annkw
2022-01-16 02:15:20,出た若様の葉巻吸いの話www #annkw
2022-01-16 02:15:20,😥😥♩🎻🎺🕊#Biblia #Jesus#RicardoClaurePeñaloza#SinfoniasCelestiales#Profecias #34añosDeHistoria#SalvarElAlmaHastaDelUltimoHombre @RicardoClaureP #annkw沿岸部の方 地域の方 自然災害Germany Google Taylor Hong KongLukaku Chelsea Tuchel Xhaka #Argentina https://t.co/PMCc0nfMJA
2022-01-16 02:15:18,#annkw 葉巻は口の中でくゆらせるから、肺には入れないからね。
2022-01-16 02:15:15,若ちゃんトークゾーン再開とかあるんだw#annkw
2022-01-16 02:15:15,若様トークゾーン延長笑笑 #annkw
2022-01-16 02:15:14,トロピカルメンソールwマリf(ry#annkw
2022-01-16 02:15:14,春日のピアニッシモはマジでパワーワードすぎて笑笑 #annkw
2022-01-16 02:15:14,あの〜流石にもうちょっと話してくれって( 'ω') 笑 #annkw
2022-01-16 02:15:14,#annkw
2022-01-16 02:15:13,トロピカルメンソールは新しい刺激だったけど続かなかった（慣れ） #annkw
2022-01-16 02:15:13,トロピカルメンソール？ラークかな？ #annkw
2022-01-16 02:15:13,続きあるのかい🤣#annkw
2022-01-16 02:15:12,全種買うの何よ#annkw
2022-01-16 02:15:12,若さま再度トークきょうは大変だけどしょうがないですね#annkw
2022-01-16 02:15:08,春日さんのピアニッシモの話が面白くてww#annkw
2022-01-16 02:15:08,トークゾーン延長ww #annkw
2022-01-16 02:15:07,カスミン トークゾーンスタァ〜ツ‼️かと思いきや若ちゃんトークゾーンの延長戦でした。#オードリー #オードリー若林 #若林正恭 #若林 #若様 #若様かわいい #annkw https://t.co/Wa9pcNVZMp
2022-01-16 02:15:07,葉巻wwwwwwwwwww #annkw
2022-01-16 02:15:07,葉巻は時間と場所がなー #annkw
2022-01-16 02:15:06,フリートークおかわりw #annkw
2022-01-16 02:15:06,トロピカルメンソール吸ってたの若様？！#annkw
2022-01-16 02:15:05,オードリーのタバコトークめっちゃ好きw #annkw
2022-01-16 02:15:02,モテないしのど痛いからタバコやめるって聴いたことないよww #annkw
2022-01-16 02:15:01,若様トークゾーン#2#annkw
2022-01-16 02:15:01,でかい仕事の後は葉巻#annkw
2022-01-16 02:14:59,流石にもうちょっと喋ってくれ(´^ω^｀)ﾜﾛﾁ #annkw
2022-01-16 02:14:57,これはダメだな #annkw
2022-01-16 02:14:56,ひさしぶりにリアタイしてたら、ラジオっぽいときに… #annkw
2022-01-16 02:14:54,ネタ書かないからタバコやーめよ笑#annkw
2022-01-16 02:14:54,葉巻の若林、ピアニッシモの春日 #annkw
2022-01-16 02:14:54,おかわりピアニッシモ#annkw
2022-01-16 02:14:53,レギュラーバチくそ不味かった #annkw
2022-01-16 02:14:53,#annkw
2022-01-16 02:14:53,いやまじ春日のピアニッシモはだいぶおもろかったよ笑 #annkw
2022-01-16 02:14:52,春日のピアニッシモ想像しただけで腹痛いw #annkw
2022-01-16 02:14:51,あら、もうちょい話すのね#annkw
2022-01-16 02:14:51,珍しいパターンw #annkw
2022-01-16 02:14:51,ネタ書かない方だったなー笑 #annkw
2022-01-16 02:14:51,トークゾーンの延長初めて聞いた #annkw
2022-01-16 02:14:50,電子タバコ知らないからほぼ全ての銘柄を買って写真撮って水Dに送るｗｗｗ #annkw
2022-01-16 02:14:50,若ちゃんトーク続き〜！やった〜！ #annkw
2022-01-16 02:14:49,#annkwさすがにもうちょっと喋ってくれ笑笑
2022-01-16 02:14:48,だよねｗｗｗ「さすがにもう少ししゃべってくれ」#annkw
2022-01-16 02:14:48,延長戦 #annkw
2022-01-16 02:14:46,また難しい舵取りに #annkw
2022-01-16 02:14:46,ネタ書かないからタバコやめようは笑う#annkw
2022-01-16 02:14:45,大きい仕事前は葉巻 #annkw
2022-01-16 02:14:44,もうちょっと喋ってくれwww#annkw
2022-01-16 02:14:44,@tos 「流石にもうちょっと喋ってくれ」という指示で、春日さんがピアニッシモ吸ってた話の続きw#annkw
2022-01-16 02:14:44,まさかの若ちゃんのトーク二部構成ww#annkw
2022-01-16 02:14:44,さすがにもう少し話してくれw #annkw
2022-01-16 02:14:42,トロピカルメンソール？ #annkw
2022-01-16 02:14:41,トークゾーンの続き#annkw
2022-01-16 02:14:41,ネタ書かない方だったからやめよw #annkw
2022-01-16 02:14:41,#annkw
2022-01-16 02:14:41,ミスった、若林さんのトークゾーンの続きです #annkw
2022-01-16 02:14:40,ネタ書かない方なのでネタ浮かばなくてタバコで気分転換なんてことをしなくていいからやめた説#annkw
2022-01-16 02:14:39,流石にもうちょっと話してくれは草#annkw
2022-01-16 02:14:38,やっぱりオードリーすげぇ #annkw
2022-01-16 02:14:38,若様トークゾーン延長戦w#annkw
2022-01-16 02:14:38,おかわりタバコトーク!#annkw
2022-01-16 02:14:37,春日のピアニッシモ笑笑#annkw
2022-01-16 02:14:35,「俺ネタ考えないしな〜」で禁煙するネタ受け取り師wなんで吸ってたんだよw #annkw
2022-01-16 02:14:35,禁煙トークの続き！もっと聞きたかったからありがたい#annkw
2022-01-16 02:14:35,たまに葉巻を吸ってたのか^ ^ #annkw
2022-01-16 02:14:34,流石にもっと話してくれって言われるの珍しすぎるなぁそれぐらいイレギュラーか今宵は#annkw
2022-01-16 02:14:34,春日のピアニシモ笑笑#annkw
2022-01-16 02:14:33,"----商品価格:6,680円----✨本日のトレンド✨#鹿楓堂よついろ日和#マーベルヒーローの日キャンペーンアラート東日本大震災#annkwお得な商品をチェック✅気になる評判は？おすすめ？「b54」 SUQQU スック シグニチャー カラー アイズ #03 光暮 HI… [楽天] https://t.co/KsSGtuhA0l #rakuafl https://t.co/WMJr1icwca"
2022-01-16 02:14:32,トークゾーンの続き#annkw
2022-01-16 02:14:32,若ちゃんトーク再開！！#annkw
2022-01-16 02:14:31,でしょーね😂#annkw
2022-01-16 02:14:31,延長戦w#annkw
2022-01-16 02:14:30,若さんアディショナルタイム！w #annkw
2022-01-16 02:14:30,若林さんトークゾーン延長w#annkw
2022-01-16 02:14:30,#annkw　トーク再開っ！
2022-01-16 02:14:29,春日さんピアニッシモでモテてたらおもしろいけど🤣痛えしモテねえしw #annkw
2022-01-16 02:14:29,延長戦来るんかい！wやったぜ#annkw
2022-01-16 02:14:28,流石にもうちょっとかw #annkw
2022-01-16 02:14:27,若林さんのトークの続きというなかなかレアなパターン(^O^)#annkw
2022-01-16 02:14:27,イレギュラーな展開#annkw
2022-01-16 02:14:26,勝負どきの仕事 や プライベートではタバコをしっかり吸っていた。 #annkw
2022-01-16 02:14:26,続き話すのか #annkw
2022-01-16 02:14:26,春日のピアニッシモ続くのか笑 #annkw
2022-01-16 02:14:25,あれこれはカスキンのトークないようなw #annkw
2022-01-16 02:14:23,ネタ書かないからストレス貯まらないじゃないんだよ😂#annkw
2022-01-16 02:14:23,モテないし、喉痛いから(^_^;)(笑) #annkw
2022-01-16 02:14:21,トーク再開！！！#annkw
2022-01-16 02:14:18,仕切り直しのオ〜ルナイ〜トニッポ〜ン〜♪#annkw
2022-01-16 02:14:18,若林さんゾーンの続きとか珍しい展開#annkw
2022-01-16 02:14:17,さすがにもうちょっと喋ってくれと言われる若ちゃんww#annkw #radiko
2022-01-16 02:14:17,ビシッと決めたはずなんだけどなぁwww #annkw
2022-01-16 02:14:15,流石にもうちょい若様トーク #annkw
2022-01-16 02:14:14,葉巻。#annkw https://t.co/5r8qRuBuZk
2022-01-16 02:14:14,春日のピアニッシモ #annkw
2022-01-16 02:14:13,「さすがにもうちょっと喋ってくれ」 #annkw
2022-01-16 02:14:12,さすがにもうちょっと笑 #annkw
2022-01-16 02:14:12,おっと、若様の続き！#annkw
2022-01-16 02:14:12,「流石にもうちょっと喋ってくれ」#annkw#オードリー #若林正恭 #春日俊彰
2022-01-16 02:14:12,草#annkw
2022-01-16 02:14:12,まぁ確かに足りなかったなw #annkw
2022-01-16 02:14:12,春日「よしよしよし！私のトークゾーンが短くなっていくぞぉ！よーしよし！」 #annkw
2022-01-16 02:14:11,引き続き若林さんトークゾーン！#annkw
2022-01-16 02:14:10,カスキンだけじゃ不安#annkw
2022-01-16 02:14:10,若様トーク延長w #annkw
2022-01-16 02:14:09,#annkw　１１年前の津波の被害を忘れたかのようなコメントがチラチラ見受けるな・・・舐めちゃだめよ、津波だけは。
2022-01-16 02:14:09,若林さんトーク追加#annkw https://t.co/GL1XEpSOXz
2022-01-16 02:14:09,さすがにもうちょっと喋ってくれ笑#annkw
2022-01-16 02:14:08,今日は『オードリーのトークゾーン』になりそうだね。#annkw
2022-01-16 02:14:08,もうちょっと喋る #annkw
2022-01-16 02:14:07,ごめんなさい眠いから寝ます、、😪🙏 #annkw
2022-01-16 02:14:06,若林さんトーク延長戦！#annkw
2022-01-16 02:14:06,若林さんトークゾーン継続#annkw
2022-01-16 02:14:05,さすがにもうちょっと、喋ってくれ ww#annkw
2022-01-16 02:14:05,若様、怒られるww#annkw
2022-01-16 02:14:05,ネタ書かない方だったなww #annkw
2022-01-16 02:14:05,もうちょっと喋ってくれ笑 #annkw
2022-01-16 02:14:04,タバコを止めた理由がのどが痛いからかw#annkw
2022-01-16 02:14:03,#annkw #オードリーANN 若林さんのトークゾーン延長戦、スターーツ！
2022-01-16 02:14:03,流石に…ということで津波情報明けに若トークゾーン継続という珍しい構成 #annkw
2022-01-16 02:14:03,若様の続きや #annkw
2022-01-16 02:14:03,若様トークゾーン続行 #annkw
2022-01-16 02:14:02,さすがにもうちょっと喋ってくれwwwwwwwww #annkw
2022-01-16 02:14:01,若さん再開 #annkw
2022-01-16 02:14:00,(‘ω’)のゾーン続き #annkw
2022-01-16 02:14:00,ピアニッシモ吸っても　良いこと浮かばねぇなぁ。辞めよっか‼️ #annkw
2022-01-16 02:14:00,春日のピアニッシモめちゃくちゃ好きｗｗｗ #annkw
2022-01-16 02:14:00,若林さんトークゾーン延長w#annkw
2022-01-16 02:13:59,若様トークゾーン継続！ #annkw
2022-01-16 02:13:57,逃げれなかったｗｗｗ　#annkw
2022-01-16 02:13:56,流石にもうちょっと喋ってくれ #annkw
2022-01-16 02:13:56,ネタ書かない方だったな〜、やめよ。笑#annkw
2022-01-16 02:13:55,今日はちょっとイレギュラーな放送だぁ #annkw
2022-01-16 02:13:55,〜続〜 ピアニッシモ #annkw
2022-01-16 02:13:55,タバコトーク続編 #annkw
2022-01-16 02:13:55,さすがに禁煙トークの続き☝️ぼたもちの英断かな？#annkw
2022-01-16 02:13:54,カスキンじゃ余すもんね笑#annkw
2022-01-16 02:13:54,若ちゃんの続き笑#annkw
2022-01-16 02:13:53,モテないのと喉痛いのでタバコを辞めた春日さん#annkw
2022-01-16 02:13:53,トークの続き笑笑#annkw
2022-01-16 02:13:53,逆に春日さんのトークないパターン? #annkw
2022-01-16 02:13:52,鹿児島半年後オードリー1秒もしてない。今日はお休みだね。 #annkw
2022-01-16 02:13:51,費用対効果#annkw
2022-01-16 02:13:50,#annkw若林さんのトークゾーン②。
2022-01-16 02:13:49,若ちゃん今から喋ったら、カスミンのトークゾーンなくなるぞwこの後何があるか分からないんだから#annkw
2022-01-16 02:13:49,流石にもうちょっとねｗ#annkw
2022-01-16 02:13:48,ネタ浮かばなくて気分転換もしなくていいしね( ‘ω’)(`L´└)そこまで考えてない #annkw
2022-01-16 02:13:47,色々とイレギュラー回#annkw
2022-01-16 02:13:47,引き続き、若ちゃんのトークゾーン #annkw
2022-01-16 02:13:47,あー、ネタ書かないほうだったなあ笑笑 #annkw
2022-01-16 02:13:46,さすがにもう少し話せって言われたww#annkw
2022-01-16 02:13:46,チャンサカにも言ってやってよ #annkw
2022-01-16 02:13:45,若林トークゾーン継続w#annkw
2022-01-16 02:13:44,お、若ちゃんの続き♪ #annkw
2022-01-16 02:13:44,まさかの若林さんゾーン延長戦 #annkw
2022-01-16 02:13:43,なんか聞いたことあると思ったらスパイダーマンか#annkw
2022-01-16 02:13:43,春日に学べっ!#annkw
2022-01-16 02:13:42,いてえしモテねえしｗ#annkw
2022-01-16 02:13:41,#annkw若ちゃんのトークゾーン続きです( ＾ω＾ )
2022-01-16 02:13:40,若様のトークゾーンは切り上げるには早いとスタッフから言われるwww #annkw
2022-01-16 02:13:39,若様トーク延長#annkw
2022-01-16 02:13:39,若林さんのトークゾーンの続き #annkw
2022-01-16 02:13:37,若林さんのトークゾーン延長 #annkw
2022-01-16 02:13:37,おっ若林さんのトークゾーンのアディショナルタイムだ(笑)(笑)#annkw
2022-01-16 02:13:37,若様トークゾーン、２回目！#annkw https://t.co/UWOkrgFmpC
2022-01-16 02:13:36,さすがにもうちょっと喋ってくれ #annkw
2022-01-16 02:13:35,さすがにスタッフに注意されたww #annkw
2022-01-16 02:13:35,ちゃんと適切に津波情報流してくれてありがとうございます #annkw
2022-01-16 02:13:35,春日のピアニッシモがあまりにも面白く延長#annkw
2022-01-16 02:13:35,トークゾーン延長#annkw
2022-01-16 02:13:34,気象庁の会見バカにしてる人は津波であんなに地獄を見た国なのにもう忘れたんか🙄#annkw
2022-01-16 02:13:34,続き #annkw
2022-01-16 02:13:34,春日を感じろ！#annkw
2022-01-16 02:13:32,「流石にもうちょっと喋ってくれ」w #annkw
2022-01-16 02:13:31,会見に合わせて若林さんのトークをいつもより短く切り上げたのかな、あまり違和感ないし流石だな#annkw
2022-01-16 02:13:31,｢もうちょっと喋ってくれ｣って言われるのか笑#annkw
2022-01-16 02:13:30,絶妙な時間調整だったけどね #annkw
2022-01-16 02:13:30,変則すぎるでしょ #annkw
2022-01-16 02:13:29,普段ならカスミンのトークゾーンですが、若林さんがもう少し話していきます！#annkw
2022-01-16 02:13:29,「流石にもうちょっと喋ってくれ」#annkw
2022-01-16 02:13:28,さすがに短すぎたのね#annkw
2022-01-16 02:13:27,放送上は楽しくしてるけど裏ではバタバタなのが伝わるな若林ゾーン継続w#annkw
2022-01-16 02:13:27,春日さんトークゾーン！にならず #annkw
2022-01-16 02:13:26,続き！#annkw
2022-01-16 02:13:25,まだ喋れと言われたので春日に学べ！笑#annkw https://t.co/ssCRzcXxIO
2022-01-16 02:13:25,若様トークゾーン延長！ #annkw
2022-01-16 02:13:25,若様アディショナルタイム#annkw
2022-01-16 02:13:25,もう少し喋ってくれか^ ^ #annkw
2022-01-16 02:13:24,フリートーク続編とかあるのねw#annkw
2022-01-16 02:13:24,流石にもうちょっと喋ってくれ笑#annkw
2022-01-16 02:13:23,まさかの若林さんトークゾーン継続。笑#annkw
2022-01-16 02:13:23,さすがにもうちょっと喋ってくれ、wwwwwwwwwwww #annkw
2022-01-16 02:13:22,流石にもうちょっと喋ってくれwww #annkw
2022-01-16 02:13:22,若林フリートーク続き#annkw
2022-01-16 02:13:22,まだ若林さんのトークゾーンw#annkw
2022-01-16 02:13:22,わー！オードリーちゃんANN合間にRosy流れてる(*´艸`*)#annkw#SixTONESANN
2022-01-16 02:13:21,また若ちゃんトークゾーンスターツ！！ #annkw https://t.co/nu8mDdMWR2
2022-01-16 02:13:20,若様トークゾーンおかわりw#annkw
2022-01-16 02:13:20,#annkw #オードリーANN 『オードリーのオールナイトニッポン』この時間はサミー日本FP協会がお送りしています（ショウアップナイターの提クレ風）
2022-01-16 02:13:20,続き嬉しいな😌#annkw
2022-01-16 02:13:20,禁煙話続行 #annkw
2022-01-16 02:13:19,続くんかいw#annkw
2022-01-16 02:13:19,若様トーク続き#annkw
2022-01-16 02:13:17,春日のピアニッシモ #annkw
2022-01-16 02:13:16,会見してるんだからハキハキ喋ろうや#annkw
2022-01-16 02:13:15,若林さんのトークゾーンの続き#annkw
2022-01-16 02:13:15,急なRosy！！#annkw #SixTONESANN
2022-01-16 02:13:15,wwww #annkw
2022-01-16 02:13:14,若林さんトークゾーンパート2！ #annkw
2022-01-16 02:13:13,付け焼き刃｢もう少し喋ってくれ｣ #annkw
2022-01-16 02:13:13,(‘ω’)トークゾーン延長戦#annkw
2022-01-16 02:13:12,春日を感じろ！#annkw
2022-01-16 02:13:11,最近、感じろバージョン少ないな #annkw
2022-01-16 02:13:10,流石にもうちょっとしゃべってくれw #annkw
2022-01-16 02:13:10,タバコの話の続きをしろってかw#annkw
2022-01-16 02:13:09,お後がよろしくなかったのでもうちょいしゃべれは草#annkw
2022-01-16 02:13:09,若様トークゾーン継続！#annkw
2022-01-16 02:13:03,引き続き若林さんのトークゾーン！ #annkw
2022-01-16 02:13:03,津波注意報きちんと機能してたからよかった #annkw
2022-01-16 02:13:02,えっ⁉️ 若様　おかわりですかw#annkw https://t.co/YuiZZChLO5
2022-01-16 02:13:02,( 'ω')さすがにもうちょっと話してくれって #annkw
2022-01-16 02:13:02,若林さんトークゾーン、あまりに短かったので再開ｗｗｗ #annkw
2022-01-16 02:13:02,さすがに話せって言われた笑笑 #annkw
2022-01-16 02:13:02,トークゾーン続きがあるのねｗ #annkw
2022-01-16 02:13:02,さすがにもうちょっと話してくれw #annkw
2022-01-16 02:13:02,カスミントークゾーン！ #annkw https://t.co/plFb0J1NEf
2022-01-16 02:13:01,再開#annkw
2022-01-16 02:13:01,流石にもう少し喋ってくれw#annkw
2022-01-16 02:12:59,春日さんトークゾーンスターツ！！ #annkw
2022-01-16 02:12:57,地震や台風でニュース挟まることはあったけど、せいぜい冒頭1回放送中に1回程度だったし…それだけ非常事態なんだろうな。#annkw https://t.co/pEyTXGuCLf
2022-01-16 02:12:56,さすがにもうちょっと喋ってくれ笑 #annkw
2022-01-16 02:12:55,延長戦の若様トーク #annkw
2022-01-16 02:12:55,若林トークゾーン 延長 #annkw
2022-01-16 02:12:54,あれ？ジングル同じ？？#annkw
2022-01-16 02:12:52,Rosy流して頂けた…😭ゆごくん聞いてるよね？😭#annkw
2022-01-16 02:12:51,流石にもうちょっと喋ってくれｗｗｗ #annkw
2022-01-16 02:12:51,あれ！Rosy！！！ありがとうございます🙇‍♀️#annkw
2022-01-16 02:12:50,#annkw  春日に学べ！
2022-01-16 02:12:47,ほんと噴火もそうだが深夜の津波は怖いわね#annkw
2022-01-16 02:12:46,Rosyかけて下さってる〜❤️‍🔥❤️‍🔥❤️‍🔥 #annkw
2022-01-16 02:12:45,SixTONES Rozy🎶 #annkw
2022-01-16 02:12:42,春日に学べ！！#annkw
2022-01-16 02:12:41,オードリーさんの合間にRosy🕷🕸#annkw
2022-01-16 02:12:39,春日さんトークゾーン。 #annkw
2022-01-16 02:12:38,かすみん先輩のトークすたぁーーーーつ‼️ #annkw
2022-01-16 02:12:38,若さんの時間調整、プロなんよ。わりかし海に近いとこに住んでるから心配だ。#annkw
2022-01-16 02:12:36,これ春日さんトークゾーン短くせざるを得ない状況になって案外喜んでるんじゃ❓#annkw
2022-01-16 02:12:35,感じろ！！ #annkw
2022-01-16 02:12:34,SixTONESさんの曲初めて聴いたけど好きやわ〜 #annkw
2022-01-16 02:12:33,眠れなくて聴いてたらSixTONESだ😭 #annkw
2022-01-16 02:12:33,津波情報、ありがとうございました。 #annkw
2022-01-16 02:12:32,おっと #SixTONES_Rosy#annkw
2022-01-16 02:12:32,Rosy#annkw
2022-01-16 02:12:32,#annkw Rosyありがとう🙏🙏🙏🙏🙏
2022-01-16 02:12:30,おお！Rosy #annkw
2022-01-16 02:12:30,未だにトゥースで爆笑してしまう #annkw
2022-01-16 02:12:30,Rosy！ #annkw
2022-01-16 02:12:30,Rosy 流れた〜！#annkw
2022-01-16 02:12:28,この時間に流れるSixTONES楽曲が全部カッコいいのを僕は知っている#annkw
2022-01-16 02:12:28,ろーしー #annkw
2022-01-16 02:12:26,Rosy / SixTONES #annkw#SixTONESANN
2022-01-16 02:12:26,Rosy〜！#annkw
2022-01-16 02:12:22,大事な情報だけ流して、通常にすぐ戻せるのもラジオの良さ。番組の途中で中断して、情報入れて、番組に戻せるのもラジオの良さ。#annkw
2022-01-16 02:12:16,SixTONES！#annkw
2022-01-16 02:12:15,文句言ってる奴を叩くヤツも同じなんだよなー笑笑#annkw
2022-01-16 02:12:14,Rosy / SixTONES　OA🥀うれしい〜🥲❣️ #annkw
2022-01-16 02:12:14,Rosy♪ #annkw
2022-01-16 02:12:11,おおーRosy #annkw
2022-01-16 02:12:09,『Rosy』 #annkw
2022-01-16 02:12:08,ストだ。 #annkw
2022-01-16 02:12:08,ロージー！！ #annkw
2022-01-16 02:12:01,Rosyやん！🤙 #annkw
2022-01-16 02:12:00,うお！！！！この時間にROSYは寝れん！！！！#annkw #SixTONESANN
